f0,f1,f2,f3,f4,f5,f6,f7,f8,f9,label
47.67407176744623,34.41235640224727,23.356934488911303,6.107220636658764,175.49098683925456,1.4616540620956724,1.2645993455873277,1.0917464100715877,0.9891863953694925,2.5808276239215178,THUMBS_UP
47.94826246649398,33.39471802842984,21.7207302733955,4.327689412394713,176.20793488631583,1.4393925528268454,1.2355726684028865,1.063719850369108,0.9615963990376534,2.551655135731837,THUMBS_UP
48.40100800924674,33.7176350408162,21.99963068576544,4.239820958917114,176.1658659866825,1.441761834522545,1.233974518893826,1.0582484955095521,0.9528951505196273,2.543383802963058,THUMBS_UP
45.55531966863721,33.16759484807868,21.744994760891025,3.1544555721230227,174.6445294171284,1.4169502354132968,1.208048383862174,1.0391611128850926,0.9408204512746641,2.5048916894698805,THUMBS_UP
45.34409809470254,33.289099285447165,21.63186944377982,2.9624668045109743,174.82371084157253,1.4067747488970073,1.2005764327484518,1.0324644180166824,0.9358758711883155,2.5036708913472947,THUMBS_UP
44.061651349358456,32.21624705863829,20.898228639580125,0.2781887490947397,173.92933835969205,1.404519118197609,1.2015630851780328,1.035447006566019,0.9390738938557304,2.520985978845406,THUMBS_UP
43.504744353636674,32.26218388088141,20.164935528067943,1.2096554487945603,175.8239441316449,1.4019014553821392,1.1867238239229307,1.0240334714604062,0.9321091119534468,2.503844221953477,THUMBS_UP
43.71229476618694,31.463766326653406,20.08568763110631,0.5765055071996965,175.2622424409669,1.395644585508652,1.185651630031766,1.0202333529486702,0.9227401643174511,2.5067552596244687,THUMBS_UP
44.88063828660346,33.61455502974094,20.750488792572366,2.5572758378275653,174.69446391697863,1.405578409161033,1.1942564670186575,1.0356929734737876,0.9246815368238916,2.516752437039812,THUMBS_UP
48.60869204896288,34.5869375002824,21.944238018573415,0.1422188684794982,175.68220548001793,1.4054667254013629,1.1895424401715018,1.0319269987485546,0.9351025287132716,2.507695950749863,THUMBS_UP
47.8707645972636,36.004537295893606,22.792474127240368,0.10494843335706631,175.29569615116444,1.4152744241614543,1.1992830317325693,1.0426083719896093,0.9464321726292213,2.543010230537226,THUMBS_UP
49.57593159083757,34.91783751993759,21.608578595331842,1.0028032300119534,175.16869208477496,1.4407278346955665,1.22471982709059,1.0640571732866484,0.9599495003445596,2.5577132645685716,THUMBS_UP
51.55584933811551,36.501882451895014,23.07914210803075,0.9437826073540728,176.07809279478892,1.4468187478772798,1.2280481584150116,1.067993025406042,0.9667240265922648,2.5641274922835873,THUMBS_UP
50.347152643238616,34.99086747281461,22.10854520997834,0.057873957728402196,176.06875649282148,1.4388774035768421,1.2201532488609985,1.0577885081655736,0.9551563264010181,2.558294024086449,THUMBS_UP
49.46792290669481,35.814146636827495,23.233665490353758,0.9994121886709086,175.35829010072942,1.4547717121209454,1.2444493056032144,1.076388970944456,0.9752648517386692,2.5791268373534493,THUMBS_UP
48.145827671020804,34.396734265261564,22.27108950301923,0.7982978574846452,175.455750406551,1.4269246276049494,1.2174780819657234,1.054514922393277,0.9562572507126436,2.5554309340290486,THUMBS_UP
47.24898612861977,34.89306031819573,22.509463812133436,0.8189943555915331,175.2303664360165,1.4278358070454653,1.220128045001291,1.0588267122414932,0.957383851699545,2.561263457938913,THUMBS_UP
46.64964454022498,35.24091153805484,22.675192847119696,1.2112613626550774,175.01082043465425,1.4175266191662061,1.2132169262148538,1.049966720925993,0.9473542108653248,2.557689173929413,THUMBS_UP
45.059611095207416,34.57852843255362,22.182490705090515,0.7079526967117168,174.41536851626594,1.4104695212242888,1.2076491867277663,1.0497440727057177,0.950178268595537,2.5494218670924242,THUMBS_UP
44.206960735630354,33.15960837006848,23.56852611088971,2.805910857557472,174.87147214022042,1.4258850271935006,1.2336265947344212,1.0562765806473269,0.9656846471595524,2.511423076767505,THUMBS_UP
46.59504834704977,34.07590610094497,22.98660223367223,2.7087368453470777,175.3113627224432,1.43251685353726,1.2162680759541695,1.0455035764736982,0.9613633011131364,2.516043374013149,THUMBS_UP
45.91716636848987,34.80546863286623,23.773958981134715,2.212328881749102,174.18334135799608,1.4396347804886467,1.227260569805046,1.0453379406088834,0.9553663601516104,2.5332125902167473,THUMBS_UP
45.38782881718956,33.39863559135677,24.066764511274314,2.9400831431280667,174.76985864407146,1.4286060703571937,1.2429178274586554,1.0466287211231675,0.9546289348543534,2.5192964051196634,THUMBS_UP
36.67578038179072,31.382585751951037,20.38352441504298,0.37882006311147426,172.71505125247606,1.3134738202574698,1.141502230079901,0.9742040565747676,0.8888953353386332,2.4142103915476305,THUMBS_UP
43.121667596060455,32.46558422731348,21.32555403827248,1.7621589944895677,176.9020334411201,1.3218667570110736,1.1463186261489948,0.9873054986493719,0.8953608602953641,2.421418093938777,THUMBS_UP
36.75712746251183,27.42645228646448,8.021676296304753,13.74601865901751,179.5737704837062,1.360983193352352,1.2004210243417537,1.0584702431354294,0.9639774896350284,2.4602167944893907,THUMBS_UP
34.141511565672545,22.60902980583653,7.6920498323613185,14.914650945372541,178.4844340195647,1.2863679907219845,1.070029529917722,0.9302018894959069,0.860376551627966,2.2378162037833262,THUMBS_UP
32.53855321327148,21.715057811767945,2.650712815919006,27.87768768948074,176.55927549766463,1.2012112186352955,1.0094097434523033,0.8821621639328122,0.815300705162049,2.2245172460858122,THUMBS_UP
31.493388480222542,25.41909805123847,7.1926235176943045,24.23508134563875,171.70499573311102,1.2632732477182407,1.0475385702899498,0.8960635800441309,0.8370060041618942,2.2427393501323785,THUMBS_UP
32.84299069280201,23.414171328924837,2.840075328604194,41.34860539430967,176.87202010834298,1.2017192502717642,1.0067583848607984,0.872508715216856,0.8087513191090837,2.2611506988491277,THUMBS_UP
41.019933058032706,36.611856018110124,4.281036107417804,52.15880348055214,176.04111742065078,1.2387648351844405,1.0435386681140522,0.9118512243894571,0.8417862801929811,2.4373871383529795,THUMBS_UP
54.836814948359255,58.181661485810885,10.860531138980193,75.88694383881479,177.18707704374853,1.318472910091499,1.137638945806157,1.0020276015633907,0.9169237615831246,2.702690730497789,THUMBS_UP
105.46681662831084,163.73759551207877,83.63310018673903,87.3937149352692,179.81868323719473,1.2445572413526906,1.10321816967197,1.0044569143722626,0.9232176374798644,2.733129649222056,THUMBS_UP
67.86131048294013,84.81997797635091,82.89408242475415,17.15627795568757,178.70292426220362,1.287795466999462,1.0669296678428781,0.9542469039763648,0.9244603033176353,2.648688469959546,THUMBS_UP
71.91118577443088,85.84931388976658,84.18111760119014,82.18318217590209,178.38459452024384,1.232910231679356,1.0328582488054707,0.9112640073519453,0.8664145379505014,2.563989257113254,THUMBS_UP
69.27437118079334,68.42939789155214,63.100032694582616,52.67142958308662,173.57291976859298,1.5545674153463505,1.3661030561658294,1.2330297616397485,1.139678345635837,2.967079850929015,THUMBS_UP
80.07958837213702,65.65656165939713,62.94993873635113,58.969271548883896,175.84582356479248,1.4239881464709048,1.2280703212027175,1.1278653642132939,1.0717783022968228,2.8329278950385195,THUMBS_UP
88.61374626110539,74.8011504072618,69.72071105857802,61.61446009117448,172.27303660930806,1.3868448491681757,1.210025883795352,1.112830152416947,1.076940127675783,2.8127097024316385,THUMBS_UP
84.535469456865,71.59634091185808,64.88453019707747,58.15325354488578,172.05774910134386,1.3401253659742067,1.202125890933326,1.0834779917962234,1.0271991116250334,2.67848901221375,THUMBS_UP
86.15369747222266,71.12645507811094,62.70390522329854,55.88304475283515,174.03972837464303,1.4206040290251265,1.2224218644344935,1.1138243776545855,1.0540067103160244,2.693733795695101,THUMBS_UP
73.65517438395841,90.36055541601567,95.92121705862452,92.25315422385646,169.7947694166339,1.1900110480018196,1.058486242558047,0.9995092813470672,1.0466252491281403,1.8285034958571904,THUMBS_UP
63.38946978747749,67.97325936838206,63.26951097851406,48.06496166874747,173.28347641414163,1.3418691226251989,1.157096994863855,1.031818676659938,0.9821179234383255,2.4508902864080766,THUMBS_UP
68.26838259537548,69.22179543624954,63.47682529896055,51.86504307125472,174.88499123280593,1.308320629872669,1.0577909162955668,0.9219935318172039,0.8589002203406518,2.347401140180386,THUMBS_UP
66.81215194835795,71.14176015424839,70.82552926793889,64.32176756627669,174.38429131786498,1.193348219256422,0.9392755540632558,0.8121022996859144,0.7856971441022266,2.0646784622605705,THUMBS_UP
71.46039064722095,60.63091915278125,47.97300220257902,31.20986468942159,177.5082114262933,1.362462292485705,1.1259046328014923,1.0181805252103486,0.9567475663639291,2.5565979803252565,THUMBS_UP
58.941752438633216,58.50848443723611,46.25261833072024,26.18898398951805,174.8896045837771,1.3758634278327273,1.1252517771500716,1.0216685201048041,0.9462931152206567,2.498462171494977,THUMBS_UP
62.817945917248615,63.8833142661283,52.4418673008403,32.40394865672978,177.16622749238172,1.3751645237478392,1.1074553777197738,1.0083055262621672,0.9419431931619962,2.5291107274951155,THUMBS_UP
58.15356430386049,60.519867968190205,47.337602887061216,28.10460213007504,177.49127982103872,1.397233289911406,1.1496583837882002,1.0296357224662571,0.9654263896265439,2.570267068926251,THUMBS_UP
57.935174426329716,57.31413071256448,47.99806692175576,31.1702353624599,176.95114548814703,1.3929703511578688,1.1603167804445904,1.0378118871881743,0.975055536333015,2.528377621196445,THUMBS_UP
63.502184022278186,57.99108778962521,47.46513520028884,30.698646726212687,177.42005199250792,1.4318360988174612,1.1779549528905162,1.0537735498878518,0.9878175002065555,2.5834332837199634,THUMBS_UP
65.11510202290029,56.457559510931,46.42542652485789,31.65820942711167,176.88823725609785,1.4659403137359908,1.2193472767423832,1.0832657035202562,1.0043888915990595,2.611244596983806,THUMBS_UP
72.06561263424497,57.31553054339263,42.913745080302206,23.560566102179237,176.10957521308214,1.5555358312263647,1.295417852901593,1.1815695495266572,1.0873471023070822,2.7384514300181846,THUMBS_UP
85.97147134288227,60.25743129209504,43.90160657146088,25.803370307879046,177.30444585166543,1.5988853871677495,1.2429922905218709,1.140530395885559,1.0749654431653664,2.7064781471355093,THUMBS_UP
74.81289208189955,55.415975749595226,41.766877774816734,26.0981880292864,177.1361343162282,1.5093958471114213,1.1951865761496236,1.0810500352952552,1.024006028664549,2.5918116797536337,THUMBS_UP
86.24115006780372,55.34044092347092,42.323116722139666,23.946677955673632,176.6190266480243,1.6254655540804888,1.284564512803377,1.1447487785268455,1.0764104487218913,2.686286608841287,THUMBS_UP
62.45124636388997,53.85128232469877,41.08551090533771,20.45533817709169,177.29256697397193,1.5369804493918358,1.2901028370294785,1.169495420095982,1.0996537116115754,2.6507669094575697,THUMBS_UP
66.09814812667581,50.92415360013962,38.93066212930214,22.073224271745694,176.8966860871431,1.5089719316065096,1.259874010196553,1.1305435440588245,1.0625278443480424,2.71586105716696,THUMBS_UP
64.26623400536887,52.8208459376572,40.090778137497615,23.10108820725784,175.76836139125945,1.4943172360704702,1.2431686060730587,1.1316573472836553,1.0633938488733332,2.679541036145522,THUMBS_UP
61.77722333797191,48.83672727576559,38.369673451451085,20.806415522171175,176.41368856648333,1.4648691613970457,1.227870129370833,1.0997376776966037,1.0338966033553854,2.6292244231125657,THUMBS_UP
60.11527772260228,49.71682434469888,38.38548027708773,20.965162027244766,176.14754618860218,1.4239465161462677,1.1893610607701472,1.078780768835873,1.0153649721880933,2.597388569359469,THUMBS_UP
60.0483005926525,47.57548069081215,37.986530026617935,20.621557325561827,175.43009247997014,1.426936394234194,1.1937879436523013,1.0664970869721804,0.9928326811419793,2.5780307273685565,THUMBS_UP
58.20478226379118,47.729074153940346,36.26581174966582,18.65343508831785,173.8828331883855,1.4061076724451949,1.1567304133237828,1.0509687947971227,0.9884442942487557,2.5366338279581533,THUMBS_UP
54.5877444398058,46.185030900818965,35.0630206508715,12.819863091972845,174.66007427127997,1.4294401832565324,1.2247292639142295,1.086050321721311,0.9796094516158739,2.5834527936713365,THUMBS_UP
63.328532188481965,45.46576956266804,35.35595015112718,16.644508949146804,174.8961637414117,1.4487442112297908,1.2263722577321468,1.0852649743589444,1.0184500745888532,2.58463513493562,THUMBS_UP
59.95559863393164,45.16558676370618,35.01387584803066,16.982143079520174,173.82284679959724,1.4321903219221015,1.221799991313319,1.0880816332971697,1.00834534475371,2.584769949268793,THUMBS_UP
61.77958442839066,46.323164946366774,35.37220435636785,18.210115674461896,175.60642603380722,1.4358407568571407,1.2157001057565766,1.0782802842952546,1.0104223593748896,2.5870068163415496,THUMBS_UP
55.75201498853227,52.846608568126555,40.02821173210725,17.93320890447997,174.30426718928425,1.3872028224600992,1.1514202037322496,1.0595888607148103,0.9759611225223042,2.5413260943481064,THUMBS_UP
59.25647128935453,54.537915424916335,43.06990157799229,24.413954731931604,173.30435010607812,1.3883968115796024,1.1824333320337517,1.0934242944585726,1.043628367340632,2.541271499297566,THUMBS_UP
58.51083497503677,54.97488624789861,42.625327392848654,22.330555810488313,172.3120697630128,1.3894861012698816,1.17479968497046,1.0963415445109765,1.031784200120824,2.5604849693918177,THUMBS_UP
56.075923324778664,52.432363245051754,38.62508937360527,19.141565421234105,170.2386299229057,1.394638255548602,1.1859285304556644,1.1007138942576318,1.0341885387394238,2.572688092312637,THUMBS_UP
47.98862397142368,45.48266822917122,31.89023891714433,8.425008436574702,171.20321478675197,1.345550163012167,1.1356978373442335,1.0341234042632483,0.962634868065874,2.448913051052494,THUMBS_UP
51.557654861210956,44.4736958681737,31.840989470870927,11.551596887522141,171.28203604844558,1.3798698408315162,1.1977941294858792,1.0843563538414938,1.0267489633955469,2.5196480447297596,THUMBS_UP
51.85786208728141,46.19625921155595,32.744519775049206,11.033975264155847,171.00934919104253,1.4011852142853018,1.2160125074429216,1.088163704602302,1.029770749500816,2.5343246256368834,THUMBS_UP
51.774019968722264,44.59424717515872,30.913716477835145,8.747738247802221,171.5280266745955,1.412985716520213,1.2268407906466257,1.1036716967697446,1.0370948848270514,2.549471252601234,THUMBS_UP
50.643408719255035,44.09681484763241,30.152072847564945,7.829193211133556,171.76425704972476,1.4002668488958157,1.2119524050400832,1.0922372724361058,1.029954829219936,2.532967364612068,THUMBS_UP
52.71466040471195,46.33413760564327,32.142720858197855,8.441641423450724,172.48980759981356,1.4638087685059504,1.2643284195144002,1.122432995567275,1.0588464394775892,2.599174313958176,THUMBS_UP
52.59792669849926,43.73739196915041,29.562162802690565,7.79379697674408,171.88121393156345,1.4545867922207756,1.2807853675970222,1.1378810222756204,1.0410892489173023,2.598739623369926,THUMBS_UP
53.79939116771272,44.64145050301051,31.639110772092355,9.764317298914326,170.9513291273135,1.4908430199526868,1.3047943397830235,1.1618052004566888,1.0584912307636591,2.6177772671990183,THUMBS_UP
68.6139351973763,58.357855431281486,43.325657878722346,10.768112181549778,174.27350457825224,1.7006867408175745,1.4294376347744502,1.2746382413249102,1.1962770870070072,2.88031652994315,THUMBS_UP
73.93941184590791,61.511467759843775,42.52139742189319,15.43461209228166,173.0938092118897,1.730036906280674,1.478171536230621,1.3214791686819516,1.1894626627979923,2.9348872495240577,THUMBS_UP
66.50382993197137,57.82210128657441,40.36103582024092,17.844799324522935,170.17159507410398,1.6625632524887053,1.4391720096254752,1.28361252008741,1.1250846724582018,2.7933165958229518,THUMBS_UP
60.08484678927728,55.297476631270634,40.70107238993411,17.61171882005675,171.5404013881859,1.6621608498228437,1.4368470321027393,1.2713668954576878,1.133848581436945,2.7545850182306317,THUMBS_UP
45.477497599457585,42.79181539215018,31.34116910953279,14.44681796780055,173.72794669521252,1.686157676945728,1.4539194343376631,1.2404770303910344,1.0885019500974982,2.7251276607125865,THUMBS_UP
46.81619091851952,42.456765614157085,33.98463072959302,19.000281030417813,173.17201184848867,1.6518562419349283,1.444433903350984,1.2208491082225768,1.038174032853382,2.6241046512230493,THUMBS_UP
43.290380633475046,35.40733433320929,27.10233572855062,12.447443390103734,176.1696364535125,1.602172834508568,1.3943273088431087,1.1884635361375497,1.0298818413247468,2.6104024126086673,THUMBS_UP
43.61809780621348,37.66114446954592,30.290815100249375,12.873363087683128,178.16674302516702,1.5796675635687767,1.3877778082120444,1.1845782426345206,1.0325004010766832,2.5733629776873204,THUMBS_UP
44.623163645892156,40.55133543860362,31.900795059105203,13.165213710226947,177.89575772054627,1.5462224437940495,1.3513633241656016,1.1546022822639666,1.034742374740126,2.54626553488258,THUMBS_UP
54.85206081643501,53.077956773914444,40.86217463573495,19.712661805349445,178.36203227287163,1.5417945639902033,1.3579918085076588,1.203373983894174,1.0880735233710424,2.634391908006197,THUMBS_UP
51.00747048626419,47.48450810518254,35.7027888667811,12.161635861436803,175.4444857287512,1.4475136628396281,1.2676702421933579,1.1216937078365439,1.0212865393488098,2.550586310815613,THUMBS_UP
49.856777139236094,46.9412739238521,36.018473072081164,11.948737916443879,175.13083376446568,1.4110143251609795,1.2560935225375505,1.1137807160359579,1.0135974021579033,2.5363295986783494,THUMBS_UP
53.943526865187565,47.39961904317528,34.17872193438902,4.668390033209071,178.33679940942935,1.4744902826146014,1.2860850135998119,1.1441938447265354,0.9942855664197862,2.6016593104791252,THUMBS_UP
52.149675055785394,51.06145182329237,38.188878532819224,8.461797135350926,175.35447835293408,1.415908436899166,1.1925717896449577,1.040741896173021,0.9268389097309638,2.490373848554711,THUMBS_UP
43.77211280085673,45.96243296044412,35.05834662488757,4.719535344713385,176.2625171277021,1.318922537590592,1.1234988786782625,0.9683602786482528,0.8753765955182801,2.354451144851178,THUMBS_UP
51.69899539955106,52.49237921602061,29.473460141737974,31.981782312470248,176.59390783103385,1.2912185513867112,1.0390889079918202,0.8752619644640063,0.8052715345275123,2.3947546100671357,THUMBS_UP
53.27713010235104,56.71637863067714,33.87862658662666,15.629455456019876,174.68829114267703,1.3551037894705364,1.0958715642714072,0.943510565267855,0.8808717353246589,2.441684192702491,THUMBS_UP
51.7192287745402,53.46140372747044,39.513383865775964,1.7239458504192755,175.91534175446972,1.3344795507096405,1.0801526581452638,0.9266877338876448,0.8644538874640763,2.4116983491630646,THUMBS_UP
55.252840089704094,55.16620161118524,47.949551192163895,26.404199622200945,176.1970630110988,1.348112280221057,1.1377767037951099,0.986436480250198,0.9118987628062891,2.3900772038442772,THUMBS_UP
62.96938449321902,58.689385320449254,48.72687962308637,32.432782658542166,178.74309231322752,1.3928171602617656,1.1598377611552522,1.026382124408445,0.9479189730032375,2.471474689883045,THUMBS_UP
76.98788842826893,63.244029040504735,51.78828961676989,38.46120664920285,177.70840012375453,1.4405103001880122,1.1985796203087409,1.0643671286795606,0.9775859260087875,2.534132103120015,THUMBS_UP
66.58281330595317,62.60620340881552,51.79079989993055,42.82562360613356,176.1326124837037,1.5007502700104072,1.2998966181168885,1.1903005677579768,1.0755003241466017,2.684020588293503,THUMBS_UP
74.42106573457882,63.80133407651675,56.598707645036626,40.60963084907479,172.0128467769603,1.6197139223897938,1.3974324672978695,1.286671248450329,1.1991136237440954,2.890208397951733,THUMBS_UP
71.42760300373921,65.778682273966,57.11840214123553,44.94551861238914,171.94438563799994,1.55574331712443,1.3576606031156393,1.251819086512977,1.2016691746959687,2.7835643523575433,THUMBS_UP
69.17273663286471,67.66079273818801,58.576662517474546,41.115172498477314,172.50954871546142,1.5877221928087453,1.392746897714165,1.2655199122370624,1.181816320745973,2.7928410526669833,THUMBS_UP
73.74756722327925,70.94121325068093,62.49686492482938,47.02233965907842,174.1455783649013,1.5939828797261526,1.4236464058946503,1.2968501401753507,1.2112783579488313,2.861650520434171,THUMBS_UP
78.49355931301156,70.84634736054959,62.17840664321338,44.76272886531247,175.54914719479603,1.5547437955436445,1.3340910899958431,1.2346718196876705,1.1562102486229706,2.7492140419790125,THUMBS_UP
77.6856684130196,67.1125140700444,57.86778961756453,39.908415122581495,174.8054416303466,1.5908608113436533,1.3286729592296127,1.2204727631080439,1.136343544532868,2.7573365990075565,THUMBS_UP
74.22242700608064,63.94520605313925,57.05899614415211,38.875016002141514,175.87554669116065,1.4714946561740483,1.2257601526095487,1.1233943872838243,1.0818768078422911,2.629533150059659,THUMBS_UP
63.25194048564652,55.02830021087152,44.03435991903237,19.185315235369284,176.1180113239237,1.4745762907937265,1.2298802345517468,1.0992752406551614,1.0409287120048174,2.5458797923949246,THUMBS_UP
56.812443292903666,52.41915330058604,41.94004899225951,16.10228069824081,174.86997705127638,1.4708070664873618,1.2404129787008848,1.097356634885775,1.0190321509285922,2.553174756134871,THUMBS_UP
52.98778652734567,50.53490439367347,38.7767375167993,12.220883537816931,174.47038498071774,1.4466304615431587,1.215582762197073,1.0729143276195139,0.9965244825721705,2.525943998087562,THUMBS_UP
48.86259218167049,44.96661974693235,31.654796575781766,5.874901025027945,174.18201209894258,1.4483655217920148,1.2287924497558453,1.089013702943533,0.9988821218148055,2.4954599030038915,THUMBS_UP
47.01500789864195,40.35809249320288,27.769718198398433,0.19599308359619572,174.95211383982664,1.486156373322213,1.2713606019011405,1.1147788126304814,1.015414474395832,2.5920415306594324,THUMBS_UP
56.47916611206113,51.742519494204025,43.20632843550883,22.78146319780925,176.1738185187625,1.4326117861824383,1.2486364235947656,1.1016463042997755,0.9788523046271013,2.563939862410772,THUMBS_UP
54.75535868786628,55.192524123413904,46.437914223180876,32.013631629261035,178.34256891229836,1.3277572848238541,1.1210697193811408,0.977912955124567,0.8815982399710025,2.3797832560731815,THUMBS_UP
62.28747173838487,60.076707939572835,53.48369022372481,50.83193420977854,175.37436728241718,1.2877279394228593,1.0670094133838604,0.9223797772321357,0.8282521758212525,2.398772271798977,THUMBS_UP
52.15058304042374,58.60084511311379,57.13367367422931,68.06883021974546,177.204371627314,1.3783212577347141,1.1469308744595401,0.9487012226213386,0.8461941776869021,2.5485102695110826,THUMBS_UP
59.09295790581649,70.00881162939007,67.35356305830912,9.620700140642032,174.6511051606308,1.2877813284206838,1.0426116930722422,0.8767611816950347,0.8272137948099728,2.4384983919334053,THUMBS_UP
50.8561868920832,57.465155794290496,39.2654248822277,8.406633161491754,176.77995488791115,1.254092544450542,1.0260914207731535,0.8795265699922132,0.8122374523804048,2.3514396900006984,THUMBS_UP
47.974758770412556,54.426143067910985,38.73238897539025,10.528534165592289,179.05613009730817,1.3047294772078086,1.0608227972660889,0.9015584364573133,0.8358473739632931,2.3920424472790365,THUMBS_UP
51.68359920931194,56.04299749378681,41.641801109302016,18.20543593099978,178.5426020227924,1.3107750596237617,1.0681675898010698,0.9121180441207449,0.8379164832190741,2.3933958724513684,THUMBS_UP
53.84622663559426,52.5533020998914,47.8417564879619,18.934955524468375,171.29043484056132,1.284780923378102,1.064671942529169,0.9224865603933967,0.9099963631599168,2.3563311360177632,THUMBS_UP
55.202385826397354,52.85814732047828,46.828243438333125,16.765253954270076,171.80611616362495,1.2718905500187223,1.0552361068080318,0.9133462297294226,0.8988213529076565,2.320044823392512,THUMBS_UP
68.93880249007438,68.36569037287803,67.09754879073577,22.916414598654,170.285486279725,1.3728670464007113,1.1359115321110569,0.9927916241012205,0.9676938418174481,2.327440743096083,THUMBS_UP
60.75280439883973,68.69606087513802,74.6852104446819,12.47604481691511,167.2969516105773,1.2414442187494255,0.9974263448055485,0.8507653102221098,0.8677560684714608,2.2503392710247803,THUMBS_UP
89.86860946353895,125.27787675816712,165.44173658475327,160.85819809073524,169.16278239668017,1.2041326717118608,0.9926504462130123,0.8881389990428173,0.8931190155785825,2.5471014895176665,THUMBS_UP
87.33327684627197,131.8483349272576,174.32768683162254,127.31118616984847,167.15973715324708,1.2159970899341634,0.9670661353486574,0.8379902868042474,0.855644841857968,2.5456359203609034,THUMBS_UP
85.18213322619076,132.8797148079979,179.61271409732927,126.24077100692557,169.41098180721968,1.178311796511952,0.9278503055152504,0.8053297780939267,0.8325512330796075,2.469023514464911,THUMBS_UP
72.11775793732842,108.97716177528567,131.04069227259555,88.04152212918463,172.7138507973289,1.1748894021265837,0.9445366429540456,0.8152832629677385,0.8240008029493745,2.4360530697586715,THUMBS_UP
72.91398715161424,102.82366246865048,166.37806983669427,75.05042536362357,170.79821673276942,1.233822086676558,0.9911351258518236,0.8559449710015216,0.8963178283379621,2.5130935343078957,THUMBS_UP
67.82369530092386,84.68725791113296,95.52165431832272,20.51791978122706,170.83353475394551,1.229597935228717,0.9986704379517496,0.8532853306245993,0.8697645639172801,2.442128405706336,THUMBS_UP
57.076757117025124,60.13409569291303,54.42247534958605,0.48831832371104683,169.7019751323028,1.271253357022396,1.0407257950003213,0.8961642016788794,0.8841666525259244,2.3252796070865505,THUMBS_UP
54.93203220120662,56.44958285141716,45.80425004356666,0.7517272523360785,170.32615089219365,1.2130583825249959,0.9906562202042872,0.8451642437756083,0.8613500795430383,2.2418539915941404,THUMBS_UP
53.962495239323815,48.928607429391455,40.78747892898119,15.633547726758614,163.38728584008297,1.2859057580315654,1.0676899550176926,0.9286804711703509,0.8964915504596643,2.3146695865470157,THUMBS_UP
51.871045860049776,48.56927987695706,42.03856706789731,21.972969182247837,169.54471237307982,1.313330989297502,1.0968289239956748,0.9593684451730219,0.9204608413912747,2.3928969338156176,THUMBS_UP
52.26689261377898,48.74759464258143,44.62240950649245,31.181395558432378,162.884716818921,1.32972512099321,1.118124819918919,0.955096175971473,0.8953847101644153,2.4152095083929654,THUMBS_UP
47.76710889185893,44.92696963334336,41.11867447951904,24.958336611369585,166.8500112934658,1.3258336651475995,1.0917357827108245,0.9229571931092966,0.873648539416044,2.362138955082554,THUMBS_UP
61.67533536119881,51.78237478910985,51.069919834904844,40.65108074774207,167.0258903078222,1.4660721260821068,1.2195470292400237,1.04726740009115,0.9863147130689562,2.6182327519150292,THUMBS_UP
55.492834992375094,48.746464374227834,47.64571960532894,39.13172905480611,165.56292653029303,1.4141867337885552,1.1830570982525301,1.0061635499863935,0.9523896464662335,2.5102971173148916,THUMBS_UP
61.88359134481945,53.52567464938055,48.8207052298396,35.403120362247094,164.9197857147615,1.5442620021826425,1.3236983864643233,1.143030776640572,1.0526521577994743,2.715799168358924,THUMBS_UP
65.10915879388645,51.11149142002702,43.91624638042358,32.0993774552324,164.30394716239073,1.6030356446580405,1.3906803843759785,1.177698324098931,1.080893175724378,2.8259139640495436,THUMBS_UP
41.115262841054026,35.07877499139459,34.46837334771805,20.53742240607862,163.04749282922515,1.3882673762152713,1.1373332682822508,0.9248093533677402,0.838833254925713,2.449282827198522,THUMBS_UP
40.26556420117044,34.96489285635495,33.68697682716211,17.111265608101657,163.32549653594916,1.4191449904323405,1.1767238824191,0.9557192022185227,0.8516231399269162,2.4815781563657024,THUMBS_UP
40.13922830329814,32.17222056956983,27.92445137957169,23.531702715346984,163.919151393491,1.4565433172467364,1.2074453862840773,0.9787215188276588,0.8367402364092947,2.5040081103306884,THUMBS_UP
40.085491243127514,33.00131983392056,28.52889857789825,18.008156701672334,163.92109025271142,1.4687988502383416,1.2100413227100628,0.9848093428878825,0.8310219642668769,2.536650239917738,THUMBS_UP
48.732138112906,37.0112086380924,32.81905835245562,21.407154367298094,166.1311952224816,1.5179023502470692,1.238226576120446,1.0340752628211414,0.929129016595107,2.6536404876244295,THUMBS_UP
40.97464875430216,33.50650870659671,31.245426264940523,21.468558233121303,166.07941617358352,1.4345635143926476,1.1658771997653887,0.9481474865149843,0.8265299380954066,2.506774238279189,THUMBS_UP
78.82669112990392,57.59116698363076,52.84832993408993,41.12355619870206,170.4098870667522,1.684309541003555,1.3712311840962137,1.1483722716636462,1.0893533781417417,2.8414652394564124,THUMBS_UP
55.32891974456183,43.5714051932448,38.106918291061675,28.606260233059775,168.1276034896131,1.4150081059918538,1.1926676768307818,1.0331073113239235,0.962048992492639,2.5209826301180014,THUMBS_UP
51.347931731226204,51.54718157220106,51.33866789257886,32.07550880965182,169.56056315678924,1.492642572646835,1.2329914677411016,1.0682305206903495,1.0184717008234858,2.653586918988217,THUMBS_UP
50.5663393222834,48.73939119149455,46.03767172865569,25.984579651391584,169.57473043554134,1.2862592040183822,1.0798008014257794,0.9504843147546451,0.918621223494765,2.291277035923149,THUMBS_UP
66.27876817908137,71.85535368710724,61.93043149397868,6.992416712724831,163.30686937375012,1.484966068631211,1.2476048560199218,1.101008890013238,1.053359229383042,2.7561075031116227,THUMBS_UP
66.30140960437933,84.29234174416823,89.27192187613474,7.825576018693807,165.3630482854104,1.230952525891344,0.9681261407475825,0.8519972555051013,0.8682649518894248,2.3894389753878293,THUMBS_UP
83.59252090371388,152.14495895493147,156.58135976938595,116.77783407450615,171.09311899180236,1.1608802108828582,0.9085415078347405,0.784910455235854,0.794111251880185,2.34436091509339,THUMBS_UP
63.58347935465441,101.01706048843964,128.9374627544895,62.80098425969333,171.057224451852,1.204679062822254,0.9506338317083979,0.8114064624184284,0.820258658381958,2.374436634481889,THUMBS_UP
59.45710155992401,85.48030340602799,102.79081406634431,56.399772520327005,170.49603457664352,1.223776220434264,0.969825165793843,0.8335873243421122,0.8389432202587669,2.3758280807733523,THUMBS_UP
56.41335103165067,62.29870546683538,56.70437034562533,3.9988262766728484,166.3776721106358,1.2887669362158287,1.0353710694789025,0.8719086772490888,0.8438529344440523,2.1716882274107014,THUMBS_UP
57.19608956854937,63.43371889392458,55.56659970796421,2.618257515087379,171.00368979720312,1.265998906938628,1.0463712851726281,0.8844363108203754,0.8690596554505715,2.234236545926586,THUMBS_UP
54.70271728453372,51.758336173686025,46.542720329558996,22.62315696659852,163.44244425636552,1.2667737807182926,1.0416233295442794,0.8913499412069109,0.8681519163592533,2.250052540633897,THUMBS_UP
50.48966246580452,51.80762620556458,45.157552522611915,21.81623491892656,164.7029756313684,1.2833770228934078,1.0348910570361576,0.8983975978221641,0.8653309965538566,2.3091502282669483,THUMBS_UP
50.85458413419129,49.6820917612456,43.54646922484016,22.762195142769084,166.2213763402869,1.254253886347991,1.0099306994735775,0.8694714539404512,0.8534655575987365,2.3487895184095944,THUMBS_UP
49.509833998945695,49.32150293105642,44.544221541054945,26.07146162903364,166.14388632331384,1.2331869296403895,0.9976939149501062,0.8605810297586931,0.8486822093615702,2.2931290890291476,THUMBS_UP
46.65601849521301,44.87020691636117,36.951110858468965,16.383335673442648,166.81191471468503,1.2896271837142927,1.0476364543847723,0.8969982292543304,0.8504975299400707,2.3940007598494972,THUMBS_UP
44.85870155339903,43.21948670903844,38.671137410230685,22.447869728812837,166.74633449960047,1.2336589562948268,1.0087643224917442,0.8666071732842123,0.8441631533861846,2.2966929254614454,THUMBS_UP
48.03064196288322,45.3383601443211,40.03197029074788,21.151441716791144,166.27680457502984,1.2195337184746566,0.9894146223718969,0.8609957002884517,0.8554959060969779,2.2611292312098503,THUMBS_UP
46.25588018587893,43.81779033576971,38.04513055797545,19.98570646754657,164.90553436809344,1.2135929538116486,0.983106147450724,0.8520662804788408,0.8430121862628137,2.251237775682394,THUMBS_UP
46.607522544212685,43.09930493159594,35.082969278960086,16.265116256435434,166.7652590335588,1.2123959326924483,0.9651528828289849,0.8416542108558362,0.8398066923247338,2.181829200851864,THUMBS_UP
43.94145794148061,41.0348249171357,34.96279333790928,16.297629985014524,166.25948758762397,1.2071522699791746,0.9832882557981547,0.8570062286998635,0.8545522328844706,2.1870154202110634,THUMBS_UP
44.76795485674312,42.97210895006359,35.25622665371559,11.921760844164474,165.41264666484642,1.231256651169205,0.9975515291812441,0.8717812981683879,0.8770978788885293,2.2620616870681483,THUMBS_UP
48.133849993629845,46.591171130443556,39.28660596497552,14.04129670805247,166.07657092227802,1.2335667451211072,1.0034300489279857,0.8706552748726578,0.8716270690205233,2.2785578990410933,THUMBS_UP
45.109594907753426,44.64245570559633,35.21075221949986,12.816617654339948,167.31287258879524,1.2153634317510025,0.9915051215113424,0.8617880086820758,0.8600896077128188,2.2642322329697455,THUMBS_UP
43.89911904497161,42.4364260965188,32.64056821408889,13.50991420152705,169.43773601360093,1.25415991113403,1.0227518168768763,0.8766068203933197,0.8631886973736205,2.2224560313213026,THUMBS_UP
43.18535896798076,41.81785788178845,34.06621243515866,13.813022177150101,168.94273335533418,1.2372616418809999,1.0055188648555258,0.8589972109470273,0.8518297328064504,2.2222128451297447,THUMBS_UP
47.80851354126394,48.354885284026295,43.359583126672135,16.217805055884888,166.20794136649076,1.2290839296138738,0.9869375647084249,0.8572636880659397,0.858123623954626,2.2247237783192073,THUMBS_UP
46.61845189593373,47.5100562131016,41.23704366417993,15.963866191772683,167.7124466062344,1.199920183956671,0.9699449254622663,0.8445468268997149,0.8522252745795035,2.2113879935355403,THUMBS_UP
50.85850003046701,52.98624315185978,48.54357052846146,16.654726690925468,166.17334419448113,1.320888298338268,1.097565883125894,0.9580833554880444,0.9166328364259605,2.3249541064199306,THUMBS_UP
61.20431833432216,63.59119181384652,57.94178789286021,13.653391066341383,168.00932959468187,1.2957082129914679,1.0393733582251825,0.9127299232912651,0.8953821284510998,2.3852601228151826,THUMBS_UP
66.09702276500171,68.13965223001334,64.9998677492373,24.4164839650546,168.30457913326228,1.2441466772261272,1.0174774441622088,0.8738221577971651,0.8857980357727282,2.364490994400417,THUMBS_UP
60.653668410440346,65.7152150882592,61.293146439459555,28.11094034252226,168.3174071826493,1.2375887115789745,1.021800985702905,0.878743936591429,0.8794977136713573,2.334366562926333,THUMBS_UP
55.06803818168231,60.88154942839191,56.1544831038367,32.36868486556901,168.4518879124957,1.3000111678858508,1.0595186149660927,0.936524206321258,0.8958347903762249,2.3551657219154176,THUMBS_UP
56.74647226688867,58.94216618884588,53.80107619074178,30.47313490775652,166.41512358705566,1.277128175017383,1.0527913055479852,0.9131123449047455,0.88787702684241,2.2632796762742373,THUMBS_UP
64.40169990781709,63.4823664336654,57.55625442990007,34.90063178237363,168.154753226608,1.3594086603440945,1.1262535164808503,1.0012608473882245,0.9801230467070593,2.4957854944151427,THUMBS_UP
50.89771535981628,50.98997405691349,45.51721401055159,25.744328208315064,170.33942879342518,1.3398264918719736,1.1159922285637907,0.9566491113158865,0.9190911228104361,2.4553354792420814,THUMBS_UP
57.8134588008475,53.33460440058169,48.93779565307089,29.609604191148712,170.02595832474142,1.2976592103951394,1.0678056364701825,0.9212097966711298,0.9041721105427265,2.4021455490997887,THUMBS_UP
56.0256768050643,52.98089835410698,48.95962395964344,30.520941928003758,169.2790275239998,1.2764686676418557,1.0643290468872872,0.9206488979220887,0.8953129016483133,2.330324689319429,THUMBS_UP
56.20047080822723,53.39039646912001,50.02399347323877,27.750512821292325,168.37522018312072,1.270060970080443,1.048688624361685,0.9096150604032313,0.9068887013447682,2.3648398332894276,THUMBS_UP
49.27765948805009,46.04532998823069,42.16471498168272,25.302949490007595,169.59151043851588,1.2762681211527453,1.0580982930975649,0.9050274360360414,0.8714387431997812,2.3081175895384503,THUMBS_UP
41.49681416492867,42.345094778787335,39.55325261411806,27.070911025422557,165.5809764085095,1.3588052656083334,1.104252932895844,0.9353482136140561,0.8677265324894899,2.2702698166611524,THUMBS_UP
49.07679609820477,44.35516393323378,40.490815460958984,25.002149298795835,166.29506579315563,1.4237474960091978,1.1792032094644833,1.0008549765292236,0.9373769561566805,2.5296879556731313,THUMBS_UP
44.0450513777533,41.58221793484845,35.01064364363665,23.19812301323464,162.35347055880516,1.4373736812830582,1.169387494760686,0.9806034938455666,0.8749884330781871,2.4536126101823097,THUMBS_UP
43.8836114770256,38.61479903407999,34.003238479694176,18.681911590916172,161.6774801275185,1.4609210038716596,1.2040563266704187,1.0074537701034125,0.9056333360348409,2.515078478526612,THUMBS_UP
43.987714348959386,37.73540782794362,31.39728767560742,18.42387756405885,164.1251582144535,1.495652115859494,1.2258013776642478,1.0318329490771643,0.9174734571385708,2.5074675801733557,THUMBS_UP
40.671392216354064,32.416184518757724,29.18436136442364,15.789369949955438,160.97497244499604,1.4785720213609923,1.2300260713067661,1.018010568417286,0.8955820638081318,2.4905341788214828,THUMBS_UP
54.864493264470404,42.007286441898714,36.60600652227822,23.068075581349433,165.78360222359032,1.4723449803990143,1.2018918853871294,1.0178818652928907,0.9341681161281596,2.4603123950291765,THUMBS_UP
38.42642897303143,35.50843900315998,31.333398318143185,18.220264034557243,163.9906493982619,1.3108342381534366,1.0647598375519476,0.9055523820746798,0.8365288425436701,2.2681797737600093,THUMBS_UP
42.951668419210925,38.74368350075084,34.114036707510635,20.29919652522555,162.91423726423085,1.3254878263592718,1.0724283139130864,0.9005222531544516,0.8515634464542722,2.2815868062065903,THUMBS_UP
43.133969914572816,38.52229282783408,32.68504326834856,16.390426232787785,163.853021932713,1.35066801416219,1.109192167497066,0.9466866664175382,0.8706808052162843,2.324874727874881,THUMBS_UP
49.57501854667179,45.56665101179444,42.23736638669842,21.926565549808252,162.8582710251249,1.298829600832235,1.0545287858582635,0.8968889646614835,0.861619302902661,2.384708651608828,THUMBS_UP
56.832765117726744,53.345925137091136,51.52557223569372,29.97622357219047,165.70284880843712,1.3008292158733523,1.0641851575342507,0.9154293371705855,0.8900133438337458,2.4467596757531918,THUMBS_UP
68.85229834891238,73.11364201756679,67.93135493239019,40.28616063273925,165.65250210719321,1.3965894388481022,1.1401340340954198,0.9876081162820083,0.940482671308381,2.662443234978545,THUMBS_UP
70.96021409579107,73.08729407016222,70.7209289199868,51.010634678349405,169.4737859799882,1.336316398497388,1.0982289454266272,0.9586598266678611,0.9361070406967535,2.594989404847782,THUMBS_UP
70.76107345528702,75.79782269666704,72.06214025186821,54.89272823574248,169.7033285305715,1.3795417803611691,1.1337763280809923,0.9896599212531799,0.9550899103922605,2.6492475082588367,THUMBS_UP
76.36556542608301,79.11974261393998,77.77966050032636,59.89402459744094,171.56416640940662,1.327886808247072,1.08034463504336,0.9570123095593327,0.9574582389612265,2.653766133575204,THUMBS_UP
73.85596360152795,76.39316033448777,75.53824073428338,53.729607190208874,171.517536712955,1.3149498282288428,1.0696373286390568,0.9378589718192928,0.9419467698309822,2.6331310318642833,THUMBS_UP
72.5924358160018,72.30373970450012,72.33570097598931,51.58678738884499,171.24827595339517,1.287756602037117,1.055440930535924,0.9164507340215942,0.9216657577029488,2.539278833679581,THUMBS_UP
66.7906990484969,67.66232501605869,65.48614215694968,47.20139282848237,169.80832370576493,1.2646499306847596,1.047798350062255,0.9124263689878288,0.893253067100663,2.4262655787815546,THUMBS_UP
63.89154572302353,66.1883732642376,63.70194494954334,43.264912122381034,168.66857857557181,1.2664429839580602,1.043476350608246,0.9131185666181688,0.9035745446679647,2.4017022385051616,THUMBS_UP
60.014766313483356,61.566312653781395,58.05645554104837,35.66956852424069,168.4693010879869,1.2653671482220035,1.0391002396012112,0.9072989302004483,0.8975854737574048,2.399076359885375,THUMBS_UP
51.81555225239027,51.07469222829971,45.90047268961062,27.478059567938203,166.7285045176811,1.2647234220992134,1.0341548627606374,0.8948916236521488,0.8680071079523508,2.364254292682431,THUMBS_UP
45.61706472263055,41.72681046140753,38.05210557594734,21.338727895942988,165.44458550262016,1.3261641083951856,1.0883370567845425,0.9231937795532954,0.8779831725220764,2.364969949671046,THUMBS_UP
37.27800346308258,36.05369492379695,33.45378818549735,16.718357250643596,163.0914088603159,1.3090274477141268,1.0509666322780389,0.8809997315322277,0.8487771451993192,2.2589216781859314,THUMBS_UP
41.24439312991981,33.93872457242384,29.070385123034868,13.557593893405746,163.52337945921542,1.4144611510817808,1.172398042606875,0.9871278214869056,0.9073303358471694,2.4875696004628933,THUMBS_UP
29.19480664848665,23.061703947527455,16.384508520957866,4.832983235508135,161.43088708347517,1.2528556047820183,0.9583482276658959,0.7591909371118639,0.681410683545981,2.246091518584325,THUMBS_UP
31.31161418759727,26.08504841385182,17.57308960964963,7.966747264091236,161.1236336387039,1.3319901296503165,1.0393218993634732,0.8225787631663015,0.6945682632643905,2.329615543388846,THUMBS_UP
37.88532055652122,29.900143766943273,23.233751222310094,10.761291511748947,162.33615401460605,1.4276744117498508,1.1584297435441986,0.936675406335695,0.8218921259995496,2.490420144573219,THUMBS_UP
38.91047957311076,31.628345878843938,25.175604690066564,13.78863696408059,161.67158454110407,1.3998541932023598,1.1402068225784288,0.9480787354507895,0.8560407437670753,2.4217240969391347,THUMBS_UP
52.27428909823703,40.21976386478082,29.45486252634368,14.152134849002419,168.41404713918493,1.5487492501122027,1.302780296599546,1.1225194194077284,1.037637298195172,2.622005012596734,THUMBS_UP
64.95484145334079,58.584224634356914,49.72186489839689,29.952918203150787,171.47009576812067,1.5703798004999963,1.3320890627380508,1.1985296347936036,1.157962335885515,2.6250602723977376,THUMBS_UP
69.6961963047995,59.20626311470129,51.871263652691354,28.509940221671847,120.26714758240269,1.5300299585207693,1.2975419512136328,1.161076686063336,1.0991520438197522,1.5676682163477054,THUMBS_UP
59.11147736235437,64.05885805021988,49.83333187180379,3.5385806500616663,168.00723891898716,1.3766549230514977,1.1330465353055237,1.0309681976254141,1.0205495490324201,2.5206412002293934,THUMBS_UP
56.542794399234886,56.926988733014845,49.611919349970286,11.039424034367427,165.92177733443563,1.2841839768463752,1.0778739976045861,0.9541955199809029,0.9665927317795032,2.3103718088390197,THUMBS_UP
57.78291201420625,55.60492599858153,48.56938222018976,24.12588216229419,161.19955340824157,1.3725876409018678,1.1436116868016029,1.0275162311297164,0.9944491169333305,2.2629477026029368,THUMBS_UP
54.80407777204309,51.000054917983164,46.42595312771671,23.901070665878958,169.03754351925562,1.3799191079886184,1.1476477434270387,1.008872658821603,0.9801243384023013,2.4423857659407706,THUMBS_UP
44.53137527494791,43.5525918592482,38.19858215578563,21.198117590633114,164.30477758769862,1.3534258226848557,1.0927043951470217,0.9341874208607304,0.8836159193947096,2.3099439444634853,THUMBS_UP
44.99425160797403,41.16857178268986,35.2582283818566,23.030957879253094,161.6788425979153,1.4116877762984883,1.1662173730040666,1.0046258514120576,0.9184174434000804,2.4267896295312923,THUMBS_UP
52.49530206359482,42.442291690788416,36.0382461978129,25.87510680815093,162.32295933400886,1.5636020370192283,1.3160633906514525,1.1190545273717654,1.020864872093149,2.670891255614051,THUMBS_UP
50.890271237892925,38.86869251820921,36.82150862086627,24.86980524473438,161.30136333576846,1.53856227524474,1.3041855132129068,1.0872985979530025,0.9797503940693983,2.6116930220985703,THUMBS_UP
46.13310310695381,38.722475139703036,33.7081336118379,24.423080535497046,164.007927208844,1.6211256831299454,1.348297775793456,1.0915268012035733,0.9293359297413396,2.705087359064736,THUMBS_UP
47.62916527878168,38.7205184585648,34.63621441293376,27.15310212460283,162.2027643077186,1.5509882236654946,1.2548068367497172,1.0148484413607106,0.8571879818922052,2.603583331725545,THUMBS_UP
43.623070718912146,35.953435228909875,33.50610222394383,24.02558906427315,160.80381134454203,1.5548804420068787,1.2868169844536803,1.0389261540180095,0.8728752271480106,2.5710693375069065,THUMBS_UP
45.53894210821258,36.74354309027527,33.90313990516055,21.073532488417563,162.2791300652976,1.5170038537400565,1.2347870459674963,0.9811134866825936,0.8595942529072059,2.6065697875234126,THUMBS_UP
43.900260576484726,35.62476205546102,32.935490283805635,17.57256702653851,162.39467180097517,1.500413055440829,1.2194167371424771,0.9814440940470956,0.8745683286817219,2.5620637576483536,THUMBS_UP
49.99297786316421,40.707628331465614,37.01555565452135,26.06481596077942,165.095705788505,1.5081621201562567,1.2552906426567023,1.0689429875077703,0.9757976171181391,2.5427008767799664,THUMBS_UP
53.05339659566891,47.203600579218985,44.24771448718848,28.43627432574876,166.44495681877,1.4578926422031453,1.222053895275629,1.0567846952270068,0.9973641333633616,2.496266652073576,THUMBS_UP
49.221592249356455,45.37909654855644,40.413216681387524,23.60786235448629,162.7417169231085,1.3368219677029718,1.0886559681876307,0.9368146178550069,0.8924145060511094,2.418449756225439,THUMBS_UP
52.63833322083732,45.76358152746701,41.40603760733087,25.479471066041423,165.23551437304113,1.3982201732140456,1.16585460909952,1.0025774495478175,0.9658935645959428,2.5137349207105326,THUMBS_UP
46.10178589927378,40.07120828419565,36.209949798639556,20.210037641931446,163.39720440996382,1.4009143227501921,1.1687927261553563,0.9881739272639327,0.9292946171408991,2.482932440724708,THUMBS_UP
46.68206508933316,41.803074217598684,35.26531655530212,22.527324961091,161.82984480716,1.481028616718546,1.219730778086988,1.0073521662867713,0.9141720471095117,2.5131319854904874,THUMBS_UP
39.903919939182536,33.42303649701604,28.433627124925653,21.083410883472627,163.45148446178266,1.4386166389403041,1.1786918597238654,0.9606277964120962,0.8395403107069666,2.4739054920734107,THUMBS_UP
42.15548838691508,35.89652155345054,31.16363621361734,19.570030308800867,166.8679006283914,1.4491906711789662,1.1950099981743934,0.9972054358789149,0.8922969776465666,2.4871007177494358,THUMBS_UP
47.66363835779289,41.1281937407622,33.89775468988848,24.118979180083674,164.0474340838169,1.4169424007044729,1.18588277009173,1.0100810130288804,0.9244356672540518,2.465826095548922,THUMBS_UP
177.24076298292965,179.84484863703415,25.3137126144888,3.0310394354376755,162.19480926589037,1.51173446592093,1.4751967278361093,0.770607655652281,0.6586728988140126,0.939961814130305,PEACE
177.82044962967424,179.3423713910918,25.59544974438942,2.721125989033344,165.66697016774538,1.496770386006311,1.4609387956100919,0.7651469918806768,0.640136976753159,0.9477021219331405,PEACE
179.55972913625052,175.75872264181692,36.69500305712365,1.6670587178353293,164.0336325441039,1.5474486455709655,1.5266594084750698,0.8465090184377371,0.7167083986237575,0.9021723639439001,PEACE
178.00888319006256,174.81356848240597,50.49862162574753,5.793990152735776,162.98634643151556,1.6444853975207314,1.6439748995070071,0.9507110815962145,0.8411776472606894,0.938495549003436,PEACE
177.86565299986933,175.71062024829715,67.88472623389657,170.14029537689268,163.5912474673938,1.7039028179796851,1.7124247880292154,1.0229304550165483,0.9191132558873427,0.9711330289748705,PEACE
175.57537733464704,175.40430743332428,43.800643743772326,170.46182875861888,159.73684369917646,1.8659718042256197,1.9167016269963468,1.058207887869127,1.1709138488187456,1.0733411238224595,PEACE
177.04085013681015,175.76175862195075,35.329702623317054,13.461064728321023,159.99877999814285,1.585080080041654,1.6368919167774543,0.8528883877827285,0.7746203904980062,0.8996885704591504,PEACE
179.16682500984277,175.39340090933737,40.58508124294979,36.36706628639211,159.69176964761817,1.57508375404985,1.6112384440578065,0.8560945891210991,0.7994886661834694,0.9158360381094406,PEACE
178.43965491270708,175.6694285225527,43.94479601032145,52.030321460990464,158.53876564167484,1.6282374393824874,1.674511153175931,0.8921395427979142,0.8650881470625744,0.9478570269073235,PEACE
178.61215352637532,175.4916323335421,45.331171011864406,52.04993666499903,159.2659884962008,1.622003872255762,1.6715119308979007,0.8889915812599686,0.8598039347718242,0.9437178747475472,PEACE
169.72025831011692,171.60789667541138,47.589342293212184,51.54913561359862,158.80445627806066,1.6627319591736789,1.7319436286696457,0.9498520476213228,0.8872290227425581,0.9718722519039501,PEACE
168.8426265055211,170.38261266904416,50.161814731019156,44.418576196752795,158.80969837574048,1.7081435241137821,1.7759660869590563,0.9957434185133015,0.9231700752084641,1.0189250325110992,PEACE
172.86930701179554,173.99906000534517,45.8477567212068,32.288676325097605,161.61925902320522,1.6521186532293275,1.7152638217264773,0.9368844572395709,0.8733508797450104,0.9848355574526635,PEACE
173.12069051991477,172.7583905784411,51.715004077966,45.34106909944014,157.629616372261,1.6608777648737059,1.7297974473169342,0.9641573157717739,0.8925224227173619,0.9819966078541692,PEACE
171.85717299542864,172.17909773452544,56.266255406282454,58.07383218035473,155.5791384884297,1.662964785946993,1.7228006677283114,0.9626736475655447,0.8956405168973423,1.0042889348152884,PEACE
169.68525506321112,170.5252677942658,66.65004125465825,81.34481787417978,155.91231559311325,1.6565948666648913,1.7068529376142698,0.9772016280151894,0.8960554371729752,1.008781310123982,PEACE
178.9013670028936,170.911736554583,89.39082390493373,120.06780417724659,170.262172683642,1.6163254459516265,1.6469178126585324,0.8876114379849246,0.8486330478161267,0.9475855060091442,PEACE
178.8128948482675,163.08411184853867,92.71998359020675,121.0884094292358,178.14882853782336,1.6984988824893406,1.763098922291575,0.9447701099220007,0.85560930624473,1.0038535625742393,PEACE
171.003499011024,164.09794103524345,50.967960675233286,85.7186115930159,119.17869211086119,1.945336262320476,2.1655117217732203,0.993790547743639,0.9505804124908055,1.088063742554622,PEACE
173.10187800615105,167.15218699532173,42.205755094490705,72.6629703918992,130.65575483977432,1.9001443162563645,2.120567579618434,1.020310507909289,0.9227761357247086,1.0915477205572144,PEACE
177.5956340550528,171.2418138976789,31.039163511154882,56.47898686641636,134.0076446468807,1.7543692487848361,1.9527928579883995,0.9075046525591882,0.8057833983985975,1.0069996991382737,PEACE
179.71122186180517,172.163064361257,29.232012730232466,51.60729619604643,134.61392657432165,1.7119240558790065,1.9072271054954515,0.8923214055146369,0.7635354710829682,0.9564216382921269,PEACE
177.410113274192,178.425457391499,0.32929075051060636,13.2598951973921,155.68067341093203,1.6203031318461025,1.7549859986755931,0.9277403646079784,0.8274422196102466,0.9335580652655854,PEACE
177.60399699955173,176.83387197427038,6.504639004649572,3.3750560375971723,159.88975036090008,1.5885481160336188,1.735906930397627,0.9183834474727539,0.8509956742380289,0.8904831858301473,PEACE
178.446429887008,176.30005002844422,6.049306139932014,3.6915628972202836,157.92110702927465,1.5863151484619855,1.7335808727208324,0.9193135927164128,0.8466465230704197,0.8877521576449579,PEACE
177.76018398390926,176.32741071624352,5.331764098046496,6.315730376666246,156.14558682878902,1.61644413459772,1.76100402430561,0.9407628696194783,0.8648011114853095,0.9161862659335706,PEACE
178.57483634423073,177.95251345144908,0.5576805190163815,14.58296604466132,153.81296241563547,1.6398334829027603,1.780916291211277,0.9528032888135205,0.8481225678496612,0.9572644145911893,PEACE
178.30288920052953,179.97513786475588,4.923499233127211,22.74200147157895,150.23184343651357,1.665770874972717,1.797212746662915,0.956134691811679,0.8415252775776557,0.9826414210457458,PEACE
176.74230468702407,166.81150793501067,36.09793544649258,68.76844513688366,126.03887565804358,1.9364153780238895,2.1181936248190003,1.0289942250969357,0.9654736358587166,1.157709198865691,PEACE
170.38627711752395,160.5239787333609,45.53611553760582,81.16056132551257,123.41325778229978,2.0521149276115733,2.2763844844697574,1.1062012450136325,1.0631525134140394,1.2428779451154286,PEACE
162.6563252522029,154.29307122069457,77.7274769116041,114.41015955848763,156.71636674655363,1.9221661071173015,2.09396674213575,1.071341581905875,0.9693302890622452,1.174074487963109,PEACE
166.71821771717632,156.28905101200178,86.02425746072943,126.05121883357761,157.21850259086514,1.955460594882729,2.1164574801468325,1.1230971289713207,1.0177615016021004,1.1936925132363694,PEACE
175.05066561287512,159.72425715781537,87.07530208004883,131.41701788590237,164.765855122076,1.9267443746133166,2.070900819224984,1.10443997709547,1.0230722738755345,1.1454320344833457,PEACE
178.36313225420596,161.83077933913222,89.07489325826383,123.22493033078389,176.20627180551858,1.742045323113798,1.7663867478972488,0.9830943856482979,0.9160711121278661,1.0685202802649465,PEACE
175.514211189228,164.8138559973145,88.96296653509974,124.43086697897051,171.70411155737975,1.7086704753123236,1.7630873045731383,0.9998441883637355,0.9532075711331545,1.026781638408135,PEACE
174.76340384897406,164.45625346175242,90.64230634490873,122.29548860499168,169.49287825608408,1.7896746255920621,1.8953624170133554,1.1105359180673813,1.0441824181573223,1.112127846577586,PEACE
174.23800864491707,170.7885271897942,87.72102998131759,125.23484054292129,159.6101880383604,1.6766839881791133,1.6901281685899676,1.0014454748249753,0.9291953052258829,1.0820021754008398,PEACE
173.12762025230364,169.02344532190622,86.77260646152021,125.12692673013397,162.0230838386337,1.6769819300084166,1.6773252239346932,1.012089890753641,0.9374892197539567,1.0875246762066508,PEACE
174.34923114918152,164.75473036527603,77.31273446747926,145.27743481313487,158.9996099575379,1.7198679383131126,1.71224831518439,1.0321025286979828,1.00850535806736,1.045820700629926,PEACE
173.6307717085118,167.35300928077956,76.8647634062669,152.57516173285293,159.69124871856346,1.7080264204350106,1.7135200675769913,1.0373443312307455,0.9794811528611393,1.05408143107017,PEACE
178.20866189515732,173.19789853652318,14.637595205697659,59.01323694624855,163.50118715386776,1.6727997837521407,1.6689435502005572,0.8943315461805903,0.8734164387901558,0.9569882135363073,PEACE
178.73195061026232,176.4349593148671,1.2291396737662013,69.20930480018356,160.6282633095044,1.7091068573236525,1.7104240028109727,0.9419796405192378,0.9022133903088306,0.969333763457016,PEACE
178.99133906895705,176.00760811865064,11.415929820596814,95.61421998434321,159.41863018802212,1.7695678717968226,1.754077648997266,1.0117077744397018,0.9674882433148815,0.996093412053295,PEACE
178.27260346052466,175.36874808356978,20.853351000087766,48.7609657792963,152.04502941775826,1.670254350523671,1.6667460909981529,0.8832346835185106,0.8513548132570941,0.8958249349101551,PEACE
179.1406948625091,175.87741897859104,28.235735486020822,57.429296300297686,151.9078467260669,1.6451685643192788,1.6830284489612624,0.8527873405177401,0.8191528042000639,0.8590466182665245,PEACE
179.3083230494766,176.03214781908008,30.65449245013003,52.25058251258091,153.931410134233,1.651493609795569,1.694025511506481,0.8719836700478718,0.8291022177292741,0.8660207902280226,PEACE
178.71576397727858,176.34772741974373,32.995758066944575,66.84330344570438,149.45533244957852,1.632916691124558,1.6492952019781217,0.863003671102424,0.8416940218244788,0.8826855981137429,PEACE
178.60203919225285,178.54358506051108,36.454808902328246,49.9722169741802,141.4164624838891,1.5986291083379727,1.5663628133795828,0.8280926782200199,0.7923234553001977,0.842236005542017,PEACE
179.62111091640924,174.54321973465883,33.89082037853705,55.578925007028694,151.85160342876893,1.6375732812181674,1.677702796447713,0.8523326178764861,0.8035337324327553,0.8974305363901456,PEACE
178.48563949279313,174.10437791396166,38.733775617564774,41.297334365461076,143.92670216652775,1.5542660156211008,1.55859754208605,0.7782605335883902,0.7220125236688335,0.8376935639910604,PEACE
178.19348970517373,175.0257603727039,34.791874289510616,44.23205443713238,149.3200867720998,1.5340049828142126,1.4968541951257799,0.7667708377317082,0.6911163915448677,0.8279531070816669,PEACE
179.1084112624656,174.98756026176537,31.93255173001287,39.17768746223359,145.22132734963657,1.5012964962854098,1.464209659475489,0.7398415348303752,0.6671328630372136,0.8083283217096202,PEACE
176.8561611698174,173.93696801258926,27.97320795821759,42.80698626788293,148.78025899843075,1.542620985196606,1.5266347081281515,0.7922878527476851,0.7305294835974313,0.8359513515710999,PEACE
178.07853844636483,178.97477642918477,18.56464863771718,32.527599262579265,148.80447534455962,1.5227086566217727,1.470777330847922,0.7760601290960703,0.7054742575699523,0.8102794212081664,PEACE
174.4128712132339,177.19154172175325,0.07063782795402107,43.24490243672122,150.5376801106485,1.6582790971684642,1.6382806204627196,0.9340454822664331,0.8707466610439171,0.9299502825611756,PEACE
176.00378899418376,174.29931175923764,16.1544577461722,10.038528285330097,149.6578867412041,1.6169072182286566,1.6098899304942011,0.8512941676450763,0.8317043775163778,0.9067173569148935,PEACE
175.77666917410446,174.97356992138847,22.144267123248305,63.13546686161122,154.96106383492221,1.69286424606751,1.6877152280362087,0.9276387491342474,0.9203361500550619,0.9744878691265295,PEACE
176.48375671957854,177.11543132872455,15.865061638024764,20.452111189611553,152.22177888863246,1.629038059632028,1.6153665765926932,0.8608805473968087,0.8339544036345687,0.9266970551673033,PEACE
176.09235593250293,176.06434838620592,14.168266671501922,15.503775402858047,150.17646511092934,1.6205594358901094,1.6114586953266294,0.8582291492581905,0.818574914130293,0.9231786476816087,PEACE
177.4243167405219,176.0634031883394,14.656484725376108,47.000735782799275,151.2783542290639,1.6917206004940122,1.6786051776641855,0.9243243256988092,0.9036534579448817,0.9712885223743446,PEACE
176.81977338214958,176.06373513847444,14.782471619990279,40.00998707987502,151.0249762622336,1.6841898233333565,1.6766405919938443,0.9149801127868864,0.8966636409225133,0.9640307012295317,PEACE
178.18750857943334,177.19932922466197,11.346879017123268,34.991333353982554,154.7167888543104,1.684086850649798,1.694860459708297,0.921832679370728,0.8946346765192255,0.9619601693643164,PEACE
176.84910650004213,176.6061449602117,44.43190471573374,36.46254493082766,150.68718416420884,1.623454777744835,1.6546980246073149,0.8898277253815868,0.8626855459328773,0.9345976535524461,PEACE
177.02507685368371,176.46347463535915,48.04642031118294,37.86723242068512,152.7352740956349,1.6057177251890324,1.6409357355477447,0.8845478835884204,0.8452336785916557,0.9473602158340703,PEACE
175.9703840981545,176.93118240704257,92.93018302407116,117.90876306885689,157.34182999015573,1.6393109453510892,1.715755378125742,1.0298564327277877,0.9794401953824663,1.0225795181112407,PEACE
177.44816230065524,176.49854635195499,104.81453111883526,135.3369739000494,171.24615130366612,1.7884275448507774,1.8590782086509743,1.1032648253044635,1.0429180314807438,1.0704408928050007,PEACE
177.42383631776062,176.199084802077,106.79590276976172,134.6414716272903,178.06207996054707,1.6813771734636334,1.7380924679252063,0.9698321592209057,0.9172634389988031,1.0515315308996656,PEACE
179.50096357412414,172.04216683678547,110.11892751886425,131.78831431926926,175.63086678385145,1.7264521854168298,1.8220684747017108,0.9785842358327795,0.8643488998533801,1.0114675364121384,PEACE
179.1776698647571,170.7299505935672,108.70338346871591,130.81202718316362,167.95607559702407,1.7690159244796326,1.8852455951113123,0.9868779175890743,0.8828225935074604,1.0375564118438452,PEACE
177.7855318369244,173.21036924431112,99.36310686526818,125.29692316436375,118.1955730718885,1.6968851135902776,1.8267957923519247,0.8422528987273171,0.7412497885184087,0.8934782265060596,PEACE
177.68307520698943,179.32655728634026,48.04131530797577,81.56532175607052,123.34701980469573,1.5222736474965421,1.7750481932700897,0.6620469538564787,0.5339014286260619,0.6799496236536402,PEACE
177.91342074067876,177.7988431640032,34.75290529323257,53.43054197399512,129.77915260499432,1.4824422935055401,1.7021605043992978,0.6356937922021422,0.518274393929199,0.6447754852094354,PEACE
178.77170165757397,179.68490562497624,28.094515982626742,45.98409050157877,135.0373679530153,1.4309909428786578,1.6581358254200556,0.5841263223419746,0.48259535390274966,0.5890146475977598,PEACE
177.53060595264574,179.50285849546103,27.112221072126562,45.31469507169402,135.04897842425686,1.4274606587320735,1.6551842544807582,0.5863840086545175,0.4792417397048968,0.6050809781804605,PEACE
179.5802990875412,179.18364746022203,26.303987779400234,42.60683092819204,138.55817023346512,1.4391581168046712,1.6691995999320886,0.6197788651983194,0.4998616478879644,0.6228653835044711,PEACE
178.3280181019148,179.0825501880938,26.97713909470465,44.41196836036825,136.84611982327561,1.4218243590212716,1.6400768932190974,0.5933498257981737,0.47134526309358904,0.6064009056703241,PEACE
178.807860345607,178.74394368715153,30.2286431912024,52.2686669191514,130.87373602662566,1.451107035760833,1.6618533260509922,0.6024558681144275,0.48512887304999786,0.6417622501837384,PEACE
178.36824370078,177.32324741966502,38.92187627040027,68.82158833943527,128.63603739564107,1.4781578038091077,1.6936958382693528,0.6349359866521176,0.4918703382545294,0.6740122859844413,PEACE
177.91967613909813,172.63256534053227,69.99679466377629,106.3484095618658,108.54759029688628,1.6064871442950956,1.790846190925209,0.727208552916259,0.6101934054550926,0.7931697900706675,PEACE
175.8616167954852,171.981414328169,77.24928841386198,111.39775813723374,108.68966798482555,1.6576034285917323,1.8570243042194998,0.7523870271648944,0.6652116473736637,0.8287125588008456,PEACE
174.01732735409638,167.11226001666626,90.40126804178914,121.32056742997497,112.48838294732147,1.6826392048468897,1.8290872366009012,0.811864861878957,0.7190724748411028,0.8747626809136576,PEACE
177.71444918584865,170.32446829621767,100.88906625668682,123.52297957198836,172.86001395778055,1.5969262994397935,1.6106256607306084,0.889477462222917,0.8363588371650336,0.9424781735465448,PEACE
179.73173031877369,170.6540964831596,99.94006625768024,129.0751351385527,175.12054582935565,1.6251101636106977,1.65429457754252,0.9160432536479423,0.8753391457376635,0.9596396363679256,PEACE
175.07608224382093,168.69626901389313,90.528467036673,123.32779659544283,165.611914905527,1.7075509183982476,1.7104813227070053,0.9948619792479569,0.9742411594892748,1.0327073395050372,PEACE
174.4096594778597,171.68918603604578,89.80844520145432,118.1065441858101,157.6827740716441,1.6954073844916617,1.7103752879060214,1.0350904814240387,0.9579408337206251,1.0938447393828818,PEACE
174.69587574367387,172.33965309725127,90.2364067226785,123.58480433153429,160.0410187056571,1.720960911084496,1.7389573728360301,1.0688196296066799,0.987149336522,1.1225429969505811,PEACE
175.77887502723752,174.09748524716946,42.25864901820776,114.5833786876908,153.67932584240214,1.8314396352691353,1.8871056047224857,1.050906500651233,1.075781172750603,1.1001515359915777,PEACE
176.2484661448534,174.67574928628375,14.765268509444699,1.4884931679326958,162.87475769652545,1.7574025914952682,1.8268706844215117,0.9816833068626061,0.9366727925660796,1.1027356490662636,PEACE
177.2751041002558,178.13741135800524,0.8954583632477243,15.7407306167057,160.03758257763147,1.8531681129231456,1.9973990967935016,1.0941354243370511,1.0266294957972866,1.099965999087988,PEACE
179.83307169284507,179.93319346359183,2.7723867293362985,16.34515808507522,157.86373282821734,1.8124262117129928,1.9761274695035835,1.0623682607859553,1.0065340260967555,1.0767600322301398,PEACE
179.5685700709408,178.81444190103412,15.648089543097289,23.552379128767537,150.0812995225757,1.7971657506846617,1.977927524692294,1.0898639345581598,1.0000706075181163,1.0015978443391238,PEACE
179.6651455568403,179.89310846343278,21.237091884105826,27.161762738646985,152.27808552043027,1.7445360313640765,1.9432989054642407,1.0295274364334737,0.9344269164738633,0.968385663848214,PEACE
178.30227412638894,178.82504443823544,19.136473138093056,27.780371671777296,153.76473204564508,1.7804111424155689,1.9599159262265944,1.0427295606155504,0.9766747646134912,0.9964623683120855,PEACE
178.5580155887621,178.77192778940056,21.94799869211271,36.27535797523742,157.9252380205568,1.8621284896141082,2.0654932895462554,1.0919758324245652,1.057281516615132,1.0724251564559761,PEACE
179.8861595897262,179.94755612073305,11.763632679005816,24.006666422988225,160.63398602327248,1.7642529097676651,1.9358222725662309,1.0174704018242349,0.9661586074694424,1.0325536235380972,PEACE
178.0676854808117,178.96231423869747,18.178455362689423,30.703657071140352,158.9304047732413,1.8062551201591421,1.971267360191835,1.0500471199309,1.008843382055183,1.0330112375292446,PEACE
179.1402631656071,179.4408166328039,13.199567357079454,26.285451448291415,160.50908360780844,1.8273475727353672,1.9721587508756908,1.1042262885262182,1.0347474442213918,1.075356825214133,PEACE
178.18552860475575,179.76777971571954,13.672234844726118,24.44734137903938,157.2167262335814,1.802872941129264,1.9554889853957018,1.086765400156896,1.0163411829734874,1.0392681871897271,PEACE
179.09351063911467,178.74100697056545,9.520948071802932,31.197282997765743,159.8574983608975,1.8365506058428829,1.9426514517736762,1.0814365034888183,1.0346594388504926,1.1006301689345066,PEACE
179.85169196263254,178.0750601069365,2.787783600635358,20.566314336753862,159.72196432339604,1.7457114794296487,1.8241886453382512,0.9882448651777116,0.9267399170748157,1.026104009152752,PEACE
179.9491957346533,177.83201366460733,8.934097213932656,136.87387350640844,163.44007862412292,1.8679509284350642,1.8852984421381023,1.083782375252068,1.1193860223013194,1.1235010680947106,PEACE
179.27824891997605,174.86218044939056,86.55464684783712,157.0841437842749,162.8528340774833,1.8638170865190644,1.8444794814726737,1.182889107953861,1.140491773064585,1.141042339995341,PEACE
178.50074338206437,174.66993284019367,117.34403261761055,167.79583603554045,163.79645886080073,1.7457473278861448,1.6885094312898987,1.10947218382516,1.0644562224406353,1.017887951857387,PEACE
176.87851946535415,176.46999525861548,83.21023210277203,165.38867158513054,164.51072088813197,1.7893732445102606,1.69703142266276,1.0715257725234053,1.1037582064995772,1.0641630082905758,PEACE
177.36204739062532,173.91292865678628,75.79367592758116,175.60098738670672,166.2575398932279,1.719562813362235,1.6309041942380589,1.012147653264151,1.043850373680827,1.0526025759877706,PEACE
176.96408214996586,175.03192640146546,48.47135018217187,176.13207973251906,155.92295944407073,1.7417975105612085,1.6318335046222154,0.9406724966417251,1.0586316491830203,1.0279770144502927,PEACE
178.34225261796962,170.53616131209276,55.650916830048665,178.86021756728016,156.14122375719765,1.73729216262403,1.627403016686327,0.9469257447989636,1.0712575898843293,1.0383702102693857,PEACE
177.76071890454796,169.01866727205098,58.67450000858162,177.47975747146765,155.51521833826325,1.7275056047210744,1.6157438897441043,0.942709212101145,1.0786982467105346,1.027014388362714,PEACE
179.02407846923248,172.30382415194003,57.66553921667093,173.29694129249316,155.00241386449156,1.7874280404263954,1.6819035864624292,0.9935323134376912,1.1134022111141815,1.0817438989330252,PEACE
177.93446127974028,171.09365900580016,54.73927636524408,173.56933011679325,155.60360495891072,1.805355089484401,1.7122155790903106,1.0103856084168736,1.117077468721645,1.1005972519387506,PEACE
178.74201131007942,171.29329853847386,46.0783965852542,174.26052041840396,148.84916728670987,1.8787819833320003,1.831428783214981,1.0500516923253225,1.1821214855583162,1.0975330094849307,PEACE
179.89608743351107,172.74778264405674,31.009404321323046,179.68949548727045,147.46519678192428,1.8890241334754456,1.8647216722147513,1.0370925628668026,1.1726507814519302,1.0916833479086168,PEACE
179.2675974351751,175.23445942381105,26.322172680867396,115.52684572096766,154.40591818388643,1.8040791936127658,1.7976760367048825,1.0101305152874447,1.062102604405595,1.0703730410762657,PEACE
179.99002994513774,175.6198281221487,14.32482910945298,37.916592669726164,159.39762082599316,1.891028011067355,1.9534199022398533,1.1161535134526341,1.1602484567724571,1.0976470149705302,PEACE
179.77978466194884,179.11793711129587,1.819798490321206,27.819606376352393,159.5135991971171,1.8800671860957345,1.991814596500313,1.097411360748955,1.1188031276814614,1.0970051140855654,PEACE
178.4984053938523,177.7926651451403,3.364031013443462,56.82082570918731,161.9690793341387,1.92505562949219,2.061193065668583,1.1431485097793677,1.191844703340341,1.1307221549798245,PEACE
179.78427848678234,177.5838735138004,7.738273976697979,92.32050179052919,161.2359467991515,1.9715074963385706,2.0843721224741745,1.2048980939021756,1.2504865782999137,1.1550670086469037,PEACE
176.94495446904372,179.96640283955776,0.4381306227448006,33.6821615055777,159.30832188870622,1.8887946690545085,2.0223393152471973,1.1262723958523184,1.1477902487257954,1.0615361755809718,PEACE
177.18082491761834,179.41616519872593,4.244121937587489,23.30287019437767,157.96473853817022,1.8721033936098055,2.0069381045746577,1.115866277132181,1.1318961871481645,1.0610350895933887,PEACE
177.2305747973134,179.51788016880766,3.846377985877747,27.54339535438641,158.42138363341502,1.8692813929682586,1.9913797235836699,1.115070538505484,1.1169278217455652,1.024784418706884,PEACE
179.34615048612335,177.4331308941346,0.32248830307693793,12.103418163141459,135.91527639677756,1.3231326320176788,1.369285713777078,0.47448206009191646,0.41158384597237085,0.5384635772866779,PEACE
179.90829702331084,177.24787769542263,1.079912304244074,10.79320511076189,139.35229323099418,1.3075830443571788,1.3501743197403782,0.4600563251958736,0.3971085111182202,0.5207643174483589,PEACE
178.7789034586162,177.30182489251362,0.8061346215035915,13.81048098079823,139.32586119365646,1.313132892854921,1.3431202154176158,0.4589359658111128,0.3958854095482191,0.524247822188844,PEACE
177.43202777412927,176.80195724059328,0.9565210865081162,16.687711046555563,137.68778400948744,1.3397694839654946,1.3685204069473684,0.47570326960746523,0.41534726578305436,0.5409561741331823,PEACE
178.07758903566503,176.862253268202,1.7501878826665762,18.71409559223111,137.28587590878163,1.3562289534478655,1.3796940695554571,0.4930209860027372,0.43116352624824056,0.5520715361865608,PEACE
177.65216809454367,178.72853658615412,3.7086954098719342,16.247911949257265,138.50927515746935,1.3583724196603602,1.3825427950714564,0.5053989517383913,0.4451854285573411,0.5777230005673317,PEACE
178.32614332032256,178.97994899164004,4.024857107829893,17.913033191262492,137.81954138155672,1.3676558960076182,1.395858222745621,0.5054701909484489,0.4507725978140525,0.5947873169062294,PEACE
178.85330321632628,178.12467068618423,5.234389681663544,23.255192481160865,132.81973605703834,1.4165481473554768,1.4497141050344102,0.5598152400824713,0.4913515653998988,0.630542054993583,PEACE
178.70434272587158,177.9917832858239,4.84992431818579,22.008783450060527,134.27422868282906,1.4074083838499172,1.441945373166214,0.5616172058042633,0.482207158117628,0.6428840925323087,PEACE
176.4396139130679,178.6500417494722,5.616536837949615,21.577230033195715,138.45342640047096,1.414795229797703,1.445309324121197,0.555207369309837,0.4976141111739819,0.6418945857265828,PEACE
178.5590435746227,178.5765002595016,6.811152129882516,23.026920468813763,135.396561526294,1.4402350493168048,1.4742074280121866,0.5995135634636046,0.5184137230771771,0.6800012008324205,PEACE
176.20474150828497,178.89043792350924,7.292685526727659,24.780140336879924,130.74205185101167,1.4370080436489785,1.4642477741938003,0.5732853978619451,0.5115838176897556,0.6625964154112514,PEACE
175.87385490195197,178.60636839317615,4.388865027960023,22.926801554574535,133.9024536907335,1.4262373075752228,1.457014092210272,0.5704798320359735,0.5025606871876512,0.6538523348362119,PEACE
176.72012705000367,178.31713044155688,6.128093414669374,25.156966454169446,139.7143349970594,1.4163579870058294,1.4500060331905464,0.5554148664122972,0.48371612958774846,0.6187712733895414,PEACE
177.08298355082562,178.75141312373597,5.79606773159615,20.288217430159122,134.3938896292686,1.4396200306050324,1.4769367274319118,0.5913158632590036,0.5169319756811986,0.6654933419543838,PEACE
177.689024217434,179.9252839463645,11.31197832903728,30.484014088845317,131.44630006454045,1.5348888805678045,1.5776035495899299,0.6982816735839719,0.6095784706730061,0.7476014614414938,PEACE
176.124446471241,179.83330153100275,13.53837293176983,35.052609526139555,130.56138031881272,1.5456047539770537,1.5860290055749249,0.6847025413560819,0.6127486636425323,0.7616133974967927,PEACE
176.79402606795188,179.36076758912412,14.68666233221969,36.97902765328048,128.66194101261834,1.5541703391371338,1.5799859382841472,0.692691446921032,0.6202846285084179,0.7704748221802571,PEACE
177.30840540057585,179.04570060836372,16.33458385378802,35.48173857057831,134.13063617675058,1.6090375860578745,1.6394002101452223,0.7313759362009318,0.6892806169252782,0.8123325984263352,PEACE
176.69807016624,178.45487096020432,11.285986474366304,33.88775275628154,133.59837938566045,1.5759534721239379,1.6060221084966562,0.7029044285533328,0.6685263830564652,0.7819283687360749,PEACE
178.4000632483461,179.29302615307253,14.361889489418438,38.38429301960318,131.5663722197038,1.6178007131411802,1.6486757117656683,0.7687249710504432,0.7029941648209497,0.8308473122532072,PEACE
179.76194256893186,179.6376966241473,13.863013939686935,36.01165808865554,128.96661162777298,1.645677675362414,1.6941847809100852,0.8250282820238846,0.7345191942987459,0.8716288110761145,PEACE
176.34638394943727,178.88303637720432,12.433953859730645,33.80660705314631,140.77242557883773,1.6076255980407723,1.6353250951158333,0.7773648736030604,0.7051108179591453,0.8387959466610369,PEACE
176.05321607577145,179.3962988813861,14.556795871307372,36.731349813534706,137.7423681509241,1.6266455159146187,1.6606393030347932,0.7969966934003514,0.7245125794651216,0.8310100377528935,PEACE
176.4534441455627,179.06877192985638,15.598114090736564,32.526911661264855,136.86131402504463,1.604155124034923,1.648789129504126,0.7825516493859515,0.6891584274682707,0.8263744410450905,PEACE
176.04131662528243,178.4630259253922,11.870065517854586,36.92684579580577,139.11923875117714,1.5549468733129241,1.6035681429158453,0.7331571660872344,0.6447014455535871,0.7496275178559177,PEACE
177.7701694170905,178.40719219089027,0.24627771828540773,11.958632514451509,143.83654774989486,1.469202538946412,1.5744721219642057,0.6592274137528121,0.5863505685865317,0.703892656475789,PEACE
176.61218300933837,177.55648031441117,1.3634866561383836,11.117020942001378,145.01927917297883,1.4831070714149561,1.6073319527336898,0.6645758215826711,0.6009748424950565,0.7090543458174274,PEACE
176.82440338961257,179.25486337188744,15.426137563335873,33.848398586856476,144.89491484239315,1.4805740017631173,1.6635468626267553,0.6846454861535959,0.5546390848762024,0.6371490244419511,PEACE
179.28442563336282,179.0698551576835,23.676302675942413,51.01717470781808,126.69998574405066,1.4260830959108222,1.6691570211565718,0.6274399367415047,0.4910625934512168,0.5111483246337135,PEACE
179.75163459374838,179.63996835752414,21.265115400257542,42.96062315273496,134.37681174138197,1.4125594517758846,1.6507735572201547,0.5810482138596099,0.4818444025297685,0.48542929876201996,PEACE
178.86388029300687,178.48584785853794,21.203984814161583,42.44973430440348,130.90355188982286,1.390679440399682,1.6252256105807605,0.5713815971525991,0.46087754035281925,0.47554755045296593,PEACE
179.15150358855584,178.90392021216448,23.186669957184748,44.30151500090192,134.00435087051656,1.4203474187067726,1.6645402434066332,0.6034876771381852,0.49488059993213573,0.4996368935889384,PEACE
179.42718495292857,179.48383882345453,27.472378604228226,48.77398347188297,134.21365310946163,1.434492251597677,1.6868939823578126,0.6041724524304355,0.4919438349514719,0.5699910135630479,PEACE
175.9289475677172,178.14598985505899,23.623634630568574,42.07897422380841,139.0952205796086,1.5263074369371852,1.7635182246173633,0.6850131223408601,0.5850112118451981,0.6981399105391851,PEACE
176.5502126739957,179.11614218593346,17.43718208500227,39.886148857102654,142.81490541266484,1.5829424788626039,1.7570865481090014,0.728935170257412,0.6480354213661661,0.7610842269198397,PEACE
176.86578636920035,179.91035112988612,19.255114011522753,41.61517888148129,139.60883188616202,1.5613347241998936,1.7009078766771637,0.7121057347713095,0.6161223589787003,0.7441777908289853,PEACE
176.14404792869738,179.5984541638002,21.641238072029125,49.01962826844801,137.23341737286106,1.5252806375862995,1.571984741431697,0.6522216506743033,0.5513002788374969,0.7217485522011893,PEACE
175.32651598903658,179.48883094885161,20.38203101695439,44.86591436997403,134.15071203176404,1.5172742722063948,1.5582926120196061,0.6550692751314527,0.5483192725835933,0.7309591271482809,PEACE
175.47130264148808,179.59244623050557,20.096227036749006,42.013023513054634,133.9440041138419,1.511562022835019,1.5620038507775609,0.6505656788924228,0.5458659903493273,0.7144083116118024,PEACE
176.7418790998951,179.63415690982563,20.212410081174244,48.66238014033206,132.53174399113738,1.5138669129416875,1.5645816850566039,0.6327917673129736,0.541275671967182,0.6944310692930099,PEACE
176.321935419369,178.68642183462887,17.737342931473567,48.380758810483734,128.28394235544573,1.4670822841588267,1.5273032974458227,0.6045283936014306,0.4891094588567976,0.6386120556909819,PEACE
176.57364202848314,178.8902208137112,18.456356563645745,48.09493120170755,128.10184258068938,1.4697127385253868,1.5248829789664946,0.6122405106289105,0.4916992615748401,0.6568595548958115,PEACE
176.6977335635473,178.79600688499534,17.508284396567422,48.13628139041565,126.30395518688458,1.405720247546963,1.4702918782828123,0.5290972618573714,0.42691918980469773,0.5876517631045388,PEACE
175.39850960117312,179.9337658736187,19.913153335073016,52.418314324501345,123.39216857396094,1.4103943641342265,1.4734412733540065,0.5541972269851402,0.42567035659330826,0.6023996975100738,PEACE
177.68641735489462,179.08186214763543,16.18789133384,46.910731579920025,113.35737242711956,1.3776152042924636,1.4546415914401047,0.5374434050139251,0.4061599766013068,0.5311668189934345,PEACE
179.36728207655605,178.8307973070165,6.797714934132991,24.14707221572534,142.83682132149167,1.2786797913038643,1.3455150464775096,0.45727782551679463,0.3473740316730871,0.4753422808790252,PEACE
178.9467026248109,179.1745941047406,7.2430135640551985,23.00879363274989,141.55029120921373,1.3178201861631818,1.3679561986365996,0.4575334243459762,0.37806000229564807,0.5060651733233686,PEACE
178.35416990710974,174.99260514720513,2.201597980405846,1.644109695836807,132.13334120715987,1.1938201559933912,1.2443447523937399,0.38539833674630863,0.2676422795270459,0.3958110172287353,PEACE
177.70149429977823,175.68486230825965,3.220577569129174,7.530919559159212,134.33806026812192,1.2206076697557484,1.2611711468599,0.3740319289326154,0.27738474253446016,0.40341518117254366,PEACE
179.93500055304366,177.1945355708302,2.0371928211389525,6.117637523346804,141.73342774243366,1.2067133619483372,1.257797907209624,0.3768404581122362,0.25972656057783106,0.40336449645991884,PEACE
178.55505864570995,176.58536537122717,4.311172993789054,10.076365451697026,138.25018949882013,1.2259074349244825,1.2684752946940765,0.40598981031614667,0.27216847722378357,0.4193912443869297,PEACE
179.23011905487587,178.2300519952154,6.211719071734958,16.445316498525205,125.05551047361456,1.2593422513922536,1.3072577606081572,0.424002738180997,0.30502785297698526,0.4432437171876962,PEACE
178.77258613342207,177.3117772076001,8.771520202138706,19.230393324015473,119.6333578627301,1.3182796923463298,1.3752289173065742,0.48008423473313117,0.36177921201974184,0.4862577773015278,PEACE
177.5032870527751,178.34470455344643,15.874535074292346,33.88524844293428,130.7061938739373,1.393974441502841,1.475459621120323,0.5762991357274683,0.431102587006505,0.5941714095105152,PEACE
176.79600912945847,179.54143448325303,16.523444564788836,34.736352238608895,129.40572502782467,1.4500082613583543,1.5290462181503597,0.6313276427426937,0.4829821288895153,0.6562620729300483,PEACE
176.8769922793778,178.0806966543507,18.513316665981527,42.39737703361623,123.4953827549052,1.4707579073875192,1.5455321383695944,0.6515109022911914,0.504369624549275,0.6849154043439865,PEACE
177.76116141554297,176.7792582231623,23.294790427662527,48.58339623395824,121.92956980918588,1.5483172181206424,1.6275980200978446,0.711333066392388,0.5727897036171078,0.7609140230671868,PEACE
179.1566213376572,175.7989037528543,25.69016359843216,51.20225031439495,115.94657182273488,1.560939445793885,1.6620420491419015,0.7383218047040788,0.5804400844288375,0.7843212289177461,PEACE
177.88603835403495,175.62150678292736,26.13756384991517,51.539128584214744,120.35854536631837,1.585448880392766,1.6902467132300287,0.743109604363598,0.6096527122033855,0.7881673173545448,PEACE
176.97728058948726,173.23937820781745,34.6642078518386,66.81461757273904,117.30358760844756,1.6368095115017023,1.7412031335534364,0.7906864628154007,0.6448940301287497,0.8431527501287416,PEACE
179.88477213982998,168.78181427045723,46.18901974426842,85.74004024228677,115.482254458443,1.7379199372914722,1.8465161930239142,0.8472027614445451,0.738521136669688,0.964292135298445,PEACE
177.9282284653731,160.63472162405023,73.53034783794651,108.72704177792112,131.5696803118507,1.7255449123848827,1.7976265788523953,0.9008322653581013,0.7803369245775506,0.9997500405900606,PEACE
174.5849840501399,156.58346852908994,90.14067769607989,116.6846850569392,175.01407612991747,1.706739602540197,1.7540868956637354,0.9850421023106855,0.8749801553309203,1.0698445965809575,PEACE
178.32853324510245,159.33481382715792,94.47414792536071,114.12123130867951,179.06326503667307,1.6928520859658178,1.7247083337976101,1.0152612143686814,0.8792583630267642,1.0734252448166388,PEACE
172.22619657338117,163.24676594784793,90.80428700207253,112.8509732881881,173.8746190170596,1.7093633200078526,1.793897073967012,1.0951938722540482,0.9607814089144523,1.0674011262416427,PEACE
174.9380997466947,168.81022466158768,89.96734920684555,112.7557020011588,157.7007095353629,1.8155061759030973,1.9254513786247023,1.158507351674692,1.0616055695300177,1.138610183765439,PEACE
179.1261757060497,171.16656954309178,90.64559669058971,124.75266580891707,162.23119517014376,1.688323304605839,1.6810292696186568,1.0488629963983866,0.9714173191095524,1.0399275741186846,PEACE
177.2807706695594,172.26394663758762,82.85993812421178,147.45584572796386,154.4904586138774,1.7839960457284116,1.7976852634218126,1.1287186968549907,1.0849484575244952,1.0884023538184193,PEACE
176.68698064184468,174.7008327247313,63.02044268104303,163.4656399225543,158.08340535851522,1.8444494301395258,1.8798627108825952,1.165255025469339,1.1048725271918511,1.0998442667915398,PEACE
179.0279133055765,175.79600367120082,43.49068169841626,11.41228070528378,162.59382233025136,1.7659104373048564,1.7825359613598248,1.0859675954277934,0.9907454234074616,1.0567222623226664,PEACE
179.9859423512863,176.1298375407345,19.16306664591095,14.29192193342987,160.00469702980513,1.7172526755672526,1.7150131921183196,1.0123386468830327,0.9236912736409492,1.031060905279396,PEACE
179.29505113548018,176.62329485397558,14.001932245935627,5.065721182770199,158.46804487484624,1.6606413113929979,1.6683304242582904,0.9461188828419039,0.8661967008334487,0.9736943559029644,PEACE
178.29039073799117,175.4935414822342,15.529079812869023,7.953959886644786,162.68536719723426,1.6947497124967363,1.7141342406311388,0.9883763378156106,0.9055436255827412,1.0163712447038435,PEACE
177.87265451483776,174.7861389912131,61.45901399901446,126.85471710137226,159.11568359323869,1.7465061528046342,1.7682040127689624,1.08217622640336,1.0069365050660326,1.03300430223614,PEACE
174.8439954991288,170.27423268217007,93.44836429751996,136.50731295728184,155.85220889399926,1.775405808285945,1.7998681828636751,1.1131490720010686,1.058944919282845,1.0870758050519276,PEACE
176.13116210703976,169.92710156605642,96.51238044359206,132.84408771326267,157.15926401945921,1.8664415627182385,1.9174252075484675,1.183296375438667,1.1122243516320516,1.1185830104656138,PEACE
173.73789825831935,168.7475053687614,98.91201646323223,125.33455920956173,167.3486184181837,1.8677411704906262,1.9638045672852633,1.212866829703466,1.109540831734725,1.1094530753004974,PEACE
179.96558669149368,163.93716896707167,96.30198646991974,120.01977217132091,179.3880266031949,1.7762287180083052,1.8004010932053653,1.0534562130836767,0.9496162510413154,1.0799226001603337,PEACE
178.87700160569523,162.842224680274,96.64302180282631,117.72801116893083,171.17772502707916,1.8166780935812765,1.8837184712542754,1.0150753362556029,0.9000907168331063,1.0896035881047808,PEACE
172.29398745597766,164.58744099206936,50.05911592851665,88.22506728299865,98.8538509294375,1.7415140839536507,1.8490299464975457,0.8187372014484589,0.7442685916996159,0.9267599524359906,PEACE
177.96317547513914,172.88303731037752,35.26472526317697,60.553662203278094,108.14895273335863,1.68496006286443,1.8154624202576184,0.7942923159021137,0.6991966786616451,0.8472437856371376,PEACE
178.98075458792601,175.97421953030246,26.62454492402867,46.09175653115531,116.16089671398382,1.610185765824181,1.73773508312173,0.7556484455708498,0.641887532904247,0.8161852119925721,PEACE
178.35234355520754,176.24888647466167,24.089525079324723,42.87969847173852,115.07988763965211,1.581763411972019,1.7131203739517604,0.7378827172796695,0.6218214564619859,0.792971610721353,PEACE
179.23604069792339,176.32369303911673,27.2272370224787,45.798618010027404,116.97581219314202,1.5795250137133232,1.714451462808514,0.7478920932610836,0.6120243552205378,0.7978583495706546,PEACE
178.41024007376615,176.42519894439567,26.38180295330767,45.630417638482704,116.04540963682354,1.596062761916434,1.7266646777682555,0.7533857397110726,0.6298673146666696,0.8068873080867027,PEACE
177.7638641054787,177.04263874652113,24.212522046015167,44.637718573152725,131.89133298240466,1.663379552001418,1.8404652730580515,0.8409877454535364,0.7180831697118604,0.861552210280134,PEACE
178.63485283878882,175.79954748084162,20.981487989080264,39.27931631760118,133.8850030369256,1.5967261699450854,1.8029309093636103,0.784978444327858,0.6680887183036592,0.7948922970224837,PEACE
179.96002700739993,173.23773354761454,27.27411554125276,43.03736132160601,135.59459484843916,1.6010025757383102,1.7511581810959034,0.8020931442472587,0.6829047468442764,0.7891689863001713,PEACE
178.5600992436912,171.91357895088777,32.25156621941377,52.30251575665561,130.4787854146271,1.6195608429223114,1.7929338421390113,0.8238878564986004,0.6718271168183401,0.8082783006657093,PEACE
178.27343690442163,169.65367043196025,33.660333907877394,57.42518398149428,125.7544146461647,1.6481571680208267,1.8363233200472362,0.8251759967838155,0.6838474269787931,0.8440111659278597,PEACE
175.91737717227534,169.44004412106275,40.018322846348575,63.80627231801029,124.10390098153141,1.6776845634199826,1.86236159583486,0.8652744943707795,0.7078526179493013,0.8625411166756367,PEACE
175.64508652967575,166.79354594783356,39.30629894676734,63.61448995657997,123.11146862205037,1.7050207751283506,1.9071803500160216,0.8615759426519455,0.7396781789618383,0.889997099022301,PEACE
175.67361299222,171.90917954249258,35.92685391235606,57.2997507673208,127.26267864885659,1.6564587534147674,1.8619396788715599,0.8182164411972639,0.6912608406338,0.8607110288510736,PEACE
176.73829306114374,170.48770296125946,34.82073069866304,57.66066090511407,129.76935704894697,1.6761034404003412,1.8803152320061292,0.8350980449429826,0.7002603938314653,0.8652107222170167,PEACE
174.58148249718056,172.465752350575,36.03145240207922,54.69971754414776,129.19728557961827,1.6821590065999472,1.8700546593269298,0.8345263156804062,0.6962239676952217,0.8735948555717842,PEACE
176.7950119386855,174.84782672917115,37.15519843157171,57.07821970153681,120.92951981962499,1.6361811661689014,1.771017059454495,0.8090108556083335,0.6373454368809816,0.8450017152591709,PEACE
176.58352120674994,175.8420423678483,39.10016691759349,67.52298943252983,118.78034636986409,1.6451093332460947,1.7239234310898888,0.7655258547358866,0.6451775292181943,0.8437536157819852,PEACE
177.04703017868013,174.42423392062707,30.901741393891335,78.2903289216447,106.55315380627032,1.5886949961832464,1.6214868614676343,0.713978074928554,0.5887471060782953,0.7841972109284315,PEACE
175.71587521915876,176.8692264927161,25.11543407410815,72.5801578777138,108.69172014104116,1.5344976251636013,1.5379881005895677,0.6557575700098346,0.5370957515872866,0.7182757534476286,PEACE
176.45142689625726,177.4668609611379,23.14817404982818,64.77295600170285,97.40961766071788,1.4583791701094981,1.4604367262816795,0.5942776519599569,0.46290778353407885,0.6418577288535601,PEACE
176.00548133297036,179.09931051425315,24.08650631606518,59.799214215262936,103.4265915413891,1.4229611750230025,1.4160590614409008,0.5568699281468826,0.4287845734930393,0.6063548194166196,PEACE
177.7420927637864,179.45470274988372,19.384528931359085,48.54924588737809,104.77868952126742,1.3333884974779502,1.3156551567225991,0.4982512294797956,0.34742469014593386,0.530317030490699,PEACE
177.02822180336833,179.4885476501466,17.185747014776698,42.8332012760117,108.94675752735492,1.3383591482846733,1.335490331072837,0.4905666886129847,0.35980924611706566,0.5134764210309536,PEACE
176.7989192333787,177.00584283636246,18.606690823810727,51.23436689768203,116.68756514693288,1.36857610546189,1.368161022085143,0.49388136988649445,0.38806987387357744,0.5350389046317084,PEACE
176.1852328818289,177.17253589188954,21.211212765272744,52.692241862575365,116.45981188710167,1.358025082548435,1.331765929169006,0.48047937684406017,0.3738349642449561,0.535587874387755,PEACE
175.54762643488323,177.6941030613431,18.231704114851446,46.74975627515958,112.71782002477,1.3562360430134035,1.3296447971760093,0.4798811514321682,0.3716465065348655,0.5393198525630506,PEACE
176.51153302463237,179.1322089937674,22.291928689261972,56.999163906752244,106.97376604525185,1.3982780808913708,1.4099848575821805,0.5461270848113845,0.40815960978786225,0.5783214114796565,PEACE
175.61636151170453,177.87047234830123,21.787817645011472,55.409953169478264,104.63280497897613,1.3849286520248465,1.3771371891344903,0.5227241412541086,0.39083671744278226,0.5678563643626099,PEACE
175.97642804451849,178.7044780602049,22.156628234707885,51.49747436224685,96.84134481593973,1.3796589550286824,1.3827872585754941,0.5174224032799554,0.38480042982561163,0.5536819771992837,PEACE
175.39727692993782,178.63020867559274,24.007442970301003,55.20414184367273,98.12233909115939,1.3818520919570774,1.3887436840254397,0.5241122434064794,0.3859796519369119,0.5612841686179234,PEACE
175.78301345198602,179.8700304768835,23.586902505585435,53.26324641434634,98.04303954596934,1.3810702348202417,1.398267510821489,0.5241603470872228,0.38510955802232655,0.566058866274249,PEACE
175.64330296211415,178.7709422304459,23.913162117874123,58.58314999218363,98.26607684542897,1.3531124299796438,1.3687663579548799,0.5025345821913392,0.35523854553331347,0.5518935212463312,PEACE
175.6616234193584,178.87440658765735,22.60737262498623,48.57320883922536,116.87315370095102,1.3869996380873042,1.4457291293538643,0.5276457636298003,0.39371623246584425,0.5666922807592828,PEACE
175.66898606376728,179.18773507308956,20.17165229522769,39.965925449158064,122.33280135904037,1.4045849621619604,1.477559617303799,0.5481664664571588,0.4166434552193898,0.5942685615016661,PEACE
175.97488076581672,178.1368789523118,16.029506311079068,34.57922692952157,128.12775340590755,1.4058889129913483,1.4821420789394266,0.544458625548006,0.42370405744914,0.6015830167566828,PEACE
175.6283091337781,179.25225029184628,18.12075628934592,35.949176941191226,137.35001443175528,1.440393409153766,1.5344988358589258,0.5716112261089557,0.46455616428010665,0.6496374497366537,PEACE
175.62939747231474,179.64732166008346,20.810771778801396,40.85420851300092,132.03281239778715,1.4777548091226334,1.5765675470676594,0.6336218996329335,0.49904063073173416,0.6852733688157403,PEACE
175.36366554308862,178.4867941356662,24.975106019747333,44.993319604868354,122.03782481243672,1.5112183968763988,1.6178178815609328,0.7143633698368339,0.5275433982129895,0.7307467253132807,PEACE
176.6626077888063,177.99248239366074,23.654481340823352,45.84478021248959,126.92203494451512,1.5129044833634873,1.6217674736144911,0.6944560133990185,0.5261948650460994,0.7361051506370849,PEACE
178.2714131851785,179.18487140608025,12.553306714529398,38.23542637620377,135.63290241060508,1.2533192909630915,1.2870943259152487,0.3551344037211515,0.28331368325644296,0.5169431353670836,PEACE
179.14099576786884,179.4613907285806,10.928717330960486,33.95057402817411,130.79293918163364,1.2672486284774134,1.3160467521937935,0.3696086143906411,0.2992437488875323,0.5372404253543995,PEACE
178.04087754641014,179.17663022720276,9.549166181128912,39.576654467148956,125.84408340280768,1.2392584262129522,1.2847313199516552,0.3411040492857749,0.2640575559099939,0.5015317411621126,PEACE
178.97604266638075,179.7630865077599,7.024955861650808,40.70160150720537,124.2853976750284,1.2199910534234513,1.2743461181405284,0.32781493985696364,0.2422425401495337,0.4915604227194299,PEACE
178.32248673596226,179.87975681571308,7.990440788878967,43.13177938945498,123.53744421243528,1.2190107986176126,1.2656436719106006,0.31979030491471133,0.24016311634802187,0.4828809368788176,PEACE
179.92850369809017,178.51558944568637,20.057704380984323,69.99849946364935,111.99377641495185,1.2316605752171377,1.282003939426904,0.3276758355804275,0.2405299882135142,0.4983498679439368,PEACE
178.58624630270737,179.4563483406325,7.247518055584762,33.689292960198294,138.3504085507321,1.2345140296232429,1.2919851690780315,0.34539069800825095,0.277243076191393,0.4999344322692503,PEACE
179.4987763589043,179.04220047608246,7.587302840577776,31.139050633036376,132.08411477844567,1.2599082388412874,1.3133367612648241,0.3592704352424286,0.30251115062978867,0.5293233829102626,PEACE
178.32284171944485,178.658532856242,1.0165739779799123,18.992240611216335,138.62396516958609,1.2752715254981815,1.3340063660285717,0.38296452126145997,0.33083103400164965,0.5395929332059745,PEACE
179.8179425302466,176.92170260422526,14.22966681671863,43.639954058826,127.91522003952178,1.263794000230802,1.3073392071003136,0.39314321986685263,0.28506312164733955,0.5486507387236739,PEACE
179.49521862644443,179.83177733523337,43.59831017871687,83.36932183210972,85.51004799503983,1.2476068302552756,1.2815646762886794,0.35011603489334137,0.24849566302423648,0.5336736246913073,PEACE
178.08793967379862,177.8668371458673,57.31157998715759,94.38996872191747,93.04288777151983,1.2648922710091248,1.330026944835162,0.3662125055670347,0.26508755271318785,0.5604210443653633,PEACE
177.73782153752632,177.05948323971666,68.88795918049082,101.62090506351059,87.13397857893303,1.2731631520920517,1.3702033237940237,0.37859936381659043,0.2731645802586233,0.5717909055804585,PEACE
177.18777475771086,173.6988001703662,65.65394538729343,105.14467768287284,77.91954561646031,1.264475360679993,1.35733360188152,0.3849907267788554,0.26516069009579185,0.559766851873934,PEACE
179.10938306821188,171.26999145398392,69.71862735233715,105.95744111565311,77.46161206880345,1.2704827640289083,1.3857888824498656,0.3934846492942586,0.2730031693113204,0.5725616417243135,PEACE
179.7767123926014,173.83256380815035,67.55998412764775,100.07831441038155,83.52992682447119,1.3072186192886048,1.4256124493896385,0.42992221770863004,0.3089935045456008,0.609774954594681,PEACE
178.22775502975676,172.75051311341878,60.895907875397604,92.80912357432341,95.02904382489899,1.3227250942146305,1.4465042629067904,0.45576732584550744,0.323336431568359,0.6204878832492916,PEACE
176.09183375228633,172.4286383310139,63.37456186826427,97.91705646081444,81.26988242174356,1.303256623084166,1.4304021942295004,0.4305665626515628,0.30326019594971015,0.5774864832383346,PEACE
174.90593556209893,172.94748722985466,57.85118167233229,102.05704726891472,79.97983769901457,1.2914507825006971,1.4165924751261099,0.4207232295481355,0.2918472779235605,0.5568708017129408,PEACE
178.6248732098513,172.50541464576597,44.8040897719795,102.34830878075012,88.48893032222959,1.246180558298326,1.343373843983209,0.38642967343236573,0.24697784646610604,0.5240440812261685,PEACE
179.4708023039618,177.4162620371259,37.66426633013074,110.36692606192365,86.20261355442895,1.2423744918766346,1.334041809073373,0.3917861095042272,0.24278965686658918,0.5040494263615255,PEACE
178.6135131589963,174.8624374764634,26.20589706929526,88.04315420749,108.05065971882819,1.2554146060307285,1.340065500190608,0.4045633949419093,0.256830162692195,0.5308575110216784,PEACE
178.5932238900133,175.90554344347967,23.419659594723214,84.03025368827352,107.51028688916308,1.2567255300551938,1.3420035903975265,0.39585338439159223,0.2593660990582775,0.5418606701081937,PEACE
179.77606463308882,171.90493023456736,24.573985865641394,76.63220296693035,102.13352733194388,1.2532353366385367,1.323308348476803,0.42028183461505647,0.2571507100240685,0.538374576340038,PEACE
178.23101533600044,173.09772689775576,67.99906901979321,117.11426855744007,55.94169244024589,1.3088599878172336,1.3457821717290877,0.4821029582119797,0.34021761971013753,0.6296479786235643,PEACE
178.59339680379153,171.4446065638871,76.93501030244548,114.70094625442465,44.71117351875879,1.3408344767543894,1.3492828935002694,0.5172225556344435,0.39881069938262087,0.6942939083916242,PEACE
179.89175489219255,170.72207539623182,88.95769056918132,113.95351284459271,168.58907564784397,1.395594036259068,1.3847970783130472,0.6240366054609432,0.5115139229915128,0.8121863583762388,PEACE
177.21745826129924,168.51593065188314,88.78149342781387,119.13527759031354,173.4779825198685,1.4454798178863975,1.4477958108710278,0.7083617262867685,0.6149467349224262,0.8963712034873582,PEACE
178.04664625971145,168.51541279210787,74.4522675158141,87.68994231905582,159.85439149050097,1.4516327233301485,1.4685909688858942,0.7242349612464352,0.6259231258404047,0.8839731874440688,PEACE
178.93525576120103,172.20576674962584,43.27970044806735,35.26763831245219,158.66827808948045,1.4368692595135952,1.42308169185047,0.6870300012969783,0.6008842409668552,0.817135621880566,PEACE
176.18874233534584,176.0300214563766,21.347646577025156,8.304284819612489,160.05373421033806,1.4843524115128954,1.4741113192999091,0.7259412016857646,0.6444938055108693,0.8606059048455619,PEACE
177.1704286553824,171.99302961989994,2.2183064633050704,11.297850373006609,164.6664224344131,1.5051918962993587,1.473461164829823,0.7412362382338514,0.6395752084688608,0.9300403417166507,PEACE
179.97962755768648,173.92066714397475,11.275386571569262,30.396612430211626,171.61815403268847,1.5636068613738903,1.543356320181257,0.7754127299025176,0.6865756686317763,0.9478873680950204,PEACE
179.46529223671084,176.13146849081514,20.36677837886739,34.171272359947444,170.30766518865397,1.571659456902669,1.5505794272881395,0.8014324574502453,0.689910262409307,0.9331572270466498,PEACE
178.41947235066246,176.13164011505268,3.430801073181247,17.095390900661073,158.04071048325818,1.4872537233548968,1.4631457811568114,0.7206157273802934,0.6189731887515632,0.8756812606675709,PEACE
178.01528314599415,175.20742245216385,49.29586670708431,42.76110437878635,165.82899977365747,1.3591839854959111,1.3445965318592332,0.6307682874104587,0.5376790569430853,0.7587603086232688,PEACE
177.26896828528888,174.18393881071648,79.6796979564212,98.6353155896677,165.04623904540742,1.3395725083455214,1.3771408242377696,0.6034425029329661,0.5102379865417963,0.7918420833869017,PEACE
178.94181091257778,173.4059651825344,84.40572941957214,108.19106245271719,149.24183249930906,1.2637949959804982,1.282905334145557,0.4636968113288876,0.3532797781759536,0.6600700433278704,PEACE
177.46438012250317,172.91904649794168,84.31272927858413,124.86993240913391,25.331198816912824,1.2412126492591644,1.282274210860348,0.39681960958197526,0.28953212666198014,0.5525859176668972,PEACE
175.06272569138673,175.26445321846128,90.17977685960125,126.07785477007519,41.48655496443824,1.223979899936253,1.2878150430821176,0.3594621212130547,0.24986209701810763,0.5145108252230908,PEACE
176.25987305933825,176.48269882291848,94.17458009610614,131.68200540183722,40.70612679563072,1.2245078584357874,1.3029182090156226,0.3491525139549613,0.24125449243944602,0.48766793519126844,PEACE
176.939368780624,177.14773134765105,82.84456694807226,127.84846797755068,50.28290408659552,1.2117290897398842,1.293554131438857,0.33711049148558897,0.22462847021901905,0.4714991923473404,PEACE
179.32303363576784,173.1071726726051,70.37996653282781,119.26181114619455,75.1672860621571,1.2617490688963573,1.3513653698628412,0.41433704546252315,0.2660152692643271,0.5528075042103675,PEACE
179.2057491361528,173.0576733100038,55.64859397054634,112.34410127662696,88.60494512366608,1.2684401447068148,1.38433291660644,0.43598222915294355,0.2697986179297088,0.57219215917511,PEACE
179.73790643506692,174.3344721889504,43.48156461194022,100.94332084144396,99.25223789815469,1.2677118198681017,1.3742829958907867,0.43011448660364426,0.26772569486108994,0.5674414311551428,PEACE
179.8238615744219,174.26186908359884,42.15562994833249,91.8128617338059,101.5882792109143,1.286159667933463,1.3934919497710339,0.4609686487416983,0.2862369627885402,0.5720450545052557,PEACE
179.70994913551235,175.10913390736746,43.24236949381664,94.75276928263445,97.31543475670225,1.2724851255649616,1.3784606351680058,0.4411869749744176,0.2724947838966287,0.5661956257989326,PEACE
179.6073393772229,176.1890194799446,46.520235719171275,96.403082109192,99.72254401520864,1.2821567007103303,1.3848480707527568,0.4384426223977932,0.28237595498415663,0.5572399964064783,PEACE
178.60414434945207,176.62095970037768,49.926356018737486,96.24145579932573,98.92711380063523,1.2894817558958924,1.386154897687313,0.4423970482556004,0.28970929782697574,0.5546629785876963,PEACE
179.1103452886563,173.34761148593134,49.42970044139051,101.70531302207479,96.35150512449347,1.264943719995883,1.3717798835968245,0.4379489753819501,0.26524657033125476,0.555204627677791,PEACE
178.17131048301016,175.51317895962745,55.48818965803019,114.01171839437052,85.58724357172804,1.2606481051176004,1.3676804462366106,0.4224507020587588,0.2610783088697773,0.5439785754096067,PEACE
179.86831940221575,175.97502159498484,34.45586220271705,98.51876482537503,90.67401331329617,1.277998116549259,1.3883218496761809,0.4245994700538895,0.27871951835414593,0.5623455535040001,PEACE
179.74634592813965,175.70701553987283,27.91266186723308,77.1377959735436,99.21882617425308,1.2804307845438825,1.3636263852125066,0.4302485301316493,0.28240804189489904,0.5741986150032423,PEACE
179.14367449588826,175.56677061264188,25.490732966934793,68.26016792640296,109.01810160641062,1.271512626330705,1.3524898847424316,0.42001936788933475,0.2753235274047308,0.5777051619681506,PEACE
179.2309365529246,173.8936456959845,24.27340645166326,67.07767745307437,108.08576678691414,1.2634421135389131,1.3423043774929144,0.4240781397203756,0.2679098991668834,0.5598124941592779,PEACE
179.39218316357557,173.3744523208,22.283790117974547,66.68678505348986,112.39138771758776,1.2534940248827657,1.323882776796839,0.41930718853549936,0.25734897787093397,0.5541279560473301,PEACE
179.67557613675626,173.0559102047626,21.411466984613956,64.54611183006794,112.60823531727402,1.2504570545721092,1.3174213399018233,0.4184155984682011,0.2557619747337701,0.5471895445621705,PEACE
179.4135732644893,174.23206393412516,21.708206132566698,64.48639177712066,114.33817889235591,1.253002040323796,1.3258154145975594,0.4149158922802089,0.2595995961532273,0.5545065083169711,PEACE
179.68952318180092,178.14071593286678,17.02970145638701,71.70649833718787,118.88657259307769,1.239502027425845,1.3149594154785706,0.3774262424041529,0.24573207186311974,0.524804988502617,PEACE
178.8096905701975,177.07242038489224,17.492820948301237,72.45607776039354,131.75164208143866,1.2326026032393198,1.2901454853305931,0.37697736214581173,0.23806517490875065,0.5222623484656276,PEACE
179.09795001097928,174.7895933070573,16.589455147816288,60.62415519662318,135.76893864680886,1.23436750891323,1.2903755727846757,0.3827543015369223,0.24151359644865678,0.5307654365731274,PEACE
178.16975600739363,176.94838614267044,18.148171348756367,60.69573523017927,133.62565401149214,1.236174027333325,1.2873701070807444,0.3936785735409816,0.24282469401200327,0.5186900113117641,PEACE
178.27946085746555,176.35199616408462,21.497168887411554,59.80296071494256,135.64939161445727,1.2401116791371694,1.2992460851288619,0.4038254731138594,0.24666771747604344,0.5259893355269311,PEACE
177.53763488159544,175.33738759893376,25.237188630440148,71.65514805624065,119.32941417309928,1.2379977579591495,1.3106169747020437,0.3958732883622009,0.23982046681899774,0.5333381183196617,PEACE
178.1730157491039,176.1595783732116,44.82524204673736,105.064049352778,101.50238308861724,1.2532166214942835,1.3341964690201045,0.40851204969959737,0.2532310868199409,0.541518591013675,PEACE
179.72785755445886,176.12897859999694,42.55388719897436,101.76163159145094,93.67651768077526,1.2567333037577944,1.3577041989426843,0.4310028723919456,0.25706616642961777,0.5475183360978909,PEACE
178.30361505285984,176.06017030134296,45.40699256024987,97.09934612808935,102.60028766361982,1.2563365521911571,1.3485136578231711,0.415161595077196,0.2566562990845325,0.5482930797381034,PEACE
178.70490475931012,175.01986370298877,49.260362578191135,102.59920752663315,96.61999789360657,1.256164424647816,1.3454429243180797,0.420291924981728,0.25694210557073527,0.5434880029737545,PEACE
178.9087745760414,175.7738842803958,44.39333900904226,99.27621486883575,92.90727649478937,1.268458600911408,1.3561653588762894,0.42020232208100566,0.2685240274351721,0.5485848477921684,PEACE
178.35942237285596,175.5971291232201,39.42396087683496,88.57573164714472,92.89952274833169,1.2733576483109192,1.3679198134947705,0.4129859274638491,0.27408795466908203,0.5583266123119232,PEACE
179.26240655054482,176.0308730515895,31.276739807690372,80.9714692491014,113.82454848687867,1.2742556324111498,1.3596057778969248,0.4157050206542873,0.2752924706141398,0.5662860075647452,PEACE
178.62449111418377,175.63237649764807,20.103062705159353,62.97767007611725,116.1599928317811,1.2622340437522062,1.3416560539513487,0.4012429976776913,0.26984603269945584,0.5586006480893946,PEACE
178.8401209749261,175.59373465860924,19.173030295519563,62.72951579243661,125.76750873955896,1.268209158786669,1.3462781325548359,0.41869451006099895,0.27813685106465597,0.5651934747096637,PEACE
178.86192833858027,176.62940550601763,15.113612865018592,72.55277328127046,124.1909574622219,1.2364288888496742,1.2917190194395705,0.37453697231516003,0.2425002623055502,0.5105732018865858,PEACE
178.88757062877906,175.7013965896847,15.76189238551,59.41940469077214,127.7706660217226,1.2332023885058738,1.2894784448684544,0.3881747687048358,0.2419209273187246,0.5139088365427904,PEACE
179.42628372132847,175.91221681684567,19.64305236579072,59.314674505421266,101.9453175837583,1.2898629270105066,1.3417724279410002,0.4546260949570187,0.29442844409710184,0.5768020556949053,PEACE
178.49137135228608,175.82911091377107,38.24953548292789,98.63190453617659,86.97549306997549,1.2998046308988849,1.3691845606155164,0.45215988333845575,0.30235995742317595,0.5958868694475428,PEACE
178.69063726939007,176.86296488508256,42.43877973944813,100.91096550748783,74.17005773511093,1.2806243949107572,1.3492613321204765,0.4362268617481962,0.2828727188889013,0.5598577335986743,PEACE
178.08803135514538,176.48033553684397,48.45131505342976,100.3569985825112,78.1251669868574,1.2712711304339195,1.3396004320183572,0.4281372299048491,0.2741791821234556,0.5519638575461739,PEACE
179.91432370334263,174.17745746157698,51.519321588329085,110.82596196716189,67.94887731575471,1.2416357016501192,1.3152976796015878,0.419202214113469,0.24460915645247414,0.5369568426503348,PEACE
178.33581625590008,175.59337851048488,41.54918367103022,96.38594864946273,81.54420942575837,1.2815234277373582,1.3573835177990168,0.4323952485913934,0.28280706846056636,0.5795245031552945,PEACE
178.8829783703656,175.19512683703957,32.510502469308264,79.56043269286747,93.60798572526153,1.2900210024250787,1.3735620291003514,0.44023112443267065,0.29002248742713965,0.5940608720261846,PEACE
179.32252685292076,175.10925142858557,29.89389818810103,76.07517586162783,84.49444322563974,1.2719625446610923,1.347751832628836,0.4319599962693954,0.273439831509592,0.5505723381444303,PEACE
179.73293953668752,175.61929813699894,39.846237593077184,86.34460716372685,101.25193073322237,1.2660123854008603,1.3345014941799378,0.41659038036182444,0.2661294847464198,0.5587479088185533,PEACE
177.7201326133408,177.5223989123147,40.38490865422615,90.56311824774166,88.70124210851928,1.239854196015477,1.3008485165345103,0.39112025746301804,0.24060609012038855,0.5228200918585107,PEACE
179.94993024697484,176.88839654113664,53.16779832428496,125.42290785507198,84.66372027421066,1.1941219986399636,1.2605040821473585,0.33986332125584806,0.1967880266630582,0.4577704922546674,PEACE
178.988478097537,177.63468903549855,63.10443338419843,137.34837445062098,78.58353655263758,1.1801819466699477,1.2412004512233812,0.31983812445661336,0.18566245036191437,0.4337676141883718,PEACE
178.79339631051184,176.8295909170852,64.87991167433246,122.6271122962249,73.2714766606215,1.1763640105908437,1.2365457676541185,0.3103874286763581,0.18306282364451984,0.4343352990743188,PEACE
179.36631919831655,177.64269833355556,41.60995467665045,107.42629942159067,92.81911475562156,1.2274612108071652,1.2886986818727642,0.3607409811654609,0.22773135279959958,0.5002851514028261,PEACE
179.1807028128618,176.5455143363246,33.27850053377849,82.76581431466076,115.1529537395036,1.2455431971036934,1.3168267349621017,0.3876580164600724,0.2461112588574313,0.5481180478538703,PEACE
179.34750222648165,176.46608492544462,19.969244737261793,78.67904612017182,125.47525925999189,1.224859794081982,1.2845054635539004,0.3644729673550046,0.22932116018848642,0.5360901214887023,PEACE
179.70846729860375,178.4901983051561,14.901965253103436,68.97798466724514,125.50633346518292,1.23030019517929,1.3020447589020352,0.36869849507303115,0.24064434484597133,0.5245340177010834,PEACE
178.15209911832724,178.88716968541095,20.5517418558001,60.577284922570286,125.94188013530655,1.230577322662289,1.2999626651251641,0.37651487877219775,0.23672203048077917,0.5170128437066158,PEACE
178.31795435737075,177.29699957944797,25.648256365757735,86.65783219170387,115.29635020473431,1.2204907250787098,1.2873343607139218,0.36913346157541455,0.2214268141742991,0.5170903286000811,PEACE
177.9265049491732,178.30021687764193,37.40102121082478,104.17031781453551,99.82177091768418,1.2351934352588387,1.3077346881443481,0.37812706376074484,0.23519792907672793,0.5134463844828261,PEACE
179.4976469630058,177.48246998418526,47.51451608032485,121.28893736277064,84.0829544217392,1.208491719592528,1.2788479041003886,0.36138731993127365,0.21024260653932728,0.4910204285664333,PEACE
178.6048832814519,176.53185924873816,57.264856000575136,114.349735362732,79.69251508907502,1.2240343530921654,1.2941681465673802,0.3539913288629057,0.22629645621277178,0.4841567503048318,PEACE
179.65728898973023,176.48319039746372,60.36437737692534,121.84392466563872,78.74875657135875,1.2263907850123712,1.3166579102502975,0.36464528531967116,0.22981391912145208,0.49657694703929617,PEACE
179.99577229204047,174.58501866096478,70.09165550368469,127.3675155133236,81.62002109246374,1.2141833748618693,1.2917294179184224,0.3477991811575125,0.21802135293462563,0.4951859948815233,PEACE
178.43138808850088,177.65438954633584,46.184652304616144,118.92024204771725,75.55841751528429,1.2214620588505374,1.3038794881425129,0.3564420608632631,0.2219948808056956,0.47793255114239175,PEACE
179.19710077170467,177.36137630393281,38.52943383364362,110.65563130281826,83.36329819148044,1.2178520915277524,1.2961063480588866,0.352298369714106,0.21797444617910122,0.4785347011998447,PEACE
179.24813788639048,177.36468918237333,33.62575484095756,100.8262319507746,97.4073359038153,1.2210674805849184,1.2993614131581794,0.36174706534728834,0.22213860051109288,0.4916196459845509,PEACE
179.559038398128,177.8866129835174,24.968363414236464,80.42895497370893,115.00390268892757,1.2209930676479057,1.2971476077011628,0.34603439400768343,0.22400156738760896,0.5081897480394452,PEACE
179.28977052801227,176.79098832310132,20.95330212022507,74.14963230616968,109.56398849193148,1.2320559994734865,1.3010673615514805,0.3796351935260544,0.235505426215699,0.5003502122192521,PEACE
178.74218491743818,175.75676290744258,19.684446577162074,75.50580064722722,109.74200050567337,1.226309527970816,1.28822083401048,0.37212237580739,0.22903422584965144,0.4806127298850691,PEACE
178.2016050335735,176.7429099205269,21.0074667606126,77.78975487155364,116.4780891262165,1.222930456562092,1.2834719386790956,0.37191899507016374,0.2257277016931817,0.4809903242491367,PEACE
178.4321776750087,178.3120891470712,32.17471256248081,100.5708845793024,97.2860737072829,1.2190398087959273,1.28420650378605,0.3604689180456814,0.2191455572937729,0.5002458526789515,PEACE
179.91516136310838,177.83481370248452,49.42909888664504,121.47987549783802,82.56202558615446,1.214223054372666,1.2918810321578362,0.36731732126064587,0.2166242471182263,0.4909180411804995,PEACE
179.82960752887774,176.5744581316496,60.56990139736714,122.7634514838287,69.66881475469106,1.2216147953889616,1.3040350695049958,0.3677455631309689,0.22802682853209752,0.49281528204527847,PEACE
179.76562520659456,173.57149143351307,61.92822209270484,120.33122859964536,69.42908984433848,1.222536432735209,1.2949529827080517,0.38201570661747736,0.22769064311454376,0.5057676802483696,PEACE
179.52268233809357,175.1798738322513,54.9508416833162,118.71436504649301,77.86737567481845,1.2264007254604972,1.2915899456435638,0.38372366369015365,0.2307579893377978,0.5157397990025954,PEACE
178.0861554788189,175.53516520244403,46.858577141869944,98.5396513184823,85.88698201472248,1.2775082694046787,1.3587378327624429,0.42407170203327127,0.279495461917928,0.569820021658764,PEACE
177.07321785349885,169.59424418902682,71.36394266883896,97.9274846937412,170.21039488448406,1.3708922963897474,1.4257949773177676,0.5422314531179018,0.4189681890987033,0.7520887888652963,PEACE
179.35872409404297,169.62841820673,73.34924194776642,92.60288964733039,178.11180440875322,1.4042122516263942,1.4740007052857762,0.578008928444014,0.47339130351959224,0.7781219603343101,PEACE
176.6523109916688,170.85826966787047,76.01216327561862,97.67576039447896,132.3407481745473,1.387095219685392,1.4462408406106144,0.576452696649128,0.43370685067912995,0.7481354336123525,PEACE
179.63406804116957,171.2447275606492,50.133753882192075,74.19019038553046,115.55882351860923,1.4965751753359877,1.6190949401500838,0.6699788517908515,0.4990561900968417,0.8426892327057656,PEACE
179.2577057450391,169.07024402387586,44.26912950133514,70.1882850352909,100.44585370337545,1.5018703482602735,1.5882893559816504,0.643067233522621,0.5030622946319387,0.8228696941721695,PEACE
179.34788474218107,170.14750845808405,37.913874092033815,64.14058823340847,116.86126229891528,1.4700149332503536,1.592383677408855,0.6215794702388183,0.470251500643548,0.825026860443115,PEACE
178.99878132821559,172.32212626457238,31.431224207286217,58.73518487804611,109.91358768753827,1.4790170344376292,1.5851810201409202,0.6118632944890464,0.4813779794295357,0.813368821150509,PEACE
179.4999647056517,171.44359900324406,33.25899222845715,59.712195978443354,116.71213140359643,1.4684062502925639,1.6171748378329875,0.6175504618796505,0.4716499535236038,0.8199535178915419,PEACE
176.17374003872348,172.07295674326716,86.07694733403665,107.05169462590426,164.71682589541155,1.1870566624187293,1.138778693798678,0.25563085336146474,0.18743858489003234,0.5288769111587426,PEACE
175.06208768804478,173.2811095014496,92.12227486046824,108.15698875274174,168.2320489936104,1.2214486555009263,1.1589451275965932,0.28052417224713583,0.22160969696766317,0.546969028801423,PEACE
177.02834023124956,173.95557946158848,93.9107271475435,106.23370030644784,146.76955470497583,1.291872519890867,1.2189490665815523,0.36362851222121495,0.2926050649818473,0.6265043547575025,PEACE
177.9959640710166,177.8356703806011,96.7430690192206,118.14566541178559,149.54130166159533,1.2850452176047629,1.2210144450200797,0.3863940559661165,0.2949862011839416,0.6589859602079056,PEACE
177.9599207118628,174.4703790479002,105.1347332720071,115.06771916545615,141.20638163744584,1.2351155395095452,1.165093189839779,0.3540786557908204,0.24324870124860254,0.6121244217930676,PEACE
179.19610807580887,179.51115534854242,102.08205997012122,121.66717930465774,154.05785108506797,1.227635333705054,1.1521974669450268,0.30740718471200873,0.230442846773102,0.5844920005291042,PEACE
176.24816851161083,172.62852028667064,113.98279522387642,132.21537656390436,159.32540658822802,1.1404876197524676,1.056511095133319,0.23850831394697036,0.1428797921220487,0.5068727043475819,PEACE
177.00443472157258,177.0741959884751,126.04196040218584,143.58853122963114,118.62787817829643,1.1116272824563405,1.01291895264066,0.21995651897409274,0.11473561159765047,0.42617655352374634,PEACE
179.62179245658058,177.5632051002772,127.39969621214325,138.65217716447208,121.92565352092645,1.1468625301043924,1.058537598923814,0.25020367814611727,0.1580571123342331,0.4766240459345955,PEACE
179.5542267110095,177.6802963120447,130.55150577558905,139.355449269958,124.19548538068321,1.145916084948812,1.0634628679891076,0.2671741460144724,0.1607752316909014,0.4825445565604164,PEACE
179.37721751618946,178.7853423280064,128.07514071327032,142.14035042063944,147.57194402132143,1.1724890716735266,1.1121429643217484,0.3071562632580153,0.20228729910670004,0.5209982972780087,PEACE
179.33261084408474,177.50361527285008,119.15294767042685,139.50296246076022,136.037619589354,1.186901467138337,1.1199078282299273,0.3058814459825625,0.2095415822706946,0.5288541839475351,PEACE
179.2943735549584,176.31158795914388,112.99117986336137,134.56456336654597,142.41580636664233,1.1940873146202027,1.1203492779504651,0.32271277189306874,0.21863803721492234,0.5552923850916092,PEACE
179.01444573128444,176.92065962125304,121.615683843711,136.63872562685785,130.66227075465216,1.18826290587022,1.1224710761917296,0.30149691658356265,0.19879137630515362,0.5256372287685339,PEACE
179.80110036390005,178.31587626198964,109.68021720591989,126.1146626398499,140.00023746650058,1.1891084220584807,1.1224312126287903,0.3035683216594734,0.20133986991409697,0.545643600044204,PEACE
178.9721257836216,176.44107930813126,105.7836092766254,122.27182314043222,128.00519030691288,1.1900268236756388,1.131802941829087,0.2859146624255885,0.19181317099576647,0.5331371378276359,PEACE
177.95979153116008,173.5963210315592,102.6624097179074,118.96422195872023,135.22755859385094,1.1654205041298904,1.1057761294914743,0.2433346118947917,0.16554327445072325,0.5127592561224129,PEACE
177.79944909658352,175.4989996472488,105.63571887421925,118.32927923733182,139.61180634986093,1.157711441977954,1.0826736281076346,0.2507466845583078,0.1577233524473177,0.5028130904260466,PEACE
176.57270194240888,175.59713298156785,101.3194853965789,112.3646120175456,149.13925824020714,1.1392510926657147,1.0699959908722918,0.2283103243909662,0.14085002813630343,0.4958933561702538,PEACE
175.11225996992988,173.85150454702844,121.6355400339441,140.25637977130248,153.11944539590135,1.0609832423596788,0.9752495185380108,0.15680047005579162,0.06241694721953032,0.3981815919369838,PEACE
176.26916140016166,171.0726447262502,128.84718749322022,146.98808242661133,144.28610594192077,1.04025694582477,0.948603528233637,0.1634699636159879,0.04055241340250116,0.39810321109572216,PEACE
177.36512994746067,175.2004769671486,161.28632476122044,167.9070133056961,158.43221526711596,1.0252663336195538,0.9025801828825893,0.1138342312687895,0.036394010442333036,0.321782458229091,PEACE
177.06616801284665,171.42195137574325,122.99784780550378,139.95135623053656,144.72944395430585,1.110476767712317,1.0066459539957997,0.2053577528593121,0.11135308151623353,0.3936769010570895,PEACE
179.2622668164139,174.14868843671917,114.5173497532252,128.4990764160822,134.01462988377145,1.18836335724954,1.1175202813814618,0.2869960599316979,0.19659015820741157,0.5382827282404898,PEACE
178.01407192025863,177.60495387317124,107.34463730031119,124.20962354063903,135.49654645168178,1.1271830301273977,1.0415951629672016,0.2370072915031751,0.1272317827127321,0.44187777606954065,PEACE
176.6271356347228,173.61395833294688,131.50130915998471,140.23176948243562,130.59174181256665,1.0774890661034917,0.9769449498819414,0.18013455579971493,0.0775558498221989,0.4009464369937127,PEACE
178.71242601970854,178.20225539377324,116.04802931084313,129.57097655613973,126.40119501858914,1.1797107505734215,1.1132320527851138,0.2609709181159325,0.18375920684373262,0.49872699999412756,PEACE
177.43399985861794,172.43206148804867,128.96406913000845,141.2739668220695,138.17802973911398,1.1093418943905695,1.0285587454520593,0.20866953811866404,0.11279826885334922,0.4515658147752132,PEACE
177.80452882407786,173.54526181134696,116.13524258353745,128.5501896124152,132.91089599425436,1.1219035757848603,1.0364981639157986,0.22886715214198808,0.12260918242025964,0.4489637344768079,PEACE
178.25367777001398,176.0240534442745,110.03972128721708,123.30222991402724,136.16531428510302,1.145625158590611,1.0722315711718928,0.23701906945942727,0.14717249183442738,0.49250447721885904,PEACE
177.21062957370427,177.03609893344256,95.4429436420713,116.00167252831919,139.20155699746218,1.1913320926406068,1.1521707681828768,0.2819086543666608,0.1916800023247437,0.5533123897090515,PEACE
176.44232594005206,179.8159183220164,72.73044499788104,91.00791559920067,142.34334287332337,1.3056380079003678,1.3461053002323,0.38705515929182,0.30624511211707345,0.7078462246766168,PEACE
178.09277571896985,179.93750283224645,78.65425514157657,94.30076295081052,124.30378444733894,1.2963820976359592,1.3250293030536924,0.37914501494862646,0.3017541624600638,0.6736528769312067,PEACE
171.56764658913886,168.19201502182383,65.73827109719463,74.59448486127212,178.54540692029823,1.3299082094040546,1.3508491569139742,0.5193107576832406,0.4259416995321599,0.7926419644355589,PEACE
175.4995194856899,170.4307091142107,62.5046383011396,65.65888528737187,170.33595046033113,1.3451893427187978,1.370335460591415,0.5502249348453859,0.45953838674301617,0.8007604015010193,PEACE
175.38792418669578,171.46871722777894,48.361013024011704,42.106482419035984,158.36134906489016,1.3765399031959162,1.4156752864605153,0.5936938851396651,0.4903713634495587,0.7983486569593773,PEACE
173.1186618215414,175.1748459478256,33.65770973306819,26.010107473543105,142.57565691505513,1.4044404067097198,1.4387642342238696,0.6293421502694152,0.5279017225902602,0.7468933465644375,PEACE
174.26956961430892,177.6805946755955,24.634370738623108,16.869610558786466,141.05234256162544,1.4275884445365157,1.4609831759515985,0.6545281937134076,0.5548035350638423,0.7638192489858185,PEACE
175.82840823874776,177.87594176220057,17.079622925259677,7.942649317239029,144.60595400767738,1.4420416806516867,1.4771364709987373,0.6574350049560016,0.5654340575841496,0.7982288182387101,PEACE
176.56652964662064,178.14516101270073,1.385340429305688,6.827137106589758,151.94104394484157,1.4869602500880992,1.508807011785707,0.7147045571705752,0.6044128241487188,0.8372119399616745,PEACE
179.72764434545473,178.47737677720292,14.633928913379647,35.38112075648385,151.23448740387948,1.4687767508566953,1.4674800953072091,0.6445759719466951,0.5498380011364543,0.8029760065734105,PEACE
177.61321112899378,177.74200231495945,23.602520217081608,57.78811178536762,149.80849537334097,1.4338701424749145,1.410055062641482,0.5802680935434285,0.4988859277220314,0.7549392568977,PEACE
178.50620950060176,176.7423018666283,28.381752650088764,67.31428825759401,151.97119296158644,1.4173693681627066,1.3735050848089594,0.5610180951883245,0.4708688924126119,0.740408889055202,PEACE
178.53179179241187,174.1058358392391,16.015672332933,69.77851682575796,148.74513007933427,1.3732904076681103,1.2924621023497367,0.5400128189037285,0.42816048968208076,0.713371833424045,PEACE
177.61617220210454,171.58802166528568,14.420704252854597,61.73883526403202,150.84176021047944,1.3750915825499845,1.2794659783048754,0.5461568803175629,0.4313733247346568,0.7162278798535092,PEACE
177.59053130907864,173.36957208617343,25.668102565528674,65.23397185593342,152.4399773907628,1.4054008642850337,1.3056949467150445,0.5686775599386571,0.45287925160566106,0.7349668878233357,PEACE
179.61896721588712,175.6934016305458,32.54044237578287,69.5689112884263,152.43752513991666,1.4604779173045284,1.3472186336623948,0.597012852659689,0.49153809430788276,0.7816812745983869,PEACE
174.9371317009864,178.98724961088607,31.32540099771546,72.69693565260127,151.00806189548507,1.5338894976031634,1.4776709749762051,0.6503273029406871,0.5409441813159628,0.8749498525024897,PEACE
170.59588384301406,177.68125227780067,36.110201464827824,82.3168242427967,150.29461550699926,1.5154267163147979,1.3119570642956258,0.6278967196822474,0.5206474534140316,0.849067042141577,PEACE
172.74576673609116,167.30950259233495,22.37797091595493,81.65280355273416,154.02362312582125,1.4256002548332252,1.1242300791514108,0.5434061072187987,0.4392342132043337,0.7635402404973266,PEACE
176.00517275400634,162.8973698622657,11.725353059863076,64.36213572729427,158.25313429645985,1.3521331057049484,1.0350798641580496,0.4802470357657584,0.3781656447060013,0.6895289684096926,PEACE
176.67722945412868,174.5317975051069,10.620103551518605,97.30822998159697,168.11654695203185,1.2842784649236303,1.021387588079034,0.4349715347002668,0.305530379109428,0.6895846297723796,PEACE
178.3562312894079,171.8109379188267,2.16408593907002,70.25474686540487,169.36041126038094,1.2678628230677358,1.0399065129521317,0.42777835098581946,0.3275699809903021,0.6474631715894474,PEACE
176.71144187316636,170.97275455277202,7.09950307790653,81.53761987169075,167.4177560137189,1.2874394709852774,1.051486911819566,0.43306733340317194,0.34046083539273836,0.6690953375256569,PEACE
179.85409984097333,172.1261956407872,7.118386129399998,77.4637781402138,164.53246269008145,1.302828340374025,1.050195672375055,0.4502824255538259,0.3485510924477451,0.6380616571871057,PEACE
179.59958193147304,161.21418428716777,12.816133701790728,69.66793769186104,158.08068203525625,1.2878780770945275,0.9968287903788311,0.4307630993355732,0.34315554487665284,0.6245309506598146,PEACE
177.12301039153172,178.14253796203076,5.254008098176287,68.62586590078052,150.8790690667393,1.335451575167499,1.1440171697228432,0.4909787418400197,0.3877011087558758,0.6784291953160093,PEACE
176.06601309367505,175.63567435239392,21.669529565502987,45.59566775886926,157.69575251935112,1.404441867978013,1.3063933482697059,0.5976626709475421,0.4635876105171501,0.77616351813492,PEACE
176.60161149773154,179.21703401543465,10.530884489294582,38.89214815303939,161.43149081622923,1.4528214756901592,1.4152502291004625,0.6323439734834339,0.5176011855003916,0.8192882589529972,PEACE
176.6595199838365,177.9070624928912,9.344166936776052,35.83557520893276,161.9545981736091,1.4719010441229086,1.4431679016616306,0.641388643532166,0.5393679955308974,0.8352539703490054,PEACE
178.51303724673005,177.4947280297556,11.302388743413237,41.18246358226112,162.79569717072332,1.4641697446771722,1.44765026408113,0.6291538568672529,0.5299621224428104,0.8337425297862678,PEACE
177.382824471991,179.4487722787604,15.447069277498413,45.436279415597845,162.95431508113248,1.4804587239283757,1.4770497542407648,0.6450202635441308,0.5429333097833623,0.8552502377420617,PEACE
175.36583916088722,179.96647258240515,5.28029660875873,12.451255162178148,161.73740691315191,1.4227052336085482,1.4210027441753916,0.6194654508449041,0.5199660822812184,0.8307244483988917,PEACE
175.03384944712838,178.7603689474861,7.907298093665557,11.279274974941771,155.24191560724825,1.4363402469419297,1.4292930356016484,0.6443112233695737,0.5294749104208304,0.8326378537068738,PEACE
174.2457067453425,174.02792133776694,30.724916408111675,26.780480318009918,157.5555572673387,1.4015656787124182,1.396278803701386,0.6233858688605642,0.537823357638445,0.8509855987575908,PEACE
173.83190775155566,171.60131705991654,66.06396306956614,70.23027899660573,170.5489431627213,1.3701739633718004,1.322412263510101,0.6223438499029026,0.5794586979272325,0.8141754984288568,PEACE
176.80766852000002,176.18450273704622,59.225400597537295,51.606462426107214,169.3317139806764,1.3533670131978301,1.3340044907637505,0.5763692541105602,0.46831169787761634,0.8054642779510932,PEACE
172.60092816768667,169.50351489671877,77.05111037399715,75.5630524522756,167.77139597212957,1.3162539092700294,1.2999235742111728,0.5745112613944493,0.4612330473931344,0.7986870367590914,PEACE
179.7320535285632,178.44754669734905,87.7605883513293,100.76993997296982,116.9208363450063,1.261581944899204,1.244228287274221,0.4094527520815432,0.33220520306427925,0.6249762267603353,PEACE
179.13823270538856,177.16240402655575,77.32563835085185,81.4399088180705,123.99270583137812,1.2127657714401858,1.219777493982403,0.289989239366834,0.21617753514310642,0.5299782657481349,PEACE
177.86840245779914,179.59383874065747,69.04399584373598,76.95034746084453,130.85009693714386,1.2164467022779302,1.2260876415963098,0.2760395358272872,0.2260150097041411,0.514609169710994,PEACE
176.25958999310308,178.94365675064986,60.37954429564112,72.99185022764392,139.3883197876279,1.1927637226658827,1.196326738512059,0.28116692930250825,0.21486317136844044,0.4947408791294825,PEACE
174.20667077909349,175.09961250696023,78.7939541068283,110.69346092157224,148.6787060135255,1.1363908476768316,1.113187814864914,0.24909752737550467,0.1462426908952706,0.4316652912250837,PEACE
174.74773413677966,173.09678683310162,93.5670991594604,143.8590017991174,147.85139506227745,1.0959866604296358,1.033344883989525,0.19768362986299018,0.09919353194574028,0.3797273277333314,PEACE
176.09630530082447,171.75347185382654,110.88977949766681,149.13105043293635,139.04702302857382,1.108085899117448,1.0302815529998486,0.22063080886403202,0.11122811650070946,0.3629973629187423,PEACE
176.48836337345932,166.0793481548165,123.67022211195258,146.75025333773704,129.8177266987421,1.1073449312182486,0.975824609987375,0.20426344197055954,0.10760552335737175,0.36195997161728866,PEACE
174.4835620466465,178.82349843000594,100.7054868676342,132.8520414035531,122.44946593402766,1.115841604002068,1.086394648348079,0.2224451463036048,0.11647582485696592,0.3789333183083197,PEACE
176.96403641115575,177.63801750616867,110.34289404270851,129.38625212729445,116.00718805714504,1.1064455240387627,1.0385859305888885,0.19803870876626825,0.10781865448274416,0.39117122470632326,PEACE
178.17305242250202,177.1548569402916,124.35440072175413,136.9529498332346,101.9653083330683,1.0928591159548677,1.0103523944715784,0.17353327574832755,0.09586232669717042,0.37693747110100406,PEACE
176.3008067532662,179.57303057076217,129.25745469935677,139.28165671006965,91.89472442266708,1.0744043376185708,1.0081750082280378,0.16935476217004647,0.08414442097659558,0.3539770194654647,PEACE
177.2713716530258,173.84234471943594,133.9285002659568,148.92130858855253,90.3223653030407,1.083685807061915,0.9795922117336261,0.18080337515992861,0.08997454275594413,0.3599258310060054,PEACE
177.15076807787673,175.6572271209584,129.54600411361076,145.74072001305333,87.82411802644529,1.087399042331313,1.029868517385648,0.18451233752100135,0.09801729270606008,0.36368320670767934,PEACE
177.0109554688689,169.8329471536033,137.56607009380403,151.53439829752986,100.81833944476952,1.0924579844095448,0.9711367118042623,0.19549168672439954,0.09501388050628592,0.35913123536307967,PEACE
177.20744734394617,165.788213814467,134.5724327300214,152.0029497413898,88.4624483132901,1.1015671769825486,0.95491047662346,0.2171670238910935,0.11606982676300101,0.36682964609236185,PEACE
175.76864828504927,164.45403346118428,140.60909234148295,154.16663973712434,81.16856579833954,1.1057366028334032,0.9418584814893762,0.2144998360724166,0.12163548533325873,0.3772701198623428,PEACE
175.75796673702055,164.513961863486,142.1742818823609,154.3868926944918,83.43438833121053,1.1062622295664257,0.9306159412164116,0.21493408434867214,0.1218656771356539,0.37863877965860027,PEACE
175.42347710325387,165.04146289677954,142.50880303210704,153.82079969865146,80.43873529161199,1.0875915310246929,0.9182791807561407,0.1890246714601363,0.09808447489685822,0.35695994193831854,PEACE
178.47941268884472,165.1560623764127,161.6282661663358,172.12856382929712,77.4411293067737,1.0893330030294688,0.8681020281209342,0.21409391305102105,0.12663013561301895,0.3484820017549735,PEACE
176.74954720043186,169.76211598921643,155.29756269260474,161.67720073957977,87.48777706557546,1.117085018968779,0.9060130539697026,0.2530191522518282,0.17818752642876476,0.4244658498149696,PEACE
178.63207701267785,178.2988782777101,112.96444340251543,133.5566815435194,96.06513879205924,1.1469146034495485,1.0790672396019705,0.2730131424339496,0.1757356812302742,0.43177866816132604,PEACE
178.38599572336543,179.0437836224397,104.76765790270008,125.9383739416376,102.1418368826625,1.1466058708448799,1.0935317562631792,0.2541688606379128,0.16321503292830356,0.4410140997157116,PEACE
178.18183603848598,179.12512075835988,104.58668842779686,126.64135123900918,97.81888896268161,1.1566423220449769,1.11630067491712,0.24783775500391741,0.17195790499550756,0.4545189427431126,PEACE
178.3136906181626,179.5553908096859,106.89949951732575,127.40884027964816,105.19085511237691,1.1695570495847785,1.12524436985292,0.2722920295340459,0.1863328721723525,0.4688660259033063,PEACE
178.32289507909846,178.90686396086795,102.00161616422551,125.08135423203835,105.25857750234982,1.1774549051199603,1.1401716687083094,0.2584375045048149,0.19431193202374133,0.479315817968779,PEACE
177.2036434276277,179.08489833102595,103.29309382070134,125.73924853067113,101.14378373101113,1.1708860411857485,1.143121565010452,0.2619648238063953,0.19006930416663023,0.47128539344745135,PEACE
177.26661982870147,178.60937610909937,101.91030312811084,123.40986998791058,102.27987945963231,1.1662804151718589,1.1439277802181003,0.2674278126192325,0.1877111882414048,0.468997478238637,PEACE
174.93135483270723,176.7504100281008,103.7654184970154,124.13258381203035,102.40849866699637,1.1677920823805643,1.16379847111449,0.2634032059079529,0.19507214817449567,0.4753920689814119,PEACE
174.85530090551822,178.40606605484305,103.36740284492888,124.27933201028368,100.45333270635679,1.1727110469589832,1.1700080433125861,0.2684169489557403,0.20198760189180168,0.47412507643529533,PEACE
176.2637050362922,179.47723308814943,104.72201437913479,127.4986095565415,101.48430510024636,1.164717310670049,1.144657674083095,0.26216660591482466,0.19705272182044115,0.46802205682588005,PEACE
178.42358235003843,178.7473633241346,106.48536453829166,128.7103659879533,95.98521845571905,1.1633218010470918,1.1312526131898846,0.2604196312071446,0.19370520599939967,0.45795469724540455,PEACE
178.72901601047153,176.87517526560146,110.58930393229252,132.3573232531982,93.64778769238892,1.1663221755335564,1.1046948671512529,0.26786988407471807,0.19355705742748217,0.45814568412485057,PEACE
178.34832990045194,173.0862684439648,115.5695069959784,132.8538334991683,94.7203197395786,1.1572756144060736,1.0707025044931022,0.25792695255912823,0.18388368841083422,0.4427599750034241,PEACE
177.96380096563183,169.64704375752785,116.87546715500285,131.84314593545085,95.63269670047002,1.1557560599731191,1.040540086827077,0.2546646944618799,0.1794778344322914,0.44317816885628564,PEACE
177.85114962310854,169.11724394192638,122.71244164018748,137.1836634010678,96.66006105894158,1.1458768198616376,1.0209426240482165,0.25502391422404197,0.1669318136045945,0.42351522883050613,PEACE
177.5881449868152,167.9938973946173,119.61229670213643,136.7236631852218,94.78170569317129,1.1424579878124244,1.0148970617201283,0.25688669477411014,0.1673737460421796,0.4255166099388174,PEACE
177.2153292922853,165.15213581267645,123.4862869470139,145.7589117859526,85.77600160138745,1.1298124922261252,0.9780023027259016,0.2576391359518788,0.16828046844040184,0.40719891596124186,PEACE
177.61479267812499,166.84866401999398,141.37030676871584,151.92541790933984,67.89921479930325,1.112838974857469,0.9359389907937969,0.24916256476695406,0.17008215024441464,0.3911530356105804,PEACE
176.74596018157985,166.6513654849977,152.6877531625744,156.72752669389038,62.07518001563274,1.0966912490705651,0.8834999360402153,0.23684107374202756,0.1642342065731564,0.3803487820348972,PEACE
174.73408690922503,165.8575271308223,173.45680007658692,178.35067452103414,51.96981257649658,1.0483232957520319,0.7100614840727154,0.245648865481481,0.208944945643395,0.3884822383193583,PEACE
175.25800742091766,167.8900744651127,176.89148668093202,171.98043154871263,46.773213772830566,1.0431711393405543,0.6625384306589981,0.23049780490696256,0.23583677330322872,0.36719802542493696,PEACE
176.48070177443947,169.17348466432531,175.105160605228,174.0598653541628,49.893411136541665,1.045054229001259,0.7021233833798605,0.22932541454567693,0.21165369462506584,0.3560030627218961,PEACE
177.50040013361775,171.01904492202087,171.2276824529831,177.66756896032265,44.35556133311606,1.0545543666489747,0.7394752932399484,0.2398274563169159,0.19913825407632402,0.3635940079001099,PEACE
177.0578780575417,173.1951175413964,169.97104001482748,175.3970194861975,58.4301580233172,1.0477200277166805,0.8016870815975271,0.22707374694770438,0.17012650106482197,0.34592339082762635,PEACE
176.0132061076758,169.02578934836814,151.33484853339758,158.97836838264982,74.76514302868392,1.0942791687327398,0.900787750689049,0.23032317851475764,0.1446698422025837,0.39691458236026944,PEACE
177.88580801336425,166.5485802653808,138.43347644886663,151.16880981232723,86.18615665094576,1.1295221355334508,0.9657222983452816,0.253995818028803,0.16041902052336493,0.41080500377125206,PEACE
176.5420670968328,169.80065369572793,110.52600260765533,130.96700655016932,101.97684725482685,1.1510302890836939,1.0541165731946192,0.2415544164443962,0.15713884036792894,0.4367098980983737,PEACE
175.2477166805196,170.70272450653016,102.20718317490936,124.4905919144198,125.2572020845252,1.1640876027293066,1.0838515169481744,0.24150835655672553,0.1641972534455486,0.4602742265414493,PEACE
175.05802248839623,173.27060866349842,82.58075562654024,113.52935565440875,134.20581365610445,1.1683283891800407,1.1153370463713213,0.26321684580089266,0.168751225291879,0.4815128995280395,PEACE
173.99177096635722,170.55562663611656,86.22262902598965,99.33446365623578,148.59522033103025,1.1999815477015294,1.1651205585978905,0.2429929490913644,0.20534382166283707,0.49994918855132725,PEACE
174.383980354158,171.3250938482301,80.25299308454262,97.48807422765788,153.2744578865464,1.1857424668898795,1.181477840019125,0.23191643254686212,0.20673752564082312,0.44046314345886295,PEACE
55.52965354240543,169.8414328483875,171.35613340055505,173.46825313459092,161.53204506180774,0.9146501268629376,1.637781978385051,1.690694273574205,1.455581127969766,0.864821035192897,OK
54.05735421188882,169.8638436879884,171.21662739910872,174.22910778840617,163.22906040587154,0.8875474459107414,1.602024041412127,1.655801772571311,1.420960878043582,0.851013161678132,OK
61.55659953672125,172.7317758551787,171.5376305799164,172.1317328760715,160.0031987952486,0.7896809744293144,1.4425755621077465,1.4828898585254302,1.3086730428539934,0.7662189703920916,OK
64.75095708641805,171.05921813031125,171.12992410928797,172.61029279072656,154.4025126421647,0.8514061501347416,1.4910993098433742,1.5220969946673415,1.3614384327127262,0.8046300405966965,OK
59.797457687165775,171.12914396403707,170.50192824397078,171.4142704955612,157.48293116557284,0.8223977089191663,1.468462214164139,1.494823163804829,1.3555050804172393,0.7918864280982285,OK
57.336834174345626,167.9961640502067,170.20002255827436,173.12629377983563,154.2705495933484,0.9263983436943132,1.5919441017192593,1.650007185530285,1.4975774439707992,0.8953138864678402,OK
55.65363157072891,168.6702257058382,169.89660190965193,172.77197428664613,154.86435662803441,0.9251214685076873,1.6000110919659334,1.653810840431515,1.5073800076022281,0.9123673791219581,OK
56.72830826986828,165.220168441753,167.55285206623554,172.53694928303298,167.89535359744076,1.0050190826754504,1.7208823801688258,1.774047784276838,1.607225746151108,0.9952256741654429,OK
62.96816860006111,161.210840199957,166.72222540727768,169.53755671616406,173.3264247110892,1.1373127960354483,1.943324579510785,2.0018320632142643,1.7657803886538508,1.134922928990866,OK
66.83236993771862,165.87603040550417,171.754550594834,175.50880506645584,176.89342520778982,1.3786470458198639,2.383508466427002,2.3784577749233464,2.054567547749244,1.4174041439415714,OK
78.77710962637045,173.98696414814515,175.95411191571844,179.01779928065653,177.25520670799173,1.5540181618340734,2.591541465195732,2.59274368757472,2.2326764348644765,1.5573811762122838,OK
81.87016598252879,177.78759877150017,179.328323952896,177.85181811587344,178.58937860483334,1.8048406361155356,2.992396038452103,2.947884095456729,2.4998033313994954,1.746269186644005,OK
83.66008641318298,177.82600640922578,179.12133191614168,179.7631211989335,176.07391099262475,1.916608359324145,3.1547868897316227,3.0705747535523242,2.6174510841836374,1.8267747039738806,OK
70.26828799363636,170.02755403460097,175.54129019249055,174.1780479199658,175.73580186863921,1.4581833582939434,2.459019161477582,2.484099426454901,2.1621467810519692,1.4225488673965108,OK
61.676703761237555,163.4338536808974,170.5102232296347,172.00303753936038,178.15859127392162,1.1124975494198346,1.8936851464146047,1.9543900494704907,1.7977411583001788,1.0827205790867975,OK
56.05107073379098,162.80113992376235,170.48795058802557,172.58337176250313,159.04191380816388,1.045981836468449,1.724245805636621,1.819096578991495,1.6956353348049855,1.0071125845705329,OK
36.25015163436492,170.10339106955627,173.75733306935354,174.47016736365168,124.33874340420778,0.8372422913720382,1.4935671598466125,1.5778681790736608,1.483795277419441,0.8347454096440462,OK
16.05290637207045,177.51399150036565,177.0494083575446,176.23129916080515,116.14700158922577,0.8438359722022805,1.5617789217688696,1.6275723105548001,1.5299241588362873,0.8295373949302312,OK
2.4770671247743956,179.92687844396048,178.73024321002026,177.84851611150472,119.65110186424197,0.8227359090247811,1.6210899349011163,1.6741760677948547,1.5528129710212477,0.8014489263376114,OK
3.811867975168962,178.81357325149634,179.18310991830256,179.7185181135723,113.18371354631265,0.8921312913147706,1.6925420985262778,1.7445687471941214,1.6228966834755276,0.8617965689906123,OK
1.3483893097351367,178.7503986230076,179.18621530136465,178.78684045919874,114.32567741115847,0.8552288152734534,1.6527399992057532,1.7174597592444032,1.592082426544271,0.8460791090945599,OK
18.978617193476328,169.84884752236073,175.5973513374196,177.19768903323907,112.78077191719233,0.816150362401714,1.5094003117751211,1.5956281404726662,1.4923465935304054,0.7884916078060303,OK
39.45510559796673,167.17103474647172,173.43539192871643,174.51261966629826,124.88230523109686,0.8382919641262128,1.4976128175532895,1.5678044236101256,1.4713960539983766,0.8237329908176394,OK
45.8638696590687,163.56907132234778,172.28315806907574,173.98651367709766,141.24773113328317,0.9226423075312419,1.6174866980287412,1.6873747032231576,1.5553127244999503,0.9010109357435478,OK
56.6777881656127,162.08078020468844,168.7310208400758,171.6916407175333,160.83522971894612,1.0576360509577778,1.782406559975191,1.8493633685066027,1.6757472228058352,1.0265786276665203,OK
64.73444084800603,162.8336042261815,168.4650941992277,170.56587771348154,164.45653729362985,1.1784017473633992,1.9481437707586862,2.0026150125087443,1.785767238560927,1.1485307693001372,OK
62.379514304333,164.23333080118715,168.4619453377492,171.42390866772047,167.4940985909975,1.1537342919576292,1.9116204686745366,1.9701888637284881,1.7559640524121645,1.1489332707212019,OK
57.99697034799284,167.88915692437743,169.4897572929874,169.82458337577674,167.0089308166998,1.1352276417188152,1.901035684458032,1.9537723327364247,1.7324309504465671,1.1564016490478315,OK
63.1780078290803,167.17816751306643,170.95600507168413,175.06987106480767,159.67099072610876,1.1500774971036363,1.8590410121870222,1.9143147490152959,1.7214244924302977,1.1578337050076426,OK
65.14494761833234,169.69666687648717,173.70546997148787,178.3522934652541,155.86147968094957,1.1762296684903883,1.8723376177100675,1.911367549760673,1.7007640932459422,1.1781258103652292,OK
66.77853515898741,170.07434249660912,172.08281350508642,173.59514054670555,152.57740410938928,1.1341524118114563,1.8124147959144392,1.8594374157053086,1.6623652449010713,1.1160534754621092,OK
70.08321504353876,169.60024018454362,171.76503943611831,174.20187757090866,157.15900487163282,1.1420899994687512,1.820453805237491,1.8468149328669916,1.6592854361900735,1.1342468387099998,OK
72.7123984424128,169.82586132189752,172.34667653642254,176.30764408913956,154.50279518565722,1.1399262442427678,1.831695604751655,1.8366052880901353,1.634771883507362,1.1152304502243915,OK
60.954079127675556,168.1185886876924,170.83987877360428,174.88055268334588,164.80668593925725,1.1759416121890687,1.9253175776428104,1.979387966907516,1.7765590979453871,1.1356671726771446,OK
58.81186845274234,169.50971520241205,170.41944048699193,173.93596427872535,167.73426129575716,1.108426992623521,1.885174973068727,1.9340403829063149,1.717441091224842,1.0794333583332432,OK
59.90005354313852,169.8369782860628,170.23204327496683,171.43974343420848,165.49750573916262,1.111825248130655,1.8634249626924129,1.8966388640577028,1.6942513893836015,1.0850222462387502,OK
60.661435929324675,170.1974205292933,171.6431486453548,172.582024515268,161.30805212094816,1.095297023076731,1.8267453532083304,1.8812977928054664,1.676731647447245,1.074991012724369,OK
56.77827249227817,168.43433740368482,172.45962732898232,174.12156304966598,164.47160718967194,1.0153797888052407,1.7459022514850668,1.8074433873059308,1.5948321059429298,1.0078451574848288,OK
55.33027103977053,170.73781321527812,173.87624950551114,174.2209832376807,169.72922742932977,1.0499776813204311,1.7662979411675683,1.8258511527142771,1.6107951292894895,1.0252136582183944,OK
51.80655506517386,170.5438694991418,173.0710276898118,173.63070976138835,156.10375298881624,0.9961564816387141,1.699068325217254,1.7495395645856637,1.5458168395562906,0.9582065502385477,OK
42.767371111146,169.34312095949127,175.00332872512692,174.25656112522262,141.45901351278337,0.904759526783258,1.6382892159788218,1.681585390572436,1.4829702217227427,0.9004116807561126,OK
45.51857741659547,169.6594005338209,174.1145383771047,175.74302687009086,142.29315655139928,0.9085707574276266,1.6144339138553483,1.669274536861404,1.4611539362242265,0.8833907614019618,OK
43.94590341415052,168.3449732565082,174.19485351067345,173.1194771872525,140.5519730849604,0.9086196257683237,1.6249741849610866,1.6695976927292995,1.4641733775066461,0.8852577847017087,OK
43.92381397631152,163.9950509039088,171.09667561964005,173.4711294047124,147.59102316385994,0.958851110616924,1.6781075923629007,1.726978177867146,1.4975700315120257,0.9165116565200423,OK
39.1918651852723,166.8268568761203,171.86734696105327,172.9670924259812,144.6878775227093,0.8878823815279134,1.6173048600254263,1.6764386544803833,1.4654844202015207,0.8978495657365606,OK
39.941472953194086,168.31111126920666,174.24903416451087,173.27139407307618,143.96859284744292,0.9265330203947963,1.650250640320593,1.6963760586497127,1.4922118974335845,0.8965282282960847,OK
42.69211226507658,170.52323972555357,173.3764269545305,176.14316933587196,153.22835573241915,0.9004687975770175,1.621794641232672,1.6623040403897438,1.4591049544958037,0.8831695043979105,OK
40.20008131076685,166.28442156948836,171.6639685111759,173.812493685445,152.4129886665184,0.8811529230270873,1.577408893043531,1.6361147689263744,1.461507051265217,0.868313681956774,OK
36.095018070499194,168.18826287877607,172.30290867633502,174.92665369863548,138.7670388867848,0.8526174733803964,1.569290642214276,1.6228854517297324,1.4565145492120912,0.8578046608566894,OK
31.434635768192578,172.86399116185524,174.42883069407497,175.43415307057123,122.79272426855334,0.8198246214506608,1.5479142321634252,1.5955886050560668,1.4362487520836045,0.815640567182431,OK
32.79998501083643,173.07018594379022,174.85852306443894,177.17960172502086,126.3822917694304,0.8148873337050728,1.5502107539523529,1.5991247078926163,1.436019033441545,0.8074496871612921,OK
37.74112112546518,170.47435977274662,174.24336851420506,175.96231821857828,137.6540897825091,0.8996544571274507,1.6075236132876862,1.6488958210251523,1.4927823516479295,0.8842393163138372,OK
42.68369428411122,168.70798962993854,173.73069778105082,175.81527604193982,146.05599934449708,0.9355244760089594,1.6265668501817447,1.6914295574712086,1.5210247534184183,0.9310327904145378,OK
45.62891964138322,167.53698168856096,173.39886196505142,173.84158804296365,163.49725661401513,0.9508695857015333,1.6361216507618255,1.6889779691932072,1.5132649747164373,0.9471469228452726,OK
52.06973256828765,166.99461385929737,173.64065669931927,172.46714746426755,171.77263700339785,1.1180923216373888,1.897301110601775,1.9338249102719693,1.6528929797104748,1.0938016164270887,OK
52.116224170857315,164.2647248188966,172.81764310019753,171.90206041541347,177.47751521666433,1.382569647332329,2.2429969916149872,2.2437317317297834,1.8863647178944112,1.3174345975605248,OK
50.23440508156655,167.41178390117125,171.95936875220747,174.49575289161257,178.64472305014573,1.2666396617300921,2.165385742206511,2.15294776592594,1.80813205453285,1.2721573254150387,OK
57.08848434794976,168.02432395780588,173.38225927664072,173.77731956918944,179.7874447408031,1.3435635656047789,2.314235669089692,2.2843896319874917,1.869597621320554,1.3586003416464976,OK
55.64677031156679,162.53353174002368,170.10832892906276,173.70435664278392,177.83618073809384,1.332490587161404,2.243942360414648,2.24059323604702,1.8365889775498088,1.3425186324644351,OK
48.30071219984509,164.10533348153714,170.95202442648096,173.6343674186043,173.62716403288485,1.2450676465383659,2.1161120173076546,2.1176987377455783,1.7728540777057735,1.2386524724577241,OK
45.19621758301676,164.3997938452884,171.27759267806667,171.77992058086556,170.24101925890184,1.1865107698411719,1.993450318844985,2.028740550025764,1.7294601021570368,1.1742355606316293,OK
44.24393117081616,163.12333819674495,170.9743968274561,173.2609016365895,171.13433256585606,1.0997312487538151,1.8951775201048995,1.9362799868041782,1.657823375493774,1.1007967441435735,OK
45.480360085381626,163.0211266364779,171.12789903616832,173.75432335319036,171.10771753056258,1.1209023999672396,1.8549046803622695,1.9209514208246279,1.6816734359682735,1.0924895733525761,OK
53.718449895956326,168.32213952485353,172.2189124030741,173.13457199494053,163.4156217012955,1.103018268447051,1.8149879404217704,1.858532874675856,1.6504824065077945,1.059731903803217,OK
50.57180848496116,167.44216641106178,172.9016257510398,174.83343052715875,165.40438783944236,1.0483265310479426,1.7874337777731233,1.8281499202047293,1.6195020729790928,1.040961651960518,OK
53.02163495098243,166.68217936140863,173.36946940019698,173.88784437449888,168.58294076507244,1.0556043333929104,1.7660693492489736,1.82200836392198,1.6129942544059506,1.0211017317663922,OK
52.86229380376989,167.40483192880572,172.2116539968531,173.45730358807396,163.9202569944678,1.0312773444895178,1.781856217694673,1.819086003541008,1.6060717887076945,1.0166641689522868,OK
45.742207228001504,164.60882817425082,171.9277015071753,172.4309679333536,168.29469662418933,1.1175739735579,1.8897479561288797,1.9446640515690339,1.67882074781621,1.0930569128541558,OK
52.22067360510356,166.6730370394545,172.4965679192499,173.6720323536275,165.6418218626031,1.1181358289303824,1.873766013917575,1.9206895826597719,1.6681460212775654,1.0805257216286885,OK
51.443923298779055,168.57881458265874,172.3450969114333,172.05301127334096,166.20318275956475,1.1148471226874581,1.8802393986957697,1.911533889441383,1.6592937345809078,1.0981093129023751,OK
48.43168721318556,167.37261948658204,171.83341761228368,171.0946439469119,168.5590694836071,1.1268732048219663,1.8838457673731333,1.926574797593178,1.6788986189624404,1.0918529387654137,OK
51.0393851478253,166.2118246871686,170.49846306582697,169.5851856294099,168.26027567637846,1.1368671519779943,1.8809712071988474,1.9193892651747197,1.6827851846640924,1.0986922642148718,OK
49.66934093912264,166.44155744749364,171.56904062706832,170.91508730878846,164.02794201057077,1.0809829668390198,1.816198660337241,1.8697565196413433,1.6379284329342236,1.0546711492641425,OK
52.10978487173658,167.45340914980102,173.30264899538096,173.86689175644588,163.44230464464167,1.0900599606998096,1.846815165349178,1.89114066469779,1.646233589332112,1.0477020582761232,OK
53.61372245185789,167.29804567121107,172.12777029647478,174.67897921706603,165.38063795475054,1.1030429623937072,1.8786094837026757,1.9055542884922145,1.6541630476209503,1.0590876317404123,OK
51.92162122615241,167.19149586218683,173.00419609676013,173.74942974597002,166.95689721185283,1.074229315085826,1.8410950294576274,1.8849760580242172,1.6215271624921126,1.0379235432461833,OK
47.96848765179172,168.47975944313896,173.916543509963,174.45685625923352,162.74711741189594,1.0527547746389887,1.8357591817476573,1.8514304601708202,1.6114414560571109,1.0393184610326165,OK
42.86438524031501,162.14012940447526,170.12940398881486,171.48942456787205,167.51659103129188,1.020043991404409,1.7728373318002821,1.836871447342989,1.5964862732855698,1.017617069876739,OK
46.56827294090401,167.3387602321344,172.12505102810533,171.50250711376736,165.00652526401558,1.0717539563133716,1.789994873133286,1.8471768155426307,1.6286345123205663,1.0325375255529545,OK
44.839383317799985,167.54409478689934,174.20566222482645,177.62208169696646,151.11101797862517,0.9726168179016191,1.7167608369104816,1.776990488157903,1.5504002190964041,0.9638384895010753,OK
44.39246839122937,164.26796001052955,171.14410537118675,173.0557659685696,165.1325382260368,1.06403774501249,1.8619240436921838,1.8937508146936477,1.626855035087619,1.0378089402841177,OK
47.101595997891415,163.4213485769177,173.55488361524482,174.0201881360071,164.8744495685145,1.0476918700331297,1.835587831295784,1.893838155521857,1.6181464331843394,1.0390230748928113,OK
55.17678890599524,166.54529430167824,172.70668935493626,175.06620865893365,173.75788362395724,1.0922578005368138,1.8991766175836726,1.940433901520781,1.6343604061288608,1.076688703349915,OK
50.340172021991734,167.16540816940895,172.58572102048774,172.35950983801686,169.3264965839459,1.0207882311260592,1.8019390338212349,1.8449820833853239,1.5890292004722517,1.0195073954436111,OK
43.36072595357067,164.35075715183552,170.40922229917723,173.28718797778455,165.83776381311552,1.0288210633778303,1.810968078791184,1.8431345344743177,1.6065186527521649,1.0463694713144713,OK
38.84585689319805,167.8428367492431,173.1446942852181,174.39472101905395,152.48862979540328,0.9574514422557215,1.717483166803328,1.756511498805082,1.531369280553893,0.9531357239925033,OK
35.92843590993601,168.88527544725875,173.3759561206687,173.92840557978045,139.3910503436762,0.920028569226434,1.6701018041707223,1.7136236984069615,1.5060508557592227,0.9299691259055534,OK
35.47571053696719,170.3487116520212,175.50714186112128,177.27157270143564,123.09417242886349,0.8624845987084658,1.60987894985825,1.6483211644754558,1.431060379778125,0.8577742886939429,OK
39.793634532209474,168.46921438186874,175.49502383944832,176.6775945253181,130.33446522443333,0.8626129705459584,1.5707592592204134,1.6199592072605113,1.405080122290105,0.8333889647193968,OK
38.18896759293087,167.30002958800733,174.33046987899513,175.22496571398216,139.25634215185323,0.9660832820864651,1.7413510689128568,1.7824037753213653,1.5366772747253241,0.9596809304327942,OK
42.16163443875602,163.82192381741783,169.02977670499504,172.19216393309964,137.6791175066158,0.9622215829100214,1.706462704634023,1.7322732868127557,1.5237298246590467,0.9490731166797217,OK
43.451481654450966,165.6667473888134,167.11641968411294,172.1377805689824,138.80486140320116,0.9329085622504852,1.6863244916926017,1.6836873790896674,1.509986523829441,0.9075407045190516,OK
37.12864454477039,162.87309274318923,159.0737947213623,169.73002056982128,135.9947065162546,0.9062607743247763,1.6353793360131037,1.5968937497879152,1.4810051709179504,0.8840583269519868,OK
45.339977634917396,170.93591947183873,171.659602989772,173.53582675874407,134.44042408649477,0.8373575980660788,1.5874886044058039,1.6017226172377952,1.3917826570125202,0.7956320358819032,OK
44.381001792425835,172.81425440808115,174.02054321067732,174.63187134370037,136.3497769315459,0.8763921608093916,1.6454628036734924,1.6703071929315407,1.4517370124494067,0.8404715349538014,OK
35.29064768695202,168.76612630456125,164.03437456664852,160.16613355868995,117.98162772769314,1.2772031996908002,2.416615196482624,2.3146496676307198,1.8103123841931845,1.2133494208952909,OK
36.99688568522317,179.24638891661579,177.3892809898421,177.1890190066166,136.39077584572675,1.2020489116112956,2.2409426404493824,2.1597924480223725,1.784411775717106,1.1535175768573618,OK
34.10303583710733,178.7130312034304,179.13372478674398,179.07657001766822,135.98166536305257,1.2321939630441812,2.3041443559207617,2.241064328250464,1.8846055370073354,1.2196423271207713,OK
31.077612632798083,179.58095525502696,179.73563442056027,179.5700377248366,131.9345478961139,1.2631587097126091,2.3687894744894544,2.3114386994774367,1.9337219047875842,1.2550923971950554,OK
34.51420399949359,179.70743639868834,179.002206373175,179.35440004559183,136.26250146452867,1.2376668437928566,2.306300845075793,2.2819320166144736,1.9170177656733047,1.2342670527437778,OK
38.12904269070011,179.93337602190041,178.1767983978635,177.17684314770688,143.13838260413314,1.2222409720709395,2.2644058503437923,2.2254612307475656,1.871802841949731,1.224135748598954,OK
34.264100300953295,179.88771388637858,178.73288491753513,177.75639942932403,133.84056486604928,1.2666345710763902,2.3219289117163417,2.2501809153513235,1.9128753927824869,1.2376380890807017,OK
36.903640004173404,177.93056575363087,179.17439989371223,179.2715042102687,134.20543727521812,1.2507593948342965,2.2504492745327718,2.1957913715986104,1.883671929816314,1.2140229100982383,OK
35.978757217852575,178.60817459645887,178.41513869781667,177.5360224429377,138.3495243630016,1.1783063844374329,2.165345983130296,2.166777071536186,1.8329992124347882,1.154193874931224,OK
34.594125743941845,176.21751641542636,178.8946936691446,179.05304788096967,142.2144413141793,1.1985758352089841,2.173736655825856,2.134279629794449,1.8125552827908058,1.1529010050488833,OK
35.23401941749029,171.94465188097388,176.31614981711297,178.13872307889332,132.24702107257167,1.1208459967455013,1.993668714942822,1.9870427327198483,1.6448093136604967,1.0835047078347173,OK
34.79397540556941,169.55615809394664,175.88689886529227,178.82042568322467,146.4712649755211,0.9870969566821963,1.7905383350414574,1.8233177683011401,1.521351587205036,0.9688425277528672,OK
35.18858014502783,169.3765486226663,175.293609210974,178.18574807089604,139.20821948666534,0.9813093328573276,1.7659972124624985,1.7984084090129824,1.5046327037042642,0.9450972170767721,OK
35.25290458088894,169.61202358296686,175.32474701739164,177.8980862581708,125.44471169136459,0.9678534600131878,1.7484017093884425,1.7791724237870505,1.4895063250933533,0.9158784442676641,OK
35.65994079042952,168.55987552779771,174.72651563074086,178.80169107983195,131.4013090865247,0.965780694785829,1.7545776361650356,1.7783124817968972,1.4780903218859491,0.9213510233354288,OK
36.151495278926326,168.039547800957,173.71618712605607,177.83665881388782,130.37143820476916,0.9618019757773466,1.7439725374384596,1.7791912306882482,1.4694002205982313,0.9265403806095146,OK
39.73412256519461,166.76635511054448,174.11114342815696,178.77967967864114,133.36721295236856,0.9717712290861753,1.7305485663782993,1.7757970448126965,1.4730972383516105,0.9323987359512883,OK
41.406766018981564,164.572787993246,173.51144378883174,178.78404678529196,120.51138607985003,0.9996685156102315,1.7521818753773326,1.789645714580629,1.4798605667837847,0.9366031857146075,OK
40.754050268069136,161.28716985902327,171.00542914772075,174.87012959294165,128.82474491064661,1.0248041761883941,1.7860173181000378,1.8240785624355467,1.4758138113605457,0.955338008487117,OK
41.93728763097836,159.47913974261076,170.74008808268727,173.49073016109665,127.3808274259232,1.0206386975556625,1.7751881832418182,1.8025732620779118,1.4403861652538663,0.9609238389636302,OK
41.4518697422006,156.36972322181498,169.5369655562785,171.03819447600733,124.066061718727,1.044237469540179,1.8011806621760496,1.8235576022872113,1.4378258280192318,0.9809762026716646,OK
35.49242604703043,156.73921482355678,168.85312453649385,173.60652175370592,121.50417255557215,1.0039005773276513,1.8074501602452506,1.8442902886504802,1.473010759541723,0.9686974186634051,OK
34.75280569324274,162.14745832741656,172.79988212206638,174.52923249065327,118.25179891371337,0.9341084950180468,1.715043687012392,1.7600879755772185,1.4483008256274985,0.9188916230572437,OK
32.965421511623134,165.8777672608645,172.65420177712494,173.07599605765785,126.13023713329657,0.9762697180579799,1.7572903508721092,1.807196819801487,1.4868573714333255,0.9227331556190186,OK
32.86886625009302,167.84635417480408,174.07246186604962,175.71860855828513,121.87676200752048,0.9642501007240382,1.7247917446545868,1.7725902398814248,1.4841360792286473,0.9091667263922266,OK
8.403366083402066,9.470625709091973,10.102726758627899,16.493834948002036,167.6337285606791,1.0950420029801278,0.9386339194026339,0.8157062661139237,0.8006983899905818,2.1964502384879596,THUMBS_DOWN
8.990898849559755,6.56266172915668,11.511222315715372,12.911978199029043,166.12896127604958,1.1531092502997644,0.9903182119380145,0.8627150668136556,0.8219603692536981,2.1990476632037175,THUMBS_DOWN
8.15900422333026,5.3496395745621115,9.301102695442294,20.028496060611015,164.2784620108999,1.19108205558478,1.0651044071652145,0.9372722677086845,0.8749552769146554,2.2154515727397994,THUMBS_DOWN
5.042660215827585,11.329131341808901,12.412668307301754,22.43855072827824,164.2444470498999,1.1801279033887435,1.049529638325112,0.88920661714986,0.8279912588780801,2.230241831265192,THUMBS_DOWN
6.401270988601599,9.139452187450194,13.271472408753805,26.20917492366633,167.34728417519523,1.1882141636100723,1.0427810041869283,0.8867652640452647,0.8250653648848832,2.238528497359026,THUMBS_DOWN
8.920007810553356,9.580132423322695,13.88269307717649,19.012033494874647,167.6240644413027,1.2398303606958727,1.1169263405503018,0.9481657438421898,0.8544513145404032,2.2686993353411604,THUMBS_DOWN
9.512114536907664,11.308366108483213,15.928439497036848,32.07194593345811,164.04807914850954,1.1427862683938563,0.9759494930925409,0.8548003238315314,0.8202203947339873,2.2114830880226704,THUMBS_DOWN
9.653134381705705,10.071435379800846,13.967090333830903,35.64968890692486,168.4452622961234,1.1429932802584786,0.957825432301144,0.8373347057725495,0.8175994256674496,2.229710424723272,THUMBS_DOWN
1.1335287505864284,14.03693690288989,13.191976580001583,20.100469088266276,170.6257917681039,1.0769379552170832,0.8985121233101538,0.7798725328674321,0.7837196760258778,2.0615107689840384,THUMBS_DOWN
10.506463518117105,30.840349536433724,33.53155360567121,54.43919696875964,170.24740906598166,1.1008464885580467,0.920408996977814,0.803042058987127,0.7735141051294291,2.1054414394426635,THUMBS_DOWN
5.974004521009516,25.72699895375918,35.778703804846394,69.15623455130392,169.67052245051443,1.1191898558431093,0.9333978757615307,0.8076050253471816,0.7998421807047442,2.207294523482637,THUMBS_DOWN
3.1115961639246446,21.305553744780354,25.4305437946217,49.763872836904866,169.93323515023152,1.1478510102407966,0.9919168014462958,0.8787852638279066,0.8536950131177815,2.2581231195822298,THUMBS_DOWN
0.48425257704817526,20.63855008602145,25.178901410444556,45.18965256642689,165.77799042012873,1.0804699690711355,0.9367116713527442,0.8277452393005246,0.833514695767234,2.1999477202848827,THUMBS_DOWN
3.6847590259475815,26.16484238117021,36.782114193523014,63.12715094111914,167.56998822469413,1.0736144060610757,0.9048496027670647,0.8129172258225392,0.821099363765673,2.1204545742031238,THUMBS_DOWN
6.644301927027461,28.063260724678624,40.13741982436661,64.96609707021844,166.03807717065732,1.1189714811431744,0.9414424545529062,0.8287600450988543,0.8075058553273083,2.1243375664546167,THUMBS_DOWN
3.241274013175209,17.18704169149636,21.511751087291827,44.297755142212516,166.12796216740705,1.1039481303102707,0.9547696697023128,0.8275720186611248,0.8025672499157348,2.2098948443788,THUMBS_DOWN
1.682310154131829,33.33240945950796,40.63940311713846,80.47349908504387,168.22215042516595,1.057959632142582,0.899306662100198,0.7861305051453632,0.7854784947196465,2.0978613423432466,THUMBS_DOWN
1.410437558677135,25.24701218599321,29.110999794953628,56.325993720878785,163.29253603851225,1.131046415421669,0.9555077917616427,0.8133159411372968,0.780116313686817,2.203797992716617,THUMBS_DOWN
5.391068127917543,11.321908275628456,11.810115032851835,22.639829571877037,165.72905777735767,1.1157370418501058,0.9423997559574354,0.8038286302314379,0.773408948398128,2.1746276698299227,THUMBS_DOWN
4.614284951819443,14.735281918051422,19.926212673321647,40.13785641743211,165.05903328044468,1.1044007908340443,0.9289326566305248,0.7824595754150375,0.7760950110874465,2.1808710320271754,THUMBS_DOWN
3.152751677642608,12.94246420076287,14.589587198291198,29.923337476472742,167.18754260095184,1.1911824779351925,0.9973028854935897,0.8560190262687387,0.8342150866384657,2.2179185500143563,THUMBS_DOWN
1.3303467818344323,17.54492450407651,24.7270099965995,48.36662928093022,166.04757890490023,1.1205148918969863,0.9566217187641997,0.8501191392896966,0.844866023878915,2.1074793568424193,THUMBS_DOWN
1.8147596629059455,15.76279238627507,20.676628360201743,39.05077106607854,164.8568861566237,1.123957453247548,0.9625466127578209,0.8476503952154595,0.8280557870682823,2.1071022475066754,THUMBS_DOWN
3.4551536831139162,11.20422779753351,9.527561986663036,25.98282013966014,166.85715990590623,1.0974268619450147,0.919761520747622,0.7883197265259216,0.7629561390882228,2.1110274088371237,THUMBS_DOWN
6.315767050634083,10.513778007445106,17.688584108418983,27.73382726351829,167.1492457297752,1.1376410375254908,0.9467523887909238,0.8101323127845597,0.7473632294773344,2.169642337507048,THUMBS_DOWN
3.851260656390124,9.16143052250474,16.996345322350706,32.646625077637076,166.37735422997298,1.0632646775858308,0.9039740497093134,0.7751461993822975,0.738747660283343,2.0591048766610967,THUMBS_DOWN
4.962605997491848,9.296291888936679,10.299577487782035,18.074262942082495,169.46908172204326,1.1662216370830176,0.9927199853769535,0.826122185080001,0.7789143759491803,2.276116869496728,THUMBS_DOWN
12.49272484130261,2.1316301452956528,7.743537578665304,14.27164096469029,168.65325944278695,1.1984071027552534,1.0056982554564253,0.8462204844550327,0.7805376936713548,2.32006135917648,THUMBS_DOWN
17.458296453451393,0.11187805013139626,2.981542409131052,8.238788400864568,167.662609303483,1.1540404811798006,0.9881164053439107,0.8153627222617748,0.7639605077028712,2.2472784614833605,THUMBS_DOWN
17.26321245282145,1.2707128730426605,5.679594363671359,10.107563641892062,166.71935010534688,1.1917647818482517,1.0209437278834907,0.8404709320479988,0.7547789636921081,2.2067109502010083,THUMBS_DOWN
14.702049199836832,6.6052597935085275,8.877181479266213,10.478357447646424,167.19456365410358,1.1362313959527726,0.9892936142699449,0.8086486647135658,0.7432166522000536,2.2122583546509933,THUMBS_DOWN
10.878780427146536,8.036991183159342,11.201063832658692,15.01271825655094,167.46991521995082,1.1411427913259735,0.9779754090646836,0.821661900482589,0.7592785336700607,2.2115949617019464,THUMBS_DOWN
10.72964594952127,11.199920340136211,13.545294129482896,14.988292477848669,170.50675051537908,1.1275222642367675,0.9662235860452518,0.8031677123854399,0.7541280113764925,2.1385292326976097,THUMBS_DOWN
12.93877442159294,12.426882995382357,12.987340411300927,16.2347967366232,169.3891924777931,1.1482524715778022,0.979836074104292,0.8209428110003395,0.7834010663276852,2.1610669715562096,THUMBS_DOWN
7.3488796734520925,16.21654908040569,21.781417413127784,32.67394162335101,168.93050996228175,1.074298401629757,0.9241801528233567,0.8029262550189163,0.7865094920610924,2.1577078656461066,THUMBS_DOWN
5.4967305727099465,14.090637488804418,15.370754921576946,23.152770872964027,167.2528877542233,1.1046669048221187,0.9418670662099702,0.7996010652294852,0.7805462431785632,2.1692665975086753,THUMBS_DOWN
8.421490146459103,11.502599858128375,15.215920614367489,25.711496487127196,166.2132489833685,1.1056669000001362,0.9478089235962045,0.8298108155331685,0.8189412436378676,2.175646683890635,THUMBS_DOWN
6.278009377037527,8.38700738582222,9.823124953996889,15.81494484080982,167.857096467032,1.1225109523938321,0.9382423434397797,0.7960407181549093,0.7699585875819487,2.145245463415326,THUMBS_DOWN
7.074690123810767,13.774203405171535,15.91356026871397,27.859846827779123,167.62391367508104,1.1065736803616433,0.9385655865422835,0.7979978090542649,0.7765979807929502,2.235205644298198,THUMBS_DOWN
9.00343567559524,4.036669576747346,10.367358299747858,23.202801719292097,167.01224948334942,1.1250748987580035,0.9447682048457932,0.8160019896845516,0.7687142511839192,2.226185174955288,THUMBS_DOWN
11.65319660051281,2.155034242323314,6.321434958410123,14.313211792485573,168.15882316031505,1.1341697039883853,0.9657087278684242,0.8161256485628059,0.7474534469815778,2.2695521606371947,THUMBS_DOWN
11.394089964084854,6.728795404255496,4.619416434264329,13.861412559133228,170.0783246403124,1.1641321591619163,1.004571016068749,0.828664548544572,0.7458601195618674,2.2969561758159287,THUMBS_DOWN
9.754785347937636,9.413321821479222,8.221549428762588,15.571696500595484,169.64249730293994,1.2057251960956625,1.049382527128763,0.8697473041482344,0.800756870564884,2.360483176813028,THUMBS_DOWN
11.10961905465355,8.128988015977152,7.788488733414218,18.53403004858171,168.51856102818655,1.1971209362920194,1.0420612716852482,0.8635665523602853,0.7828997240983785,2.3445876203207234,THUMBS_DOWN
10.734902991055755,9.424130846885834,7.636812374661436,15.995774453574404,168.28580442788316,1.1947120974682237,1.053855792719874,0.8773061253300081,0.7979986357776542,2.379106406883101,THUMBS_DOWN
10.712744065367644,8.797952635832699,8.205483791490263,18.181449698487913,169.09000064936606,1.17225007228437,1.006182791470631,0.8382602207379016,0.7789449701299217,2.3393200749284775,THUMBS_DOWN
9.7433727243191,8.24573032778393,7.318941459403864,18.032985333915395,168.1454161017774,1.191292362252824,1.0200822242268983,0.8448176348756242,0.7775245365555817,2.3016671241418196,THUMBS_DOWN
8.284351730264468,11.13150667316977,8.20552721728636,17.720549623700407,168.23585941927251,1.2037813295593383,1.0470883816106713,0.8705160583587557,0.7954948603810695,2.3364343978528503,THUMBS_DOWN
7.219727896510464,11.864602314848261,10.679787896893371,19.735862510018688,167.97469852672452,1.2118323059580138,1.0423826390166357,0.8648360799632077,0.7946568686463227,2.3462615681979226,THUMBS_DOWN
8.155489648795266,11.304761168873805,11.542222973731619,18.634009198443337,168.3102251106837,1.1857964349971193,1.0199373201802184,0.8583344307898177,0.7938149857571913,2.3097430369395666,THUMBS_DOWN
4.3800610981226065,11.591057720717407,12.763191767222336,23.40063269486928,169.1009110651338,1.1522019782522557,0.974587281752867,0.8457124509666128,0.8137004132683788,2.3265269469798238,THUMBS_DOWN
3.082853188441515,12.083998273347575,16.310044110631104,27.223648701726248,168.42107743758888,1.15327834358182,0.9764962340469937,0.8447465438084474,0.7932188767902468,2.3677044162877525,THUMBS_DOWN
0.029449390554984325,20.984124163349495,32.35758902516363,46.416962159911954,169.7096822379516,1.11944178275022,0.94203441802104,0.8145893942029536,0.8032037422503673,2.26103422392097,THUMBS_DOWN
4.330326331472561,21.129825204254455,27.319858371110037,47.707592665491354,168.9005065615885,1.1456652796575761,0.9713041201589195,0.8353475149849799,0.8026748673522756,2.2944141277495222,THUMBS_DOWN
1.0026287812690995,20.115986712264235,23.742032521076084,47.816003988829,166.94788106545153,1.1181004968256407,0.9362445313543349,0.810238097112935,0.7915313497147681,2.2605452434923183,THUMBS_DOWN
5.027493849010029,26.046189147014363,36.29781324371853,48.7641022347232,169.67880413872223,1.0854440673327796,0.8998995390499377,0.7884231788982244,0.7923408191979775,2.186137421345823,THUMBS_DOWN
4.314308852077996,23.907444029742923,29.827083052019507,47.253889677777565,170.13394211549092,1.121374322430261,0.9289600106000756,0.8018132167034407,0.7887499269018656,2.218947656603088,THUMBS_DOWN
6.528503299245018,25.13989642627304,33.24355899812288,56.87211339911517,169.67337147980473,1.1147394363533787,0.9357460714967327,0.8088050156756025,0.7848774723418064,2.225823939687846,THUMBS_DOWN
3.995921051758265,24.986491620964507,31.266213023828143,52.33556563618289,170.07530663964957,1.1036843288846256,0.9198267217574713,0.80219393539313,0.7806131639529331,2.2021318334905535,THUMBS_DOWN
8.72441503618569,23.919210626261485,34.502289460043876,54.10328249005957,171.6561103908013,1.126530076194803,0.9487280165492854,0.8146145799886301,0.7815580542406684,2.2801560751911096,THUMBS_DOWN
5.3497456418543585,22.822970088227247,29.163498794324532,50.88794034305134,170.6200704436327,1.1248949836677837,0.9424322634251232,0.8175637431943487,0.782465200454841,2.322470001577703,THUMBS_DOWN
6.314629702422808,22.201604548427564,31.806725749582107,55.457062287708354,169.40133604353142,1.1355058820787272,0.9275214091758206,0.7965229942291007,0.767924015660919,2.320652626125918,THUMBS_DOWN
3.387421484263852,20.946382558985903,33.85042010238734,54.59294877948563,170.38473613380722,1.095606235006252,0.920708641054566,0.8079509770364677,0.7895169447341599,2.2643365812257557,THUMBS_DOWN
5.666072649748363,27.216529816859843,41.13701201919231,62.44320434280795,170.80513965664292,1.077461976922948,0.8971527674725425,0.7829075145220246,0.7755842439215839,2.211473072931973,THUMBS_DOWN
6.05906440530238,23.528976837306665,33.751884883917306,54.26106018171888,169.6533600730867,1.098459457289658,0.9072557612229827,0.7878564402666568,0.7709375600950927,2.2938468244861614,THUMBS_DOWN
2.5271560126386445,12.438853591133508,18.20942186063446,34.00034554917256,167.9945671361501,1.1005592377162297,0.9006855289366622,0.7811043246856858,0.749955178260257,2.2891405720625206,THUMBS_DOWN
7.885368825087609,9.586851588626384,14.238241532792058,22.55626248532045,170.59803933076068,1.066434787149118,0.8863266335614206,0.7646544063634041,0.7456467566053651,2.260149834949502,THUMBS_DOWN
7.504896202900713,7.656902216929555,10.051886467108618,19.652249341936905,173.22662251999503,1.122819306397212,0.9578266140355186,0.8397363811539196,0.777557217940566,2.357432688488678,THUMBS_DOWN
5.792042137395977,9.779029541850559,14.382431967488877,26.141996377614483,171.85539164708487,1.1614303644619959,0.9884930035266757,0.8518469382001116,0.7825714537054834,2.36924659697474,THUMBS_DOWN
8.666576894839702,4.595402176570832,6.818762262650573,19.56201494350674,171.75856997300903,1.1723964599433032,0.9905643265064915,0.8517761824782937,0.779777789458882,2.347151296381168,THUMBS_DOWN
6.315812949126784,8.259515575623107,9.63510158897869,23.984800141843234,172.0758098064625,1.1464517104810807,0.9671002800613593,0.8431307504784253,0.790677100980377,2.362005139045683,THUMBS_DOWN
7.756070157001979,7.809925496590289,10.369486516164395,25.425281585686122,173.15516088023028,1.172206736907761,0.9946039349881627,0.8603727390818189,0.7870894043115502,2.3758497473265545,THUMBS_DOWN
2.138759110695452,15.557455916192932,14.496208609855424,27.16541932968117,170.72981697750882,1.1279514383184817,0.9565815456637559,0.8215282944153098,0.7893764924308703,2.3625476501243683,THUMBS_DOWN
2.239266090082361,13.400840079218707,11.671544946541626,30.56647176331456,170.72860635666314,1.131757065026708,0.9605628501500489,0.8377901528116322,0.7931327617175866,2.3423017942537694,THUMBS_DOWN
6.505551401604262,10.275436227205306,8.287319350897246,21.283677473629137,170.97194461764047,1.1225907668474342,0.96073738299146,0.8416652827590415,0.802466768521293,2.386037948799224,THUMBS_DOWN
2.522757767648842,12.974636507074642,12.801822533830094,23.351772799567485,170.72353642546446,1.1094121209205,0.9490284209749557,0.8422335551536412,0.8104198091840356,2.318076895536201,THUMBS_DOWN
5.098392296419594,12.603713041649614,12.78347358196998,21.548390365414996,169.93245869050062,1.094253597478922,0.9222084427812014,0.8136706753673277,0.7953923587255792,2.3067607845030595,THUMBS_DOWN
5.999065000964083,12.657215018855437,12.218544239845592,22.914015540045337,169.20989757751371,1.1027414432429044,0.92992392090587,0.8117144914467551,0.7955088114105787,2.2777802671716394,THUMBS_DOWN
6.572052628594666,12.203836955975971,14.817856453733325,21.55635719720702,168.65648077200686,1.0858790570673729,0.9006778671156609,0.7798141035374389,0.77179872081109,2.2719053310111637,THUMBS_DOWN
8.309442562498713,6.850460868158758,11.609103421731309,19.62433658961627,167.2383268795011,1.0739401326420097,0.8812265511549053,0.7681375592120172,0.7732565827481098,2.160008072925581,THUMBS_DOWN
6.329919792878108,15.766852809296834,16.481601164410563,27.256416719276395,169.20237746229876,1.093229307509881,0.9212197492131592,0.7951548409416918,0.7825732455832256,2.1890879889727057,THUMBS_DOWN
4.6369876996488015,11.872590039294002,15.103481864487332,24.967033774011878,166.03686940635615,1.0998696035900142,0.9080318533501449,0.7873361523224722,0.7805175198162363,2.1548700933405143,THUMBS_DOWN
12.848401613128294,45.657783170874616,57.17710011644958,87.50205781619971,172.56120604998563,1.1453094676137707,0.9884407552463027,0.8496299726329996,0.8228710765107734,2.1767887020455934,THUMBS_DOWN
4.266238912698732,27.116074581005158,30.093071156444328,47.15246471541723,168.06330304609554,1.1239578825551408,0.9487965016795019,0.828935127840562,0.8231962480859386,2.128561866101757,THUMBS_DOWN
0.7627804249297891,18.239205261941162,20.47921783858783,35.875667164338594,167.2473644964964,1.0856570627239939,0.9043789431080707,0.7893241651904718,0.7914508115951351,2.079510544817329,THUMBS_DOWN
6.097567602413616,12.880768520821846,12.251557436770414,20.826284797459227,167.7942326161885,1.1087045991887603,0.9323909463657558,0.8031858679476717,0.80725098010568,2.163595028684501,THUMBS_DOWN
7.070600507174395,12.82211721323911,10.522826791670209,20.1682718726793,170.27560174369626,1.0736019924562812,0.9490050493667327,0.8451408275348983,0.8393490109617896,2.189320207207735,THUMBS_DOWN
8.815109061192985,0.4081211507038774,1.43818195668497,9.014173690635644,170.89431347581564,1.094610417859322,0.9305818129999811,0.8220098446011369,0.806491021176832,2.19413978233386,THUMBS_DOWN
14.34272002204238,1.592958339492644,1.3819706612559362,9.430330491936434,170.40596454891755,1.0468189070086524,0.9260827233012148,0.8517690419447549,0.8523438712415172,2.1899133361311582,THUMBS_DOWN
10.022943138555306,6.294461246307778,2.5618757755588417,5.869487512879908,170.79335633110622,1.066112303564263,0.9515658702321582,0.8556688458741636,0.8362296535974361,2.15476747297206,THUMBS_DOWN
11.418092813852187,2.8220863260461866,0.9449186314510873,1.6396050397540778,170.46898414731893,1.1163462487961509,0.9730355141293386,0.8711793878588506,0.831309715694669,2.188948306908689,THUMBS_DOWN
10.055815380796126,3.5464401170565805,0.0878961957479709,3.7984176626087964,171.59951508145306,1.054287425326125,0.9230688915630793,0.8256871063977208,0.8103670184342553,2.132676078173317,THUMBS_DOWN
7.817617273457772,7.910107124782615,7.371654766600263,11.54662178020376,172.88546279204058,1.0775977582949623,0.9613207871455346,0.8674864156825682,0.8697552749408685,2.0993662310597103,THUMBS_DOWN
7.0873027570751415,6.794962963621804,7.300891605344954,14.102995720437361,165.96852707364292,1.051651978948624,0.9315088616387627,0.8787585026134959,0.9044577153134895,2.049961661760282,THUMBS_DOWN
6.503890940078811,8.305186238524533,5.296768516313297,13.821693143368433,169.92067234279384,1.009796075151692,0.8862832738006929,0.8137308582433297,0.8328491684721214,2.011684387158378,THUMBS_DOWN
4.555623066456623,10.536312394760724,7.597479391796306,15.150205994663557,170.6483319252845,1.0282147718134154,0.9067544694536579,0.8251963866382529,0.8609054057496505,2.0752964176543003,THUMBS_DOWN
10.518941560691388,5.272377140001764,8.98198861810368,13.236183596565757,162.34256211712264,1.0590442121082935,0.9209888586697018,0.8253519050314521,0.8357981602373423,2.0164784133329867,THUMBS_DOWN
5.379542492946545,14.774395108151246,12.309422489402468,14.431869999537282,167.918333427788,1.1278462469603594,0.9968774922661475,0.863625286007625,0.8579699621192418,2.0702775983025568,THUMBS_DOWN
11.225360640808015,7.116499148661769,8.237846666001444,13.880802719905299,165.61895437558138,1.057711598632749,0.9350833802072617,0.8336338385258505,0.8553416576255923,2.1060799356666227,THUMBS_DOWN
7.234113415677304,12.127045961819938,8.319121733587917,8.962272478084989,167.01465416094854,1.050554721839301,0.9264697374808127,0.8349133968265341,0.8614243852844726,2.039807902807107,THUMBS_DOWN
6.279651671526259,12.269140638618596,9.95107098488653,16.152618339235172,167.83420668351204,1.0989562126429528,0.9773232276121566,0.8603738641962623,0.8593594402066871,2.1375285721875636,THUMBS_DOWN
9.479533345042755,8.193239035137491,7.400568690711857,11.574400646832036,169.17000864229482,1.0968218175449083,0.9746382263411616,0.8789415359720799,0.857394064561093,2.173911769717129,THUMBS_DOWN
6.2241955130144495,10.347795393049212,7.699863503897553,12.795263895394207,168.31813499782587,1.1379858517485981,1.0065001749245026,0.8991517699859156,0.8728953424622746,2.192703616408902,THUMBS_DOWN
6.893575788319363,10.60296260626612,9.172041874205096,16.20452452556865,168.40047666845095,1.0912663546961943,0.9785352379105869,0.8844867743076497,0.8828854513423383,2.213979079623696,THUMBS_DOWN
5.216585101980942,10.117293543035402,6.53267250695053,15.782868907552716,170.4624269233116,1.1060925273707594,0.9785522958083144,0.8851891756873806,0.8807462270571299,2.1867766376687157,THUMBS_DOWN
7.8576398825220775,8.227005656620946,3.4364809042385245,7.800712518835749,170.87423086110772,1.0948997602308945,0.9888893376183657,0.9133971876257581,0.8948875359092514,2.161308348318505,THUMBS_DOWN
5.971170720522159,10.764749423973038,6.2162506855527795,15.525569175721921,171.52794512999262,1.0995972880002391,0.9771993185695518,0.881338141886673,0.8706809653516233,2.1621467162726637,THUMBS_DOWN
6.748853728199257,8.017141755583637,4.803609802630464,19.38591409985823,173.844773833626,1.0945581768528971,0.9607056599964956,0.8693971489417143,0.8624729797870666,2.1558144965655885,THUMBS_DOWN
6.584913480918712,10.520854416957468,8.749778517851809,14.950143255205527,169.02744223506036,1.1280577115437982,1.0004883864765104,0.8938954451520722,0.8701276399971833,2.1977974063762162,THUMBS_DOWN
5.700031200356564,11.446653287710317,7.149641309232581,15.597214660821672,173.40303599035343,1.1145994648910575,0.9938679259208832,0.8877355310967465,0.8758453342152946,2.1875879016075537,THUMBS_DOWN
4.547328501126821,9.515839737789038,4.078264650538062,17.23198176729892,174.33255986924445,1.090976681700439,0.957679543389549,0.8712291665931233,0.8558038204568917,2.1641003356784574,THUMBS_DOWN
5.936040324169779,10.202708298142502,5.324872276882207,15.759660898665068,171.90401979495704,1.1055901933059522,0.9815470347957348,0.8956780954418,0.884121094504327,2.1826190962882,THUMBS_DOWN
4.842572678276797,13.80820133066269,8.06903475811538,14.511466924493597,171.46380392713888,1.119751558670825,1.0037485515851656,0.9035256895843001,0.8919076915848438,2.2059575407795373,THUMBS_DOWN
5.17176952386289,14.147241022287087,11.924547106091378,15.66238114457227,171.0116664410983,1.1287369996361536,0.9965995741494359,0.8885323080164831,0.8865621225355463,2.209409013151658,THUMBS_DOWN
4.782786122979571,12.502971503327469,9.682641127991166,16.921524739599583,171.97856148755213,1.1195698519063069,0.9863208829438006,0.8858511680801667,0.8842919037502968,2.2043851353017923,THUMBS_DOWN
5.4139379004683725,12.337811133301164,9.077245046903519,19.125732216436568,172.14675810743668,1.1198956341105955,0.9830927115897684,0.8867821813641069,0.8805773857827232,2.1810373668720295,THUMBS_DOWN
3.3675487250348493,15.916731946680732,14.778187447464767,22.247969291028856,169.27204055011137,1.0995025854057032,0.9564070587691029,0.852854948597098,0.8609706027854579,2.1604375914418767,THUMBS_DOWN
1.8417069712688505,14.889650216572214,11.569063577573466,23.274139076873773,170.86004856983797,1.1190137609220117,0.9799299314018154,0.8730014503670577,0.863890591580355,2.172252256370935,THUMBS_DOWN
1.539354441480037,18.32550402379201,15.945063367894898,25.689725174373454,171.41294467465812,1.1211121802055912,0.9865992759818505,0.8908918429495476,0.8770104058854743,2.111132869054465,THUMBS_DOWN
2.024962958555462,14.167452210672726,11.68171281037235,27.09979699256974,170.3398391442767,1.1367191576164484,0.9888853053272197,0.8819333054028176,0.8716990333978353,2.1782572935010234,THUMBS_DOWN
15.667705118359999,1.6911867657523325,5.247061937841153,13.86531597375311,165.70001307081475,1.259564473698614,0.9898276151201925,0.8055198173369075,0.7260835859630049,2.3338712787795046,THUMBS_UP
15.683715755925226,0.8429482768911335,7.514795511823726,16.54102370022542,165.40181103010994,1.2937217617620935,1.012841861282064,0.82314086855642,0.7234984859540343,2.3843223000252842,THUMBS_UP
17.605077360446256,3.3288151515346582,6.615452771443935,17.255106293183115,165.83563523498094,1.305199739656484,1.0308850305319364,0.8662017328125879,0.7648305440849292,2.4510086439123753,THUMBS_UP
19.91185121958299,4.737528650419774,3.1491089126697864,11.647788451211543,166.4518932229465,1.2763237338809965,0.9983033259637754,0.816775697281584,0.7289362047903822,2.372932850440624,THUMBS_UP
18.90054167974525,3.289845502853221,4.962495128969232,13.718218181961,166.13900012249647,1.3046619860611393,1.0285253735843378,0.8461757185688201,0.7565360937906472,2.399765349230475,THUMBS_UP
18.34687155938812,3.2541979886647026,5.4458035913428695,13.97490622729973,165.882421722058,1.306469214559807,1.0389324593996603,0.8529731335804142,0.7671927612160471,2.43223625318485,THUMBS_UP
18.60714705845168,4.074505304661988,4.20547556739908,12.536524648053655,165.1693240290946,1.2936011806483532,1.0225064266673793,0.8351005255782877,0.7573654882808339,2.411234085259089,THUMBS_UP
17.870446918147678,0.6327508833617259,6.490229556323169,12.656022839519258,165.43449728883542,1.2981855560410462,1.096634545641474,0.9267413373285922,0.8398425707367158,2.320786433746869,THUMBS_UP
17.224322821770286,6.774980103226534,2.4451023546884976,12.740006311652873,168.92844887281856,1.3938480811415026,1.1741207619066092,1.0111652540699962,0.9102976203931961,2.409439257112001,THUMBS_UP
21.792488645389664,5.788858822305807,6.55846693184665,21.003845914289364,171.94896237243867,1.524985150286111,1.3108161654884556,1.1448185642468376,1.0439244279649331,2.5422561764996696,THUMBS_UP
40.73952488205182,26.733007150715824,5.885325897656374,16.234743631183747,174.50038260732703,1.4053171387299803,1.1957979860950998,1.0729713874494715,1.005279552182391,2.4165123276530385,THUMBS_UP
21.104115281550147,3.2325963830808826,9.398308685159902,21.740637064135534,172.55549839184908,1.4624129000674277,1.242838891982742,1.0844994665439418,1.0036544271494394,2.417998466265847,THUMBS_UP
32.006061168830435,13.569773857270018,1.6277304087615723,17.11011658606555,173.27490259379914,1.4794774409496891,1.2702975872864308,1.1192371518308433,1.0428481117608353,2.491532839673888,THUMBS_UP
20.874108259917715,8.145014168512803,1.572194964263835,9.823164705635097,166.67045820631017,1.3553724975475752,1.1307621422398524,0.9285380149831975,0.8483019371104281,2.313179431390327,THUMBS_UP
13.32340312091689,0.9209550615300597,7.733517275933788,15.41189889327085,163.53362852339234,1.3035683825883213,1.013299516953334,0.810262431544621,0.7437790921357449,2.295102521932131,THUMBS_UP
29.185329716724635,12.711533364857715,0.7663812029531835,14.932595133456113,165.56134010132985,1.191708367513788,0.8592569706923694,0.6270222313192735,0.5200521322579578,2.3990471339436077,THUMBS_UP
23.150372721271957,13.147862461693588,8.638843677337388,7.1797635738329735,172.66973753344348,0.9403329097902534,0.5816275051173201,0.2675378385935941,0.17641690236668597,2.1181348359717855,THUMBS_UP
30.108651387280293,8.138140925019824,2.2080287539846175,16.02867513747408,176.94131580369827,1.0532790223452895,0.7163139699669004,0.34823589274813727,0.053738632119940816,2.4235948878587634,THUMBS_UP
147.1901369230893,124.99510586646845,67.05307931928294,55.107085063031896,176.9848641921994,0.8707731484329677,0.5625403525071123,0.2576237859542504,0.20236152187679554,2.4097736203100544,THUMBS_UP
176.7127212576581,140.94666054503858,125.54096261953481,127.96402798793125,176.69012375721965,0.8098539800384232,0.49967875059729305,0.25091949574499034,0.3126783506761217,2.3671903624903674,THUMBS_UP
177.1281011331926,138.07170799689158,120.28264733871188,120.95058068368404,177.0723901946136,0.8109988114921682,0.5034329201001065,0.2912437162109891,0.3942392257386047,2.391501548048674,THUMBS_UP
163.3056757449607,149.1140764858956,126.23025693309236,125.17127041750079,177.75557780083673,0.7733195163207714,0.5048523119391408,0.25532252549357887,0.3714788208026707,2.426032492348704,THUMBS_UP
16.60536225528378,14.310773267203196,12.595509920691107,25.276996935170224,179.90632088856972,0.6392530209839515,0.3364413498105131,0.08805847732382394,0.3678795203346461,1.6702944151384373,THUMBS_UP
24.476122274742174,3.649826866598512,3.4797899885960506,1.3128658755258835,175.86108409583812,0.6255356240877741,0.3426200079825041,0.09536288742503712,0.38720634702525775,1.6376640201751114,THUMBS_UP
23.861496175897926,2.9254857355585693,3.7568238509360823,2.6445885723777653,174.7512949530866,0.671868668528907,0.35376010647145806,0.02235040297051705,0.3283345735582327,1.7567716505837405,THUMBS_UP
50.48586903685757,22.389629482205955,3.6741309949858842,23.037210243829385,173.55595431938514,1.0031477490220069,0.6544762706246507,0.3586674095398775,0.2510305683976061,2.489094164433359,THUMBS_UP
36.63176186423786,18.117729185167512,6.526168654747783,20.39405288853983,175.7420852033726,1.1433075781661037,0.8132043917420029,0.5127149151933793,0.3435053744386507,2.6236150278791848,THUMBS_UP
27.486407224177917,10.99927058575589,3.044465976160058,13.35770092724325,172.26510593023127,0.9855701566464103,0.694190357340654,0.45868389267681886,0.36334257952366666,2.2807340533889184,THUMBS_UP
25.07626928195002,10.98243626215907,1.333208232551152,12.10840615052143,162.8594923000243,1.205572692573141,0.927998220287342,0.7118614648928236,0.5833267825134821,2.3351613132662883,THUMBS_UP
21.46311621644937,4.3346932092573995,6.193177778075009,21.753499463477848,163.55446358201888,1.3815319487454605,1.111704616746969,0.9103263678805633,0.8146276664134189,2.5564228478142748,THUMBS_UP
18.511880462503974,1.4178384187788955,8.860821276826094,15.849976711303922,162.5923500138131,1.3395427972787528,1.0698831910673068,0.8897161402915394,0.7792269633390659,2.3954328137991374,THUMBS_UP
20.94290468278999,1.5345267856643803,6.989555793676413,13.590890159389527,164.89562198059537,1.3162339661055977,1.0783619881768354,0.9177571431955435,0.8189518701747518,2.3460699921362456,THUMBS_UP
17.58438272211379,3.4284981642771926,5.986270609098545,15.387798304572584,168.15049615960854,1.3629951042719186,1.1208966822495217,0.9381728672256757,0.8466472733919475,2.3606589490290775,THUMBS_UP
8.581154252374255,8.4791616906931,19.068934383842844,29.624605506568063,171.14517448329755,1.492486094100368,1.2890848979435376,1.138176429938458,1.0439801638112496,2.445340489939331,THUMBS_UP
6.9454566356218175,9.094182798847331,16.389394940942978,29.128982668591515,170.63191870343192,1.533118714622113,1.3308602725750673,1.1580666518614258,1.0700997182567078,2.4983802435094944,THUMBS_UP
6.183966121845917,1.768399546759352,12.218349862143286,23.038797213696675,164.52679596699585,1.2698939801780362,0.9655940990519051,0.7812887234324768,0.6826237636991167,2.2719720738520293,THUMBS_UP
36.4842576913585,19.617465406079305,7.042670149513792,8.784875619738383,166.05474108899617,1.1080829229216453,0.7574166801536529,0.48373164379519784,0.3864338458957702,2.299946772397567,THUMBS_UP
24.766382929535595,10.14192480573572,3.7411647600000704,4.318716501967163,172.5823617121454,0.878605162067959,0.5424336878998931,0.20029649237712224,0.13686104437690894,2.074839469395293,THUMBS_UP
41.846585863227965,19.626086914738007,6.873521615577888,2.46708869381738,176.96481149275107,0.9564407158136558,0.6507309916607139,0.3048405116698479,0.06083038275000358,2.5007897901352427,THUMBS_UP
49.32022206910689,25.451825639678173,10.666316387496941,2.276331761976373,177.69790277928925,1.0379499512350399,0.7150193734833193,0.3799492827871773,0.04365917137324864,2.574694777297659,THUMBS_UP
119.88370039376083,105.93749837272753,97.62054128984599,58.224254841220166,179.64611831393847,1.0361024633441531,0.7171957767122255,0.3809487197292611,0.1685261544933348,2.716525681492269,THUMBS_UP
157.42640877081053,179.71524283476728,152.2126195577472,134.09048122256308,174.16040801772465,0.9863066371017347,0.6863059565003674,0.3841642833973835,0.24318940197280994,2.5498824129972673,THUMBS_UP
142.9025346495879,171.73288907111487,140.7506695918684,133.7175872853456,176.58908347442815,0.8955019264147431,0.6525568300985256,0.34836682706616534,0.24754783170578104,2.522477731716249,THUMBS_UP
137.221241335208,175.93122232983254,140.25363868755318,127.64007616860003,179.1272555437816,0.9257197606437652,0.6742568119046021,0.3409746700146393,0.1920158311752408,2.7147570343690877,THUMBS_UP
148.47549191309398,178.12509967533097,160.03566757887685,143.9279937212176,178.66261675835537,0.8601236260638818,0.576586380783422,0.2639132711588566,0.2338780827657257,2.3952181567597934,THUMBS_UP
148.52458475959693,171.06442060903134,130.86701648269258,124.26801328780388,175.82129966618243,1.0221161363727778,0.743317637571263,0.4603949608586077,0.2343570080550503,2.714813270546992,THUMBS_UP
126.45890778458327,119.12175407665364,111.55960516751917,97.83138892140072,177.49061441407292,0.8749153820415323,0.5664628856401459,0.2281960819655825,0.17866351634725772,2.4184525867284603,THUMBS_UP
51.80332042702577,5.335869135999647,2.469049143475367,10.703919743869147,175.33916863196683,0.7571425375779144,0.45798446421138667,0.11060634642407045,0.24521350022124802,2.0173627996059493,THUMBS_UP
32.476222959962655,7.521757577902252,4.840998140913534,15.04981587616412,173.86779159506557,0.8534881889200718,0.5279252635840952,0.2020454181919584,0.17266560290814204,2.1158506203442844,THUMBS_UP
48.07039043446481,26.013111307238393,9.395772691093278,8.34234946949326,175.84550731517362,1.1492807766898534,0.8152962731057894,0.4888790356323049,0.21737992322834535,2.6941818528530144,THUMBS_UP
42.87508952456191,24.035828010429636,9.038160348298174,23.574395478931386,174.82582043060648,1.4251954516205985,1.0828945464685047,0.7740847052266122,0.5512417578985852,3.0277540198642616,THUMBS_UP
39.67332546449654,23.218889792821642,12.793859005128619,13.594179583518402,173.66035999157026,1.4018968854778497,1.0909726592156164,0.78920146477396,0.5738126627776164,2.740671192270736,THUMBS_UP
33.19352154258805,17.47744288837592,5.153161783967574,6.904057836933455,166.52649058246496,1.3872740572562967,1.126373404380315,0.8608287179382151,0.6712036336414677,2.653020381398517,THUMBS_UP
35.47619751803752,19.13871052842494,6.028301814062672,7.7090835412539995,164.05998012546206,1.428290469291787,1.1556248355859422,0.9402039909430864,0.7569126049178017,2.6655698271893846,THUMBS_UP
28.482715517497972,14.497961061055593,3.4818949689034806,10.143949777300547,165.26630599848565,1.4381465644026599,1.1628668460196356,0.958180465501853,0.8081557686619742,2.6416466520374366,THUMBS_UP
23.611693591908384,9.493306576748054,0.04865466709570494,9.677467919421996,164.04138753106693,1.396786870305476,1.103064695630234,0.9120483039079338,0.7686010916762295,2.474746837851884,THUMBS_UP
27.811680971995262,12.086881588745547,5.1220940865898115,4.373363890564146,167.76300926648372,1.369350369780312,1.118257989983113,0.9340014500336544,0.817760228472167,2.424388110095684,THUMBS_UP
24.656541678482878,9.337357506191,2.109542487198793,7.176727085549011,166.2421877784247,1.358020037785579,1.087510571357691,0.8975909798248263,0.7996088387075024,2.418853247496348,THUMBS_UP
27.154878490927263,10.413674576828218,1.4650664327921363,7.370755697773127,165.93756109355917,1.376103140694696,1.1097823108854317,0.9316582175608735,0.8171265618636315,2.4366277125476072,THUMBS_UP
25.280392456981172,8.14407437500737,0.5861416511836121,9.66488435005513,167.17924394771362,1.3782941098535664,1.1119713081304783,0.9218691819502529,0.8203597221276715,2.4353601241132,THUMBS_UP
25.202132416020298,9.33932645574427,2.4278689179921664,9.341669331239917,168.939276667217,1.3985164022551728,1.1381381857041213,0.9423183446733956,0.8547383743226823,2.4739482821422936,THUMBS_UP
23.775621108103454,10.113394180050282,2.701445962220171,6.773537414511559,165.30899133725498,1.3576312559802945,1.0866757489655705,0.8924958673655329,0.7930619947205345,2.4314821317446107,THUMBS_UP
25.590571218717592,13.515076942409298,5.447039867460539,6.787688950300591,165.00369238319095,1.2835178811867707,0.9491224551063534,0.7581418447809929,0.6504277978678775,2.3824107783749917,THUMBS_UP
24.637677717513395,9.862360101397718,1.5793443960409077,10.036424302224326,169.7435100704748,0.9526803498862673,0.6017831314012364,0.3017829183814481,0.21588616512284764,2.045929290657507,THUMBS_UP
26.90223896866657,1.3134820571339885,22.712159580646343,33.299355593440154,174.33585810551256,0.8511716908576072,0.5277764329265251,0.22037352657657386,0.20443288491849057,2.3211541523621295,THUMBS_UP
121.81749382271799,114.0262610806933,168.0173381119199,109.56374186659198,179.62459127688334,0.9590091572801874,0.6553880410875492,0.33681177142021923,0.2517982755026171,2.5839019542872634,THUMBS_UP
131.50126781910873,132.82255725755485,100.16449535112685,87.51408753097606,176.73030455088056,0.8011848879190169,0.5149660904726647,0.20492553342759953,0.25674174975843367,2.190238150915105,THUMBS_UP
48.53411345856742,4.727222321901149,0.3941085808749054,6.6303043118791685,179.24288297637207,0.6345045145632837,0.3817373525347367,0.07993104284363471,0.3737435008460274,1.7470711578704174,THUMBS_UP
37.09472555619732,4.884243861915457,2.9993191997888395,9.556896304862649,175.83259004958646,0.7513983392699319,0.4358374929199366,0.07810817987216377,0.25805104715368216,2.0121497714096552,THUMBS_UP
44.80638082253691,20.455791875923047,4.505300227236095,13.523974692250361,174.96655890634977,1.078942968009899,0.7697929886250263,0.457938539441313,0.2484042296889453,2.6971668352184683,THUMBS_UP
33.27365024934592,16.322563294959355,6.146903348373488,26.015865650645097,174.43452945051274,1.5016310948408025,1.1843629107342122,0.8827731097575585,0.6966837209202461,2.914456146096449,THUMBS_UP
31.203383602514023,14.74414877668448,1.3992457709902508,13.571603728933278,164.40697265296336,1.5153417258800566,1.2689569846024682,1.0062018271185766,0.8100684083187042,2.864979287505201,THUMBS_UP
30.049294414624413,14.289289295609406,2.0153999638600357,20.67579160337834,164.4957389093132,1.5155125703979313,1.2426469112761442,1.0284942242128903,0.8969696810909588,2.8272743548873525,THUMBS_UP
25.804141168119525,9.72622019827976,0.6670450118798449,13.39240707578824,166.5026839348728,1.4421295337956426,1.1812269428923996,0.9795797260003235,0.8392257430951644,2.609218621385923,THUMBS_UP
21.7600170365222,6.341694063584984,1.1178758118085907,9.760714465455608,167.0638984054031,1.309431119796264,1.0495998356124625,0.8648202955451151,0.7596043224145861,2.354246873257678,THUMBS_UP
16.4666534424957,2.8612988568255866,5.26998303989212,17.639309163575955,165.4857981293658,1.3185762625348314,1.0471912079160606,0.8735000945807035,0.7747158459734029,2.3539222031332856,THUMBS_UP
19.663141284679163,4.944078331072736,1.642771553913012,9.841259081841189,164.28825982805105,1.2470893700720835,0.9881055233243652,0.8164068000667227,0.7498335174537235,2.287857769603272,THUMBS_UP
24.554903988608693,8.668794302320906,0.4224123458003569,14.060001084558444,166.48912370284467,1.309782189087561,1.0202776886567226,0.8145589534797887,0.7107460291662938,2.4596277799822164,THUMBS_UP
23.495576284765995,8.965047211863817,0.5297052426916681,13.094408508896842,163.9549331774052,1.3274609300698306,1.0271301917842695,0.8069247479523378,0.6741287345402087,2.446595700870683,THUMBS_UP
25.88439619703116,8.706580899614899,0.14145661630245882,22.397164797811552,165.1793795792036,1.4274884977725377,1.125564914176772,0.9102661156841965,0.8011749057654208,2.6407695233618296,THUMBS_UP
24.125838004366756,6.14842924603019,4.689805962760975,17.506290276119937,166.24693183972758,1.3881752315424851,1.1012029368520422,0.9070120603360209,0.7843804568066969,2.550741313812616,THUMBS_UP
24.032455836303125,6.793803916038623,3.001681831216,15.028750213367168,165.89388599461046,1.3711765552974617,1.0974474552739422,0.8945117223500778,0.7718431082545123,2.507947974036499,THUMBS_UP
24.25526332221113,7.621019344070554,1.576799681658852,13.681471657546492,165.94227665812846,1.3421073326234854,1.0634632827685275,0.8668933894645076,0.7515344195114425,2.4765008806626736,THUMBS_UP
25.414199404987343,5.476239666611236,5.8365439256458735,18.51459088560389,166.93181449542925,1.403898646665478,1.1352483392367076,0.9422383272782954,0.813647178142445,2.562322514955849,THUMBS_UP
24.70992399417901,6.518570022693458,6.149916417737274,19.392091759487055,165.61868064233153,1.400396013337104,1.11522136405427,0.947367358386575,0.8674095618477683,2.4959441023127606,THUMBS_UP
38.43338507083982,10.118299631723588,4.799772869089413,15.322386867770748,166.97510972617323,1.4383866744066511,1.1422508629877046,0.9672664453792931,0.8806365540664017,2.6343155831051877,THUMBS_UP
35.527846043561,13.834216395073204,2.417220288510182,10.378378052777874,164.60404563344986,1.3730802517651826,1.0562419612059843,0.8677773638676121,0.733738488825584,2.5800582989519802,THUMBS_UP
30.224134811364017,11.06763054155148,0.8495110673743561,11.920016214848998,166.83440034264643,1.382197269109341,1.1027825521577006,0.9099774668310526,0.789461846559312,2.572646607367083,THUMBS_UP
31.148585827995277,10.644232007558491,2.5687887518072428,12.661203730397505,164.85737951559327,1.3852709051685794,1.0950588505168808,0.9006776969797288,0.7632104624784164,2.550497469953453,THUMBS_UP
43.588740503341015,22.019869886880855,7.883737632567244,9.171598210279814,168.09391089058695,1.273747525863194,0.9279953343117384,0.6472517916755385,0.4660571270054048,2.620811175847309,THUMBS_UP
36.79348311403368,19.030098503404414,18.218035957799007,4.714889141855448,176.32983137264708,1.2131676675243286,0.8842953487489973,0.5133856906877077,0.22744156716593283,2.369288996051461,THUMBS_UP
44.991372830302126,23.788061741369766,12.515005603365779,19.606677767021036,176.11984247825328,1.0913118914963316,0.7498516838228994,0.37174078232719177,0.09865098046190955,2.623421840386282,THUMBS_UP
45.501676462212494,22.771972231942037,8.425799842298478,11.93850974092795,176.31157411515633,1.0489639746082438,0.6944602270874504,0.34243301078817673,0.050110914189553116,2.5218782080557145,THUMBS_UP
43.73499205840973,23.952494307370557,9.379393934981477,8.114431262412847,175.62845953018117,1.1725216372835692,0.8191901695548442,0.474608231103624,0.17901043143073417,2.6683002319060547,THUMBS_UP
37.596382011339664,18.911410909299683,2.8966854054246896,18.06948235768484,174.63785746272683,1.2695069336879305,0.9414336665237136,0.6158656955294316,0.3593136169763747,2.8011449660766035,THUMBS_UP
34.90584661359539,27.089213335769596,18.406816584994573,6.330320476687611,166.57981792338109,1.1909600356032652,0.9172034070800344,0.7280371917426188,0.6085592081638164,2.2945453345954716,THUMBS_UP
44.40176695273792,31.54206523999088,16.484064661727817,1.0704879247636847,168.9483966359504,1.5387690641016887,1.2828675959609963,1.1427832872083874,1.0260573741051358,2.6985818650285447,THUMBS_UP
32.02781378612832,22.16461990410698,9.433353980263853,5.335399826659799,171.97943946081597,1.3225033191533417,1.0664415642077045,0.9515317849982572,0.900481877644488,2.3365350840322985,THUMBS_UP
49.83489941469257,32.64506743784968,17.477280140910278,4.025798791352934,167.31522096996184,1.6620230379432925,1.3903962636488385,1.1826812450846484,1.0923134881072707,2.906929128053023,THUMBS_UP
31.81100844376892,16.67505070497734,4.925005733697082,12.779743759490115,164.06590955611503,1.3981412588031679,1.0827161105350922,0.8417254239264504,0.7046065859205506,2.649508090461722,THUMBS_UP
34.23501037547451,17.30864154978906,7.6830904920322505,10.682010148316646,166.4965128842519,1.417657243170733,1.1007180695172134,0.7963403689320724,0.6002504906866029,2.798776535113509,THUMBS_UP
29.386274476991744,15.843477710343176,6.861045428392916,24.528480433168376,171.8747724421937,1.1873813274797838,0.823270983193864,0.48990061432650667,0.2838774104132197,2.484670200620678,THUMBS_UP
172.16170770656802,54.057993216210214,50.568587423579444,62.05014066067094,178.12021298739933,0.9965836745232747,0.6514481959243159,0.3526613388355859,0.15043177296969543,2.5221673814854566,THUMBS_UP
179.63054498725543,118.5651015593001,112.45388107508222,126.9255258494663,173.15520805595574,0.8587359060261445,0.6101939021550848,0.3237121771241816,0.3117510095998904,2.412086502481337,THUMBS_UP
167.25936262369123,122.03846028561196,114.7642291304494,124.71593617186991,174.73979852697113,0.8496227306039664,0.5815604754508623,0.3361753382839411,0.35933785716441197,2.3053897855631313,THUMBS_UP
177.30025978830236,46.17256264688315,66.1274913858019,83.08159674902329,176.62953997379995,0.7572155162687323,0.495346138444523,0.20969044993283092,0.32218685879281633,1.9987506154438568,THUMBS_UP
25.03543846730515,8.352959449782748,6.685546622014653,1.3361176337642124,177.98231115957395,0.6435923963144943,0.3980941617805592,0.09267235798116602,0.37151058038440116,1.7449298220215206,THUMBS_UP
10.726216192065303,11.261301636790167,12.02400287141728,4.350117441612621,175.8608690076874,0.6550979072035455,0.3848263963444671,0.09703478585432339,0.36051751690003625,1.7445185869122486,THUMBS_UP
14.345359141588727,5.901713064741779,7.860962837411182,6.176261892734587,178.3393982622283,0.6380338105586031,0.341812062489632,0.05987816416038545,0.3671886032241022,1.7072006990482034,THUMBS_UP
15.873014784312211,4.836112074629858,6.085586392630356,8.820048198839613,178.14586900579758,0.7072457876312797,0.3976268952583021,0.038926880911354766,0.29290025242531653,1.8143107479941096,THUMBS_UP
31.712257475981342,5.814621439960268,1.2349507206367931,13.527041772939844,175.64786942285966,0.8946403815427887,0.5461663314586174,0.18698969182706246,0.12852084856742066,2.2303165086456995,THUMBS_UP
36.35958609755189,14.678896195504642,1.9677136834949034,14.484920506818247,176.561585180377,1.0244481589812773,0.663062563782038,0.34368473348285505,0.0527339220266547,2.5057549180985697,THUMBS_UP
27.887193744848698,10.683803063338546,5.1659502461395865,17.341487306433294,176.36076206505996,1.1436227042108273,0.7888795307274526,0.4711980623982187,0.18833386363372723,2.5995527432798973,THUMBS_UP
34.00819986352512,15.083190542282098,0.8438162869886124,33.00672723300468,178.619432372369,1.2542989341509412,0.9043912236972491,0.5669437664447542,0.3329706863158376,2.7732073223027855,THUMBS_UP
33.31071995357665,14.205710653826241,4.051187708982747,21.796849196126907,178.4569390115879,1.2508723710093907,0.9038661507920724,0.597483484818252,0.3511825790227665,2.7707891228425434,THUMBS_UP
35.514286064483265,18.00315284515668,4.336997936333706,21.32466436270946,175.30624885117615,1.3622543307037138,1.0398385624732518,0.739534620033478,0.4952439928772478,2.801412640999856,THUMBS_UP
36.77462368307097,18.11718752615895,5.746447501652999,15.22587574713654,170.98698371411083,1.4013122776932931,1.158871284285921,0.8933817470132526,0.7008234602188891,2.7313173061494336,THUMBS_UP
31.43767343015397,11.593443945720713,1.646611857546588,10.420121964256973,170.30602790725146,1.392224430679103,1.1360001023304915,0.9353065377639388,0.7851523029401448,2.6135652038712696,THUMBS_UP
94.60854922094023,10.82712241034567,1.9521538292886682,14.153742232898372,170.96357773138016,1.5105527042143778,1.0305629696362164,0.9060534025245373,0.8342582065024975,2.316435954500292,THUMBS_UP
29.736790959926164,9.59777385781089,0.23341262334093568,11.965854470326653,172.909896076178,1.3351871431939735,1.0642047005040318,0.9231142257105948,0.8896662037749926,2.3214865122952375,THUMBS_UP
0.5272850534312412,12.565708149709463,16.37720035887794,16.69459604966803,159.2438747934472,1.6335682216524134,1.4770055768929113,1.4290477946424496,1.3839971575704209,2.3917655589581717,THUMBS_NEUTRAL
2.2194997518416724,15.76716620706539,18.43303514233139,18.826473157394144,157.93566107613776,1.6641976540577748,1.4995494168386094,1.4295460689368717,1.3898552802141988,2.4075649794947176,THUMBS_NEUTRAL
0.1464965392209434,12.294607462798888,16.049619227591432,15.663244424872099,156.61593066527078,1.6441422561212595,1.4873620831161494,1.4303333974065917,1.3786832409477001,2.3653537406724197,THUMBS_NEUTRAL
2.26484567916834,11.869035646425917,15.18217810254016,15.929124338770308,158.78681388288894,1.6262826341919945,1.514748583222422,1.5054056236990059,1.4883373761820933,2.563951623674586,THUMBS_NEUTRAL
3.2985338795433075,11.130435411995292,15.205058545723157,14.664834522797053,163.93267655162265,1.6325784240500363,1.5300122934160427,1.4724316214825828,1.4456403220312881,2.4689751682828467,THUMBS_NEUTRAL
1.5089713673829102,11.950059735448036,16.01702978706969,18.29574889266135,163.1943897863639,1.6642576772886242,1.5277949012131453,1.4794143381860803,1.4774957123230408,2.5073447083868925,THUMBS_NEUTRAL
4.284666936029022,12.725911457505958,18.687396096306816,18.981495443858954,165.4638827805069,1.6684462002609364,1.5612761378132571,1.497880980190108,1.459069708273706,2.433021371802121,THUMBS_NEUTRAL
2.8233083867014104,8.746643354724116,15.241741506346253,18.80143151690178,162.2754655956915,1.7052960037362024,1.592897745764168,1.5360183419462232,1.4801637151909046,2.558353653324346,THUMBS_NEUTRAL
3.1948216537212395,8.202243375389878,15.819278276996123,13.116801131539992,164.38849604923809,1.6930310174744414,1.5448238281925974,1.4858710821919843,1.3746523822053298,2.416063635349889,THUMBS_NEUTRAL
7.503589506241007,8.267028842004288,15.42157388625739,10.55045187807668,166.65281461642022,1.6740913111991467,1.477769756714152,1.4080044459672998,1.2928696178008028,2.343210275886512,THUMBS_NEUTRAL
8.013720606534356,6.8252858979188185,11.774437273004404,8.11649499626278,159.48975982289636,1.549268604856988,1.3721244157077424,1.3264231236563522,1.2819675596075042,2.3388973972888243,THUMBS_NEUTRAL
23.324187046054487,34.28873468981825,35.55635334496831,30.010444271942198,169.4113315238896,1.6813110601971828,1.51305216619121,1.4629013710810417,1.4384628507329118,2.373794878304478,THUMBS_NEUTRAL
12.48502931129811,28.643903213106693,36.55316725543445,26.199996102052047,164.80317241828226,1.6353686471235,1.4834130362838147,1.4154513950664964,1.3623642921132189,2.355921633774472,THUMBS_NEUTRAL
0.1833663116611141,15.110335387807163,19.372339708070253,17.023321863655212,157.9077480190071,1.5959822779024961,1.4255573418340826,1.384131366046329,1.324560107638403,2.3559698030031466,THUMBS_NEUTRAL
1.0266474386873368,17.475487576279313,22.641876734920583,19.15040413525327,160.51613225609847,1.688390443407924,1.5291957859888736,1.4789048535970566,1.4108053325048089,2.4738397931202734,THUMBS_NEUTRAL
9.34721876127834,10.491101631360623,13.544402018073976,7.961435370049299,170.47788950667237,1.6327430718365001,1.4548986869123366,1.4080960163942133,1.3526098170635357,2.4825009604218917,THUMBS_NEUTRAL
9.062009034825653,7.409094301552377,12.230738846231592,10.95793824962018,167.63971138764583,1.5609064731650928,1.4040700480664527,1.3605451680533094,1.3129307303018218,2.490451338865858,THUMBS_NEUTRAL
1.567460219574021,16.679752939641087,21.312520181642782,16.620279070856853,166.83612076731936,1.6612522978425708,1.5040166916492304,1.4428884628013134,1.35161437290442,2.5391775842470783,THUMBS_NEUTRAL
9.052951859229333,22.175727684878467,22.214941848559207,21.00781148121865,161.960824518885,1.6303304354559027,1.4754608065536536,1.4651542884948987,1.396010635678029,2.5523063341871692,THUMBS_NEUTRAL
13.539951402047858,28.167903781696292,29.826356054353493,35.791445582838904,162.8869713664884,1.8305136729684865,1.6949389025042811,1.642624031236666,1.5796596497238753,2.860827967763418,THUMBS_NEUTRAL
36.682426404133025,60.12715725495169,57.78388915245954,65.4171619092995,169.67784220591156,1.7722809118789566,1.6551882854222915,1.58716721263549,1.4942657529445342,2.8438761458855346,THUMBS_NEUTRAL
60.43926179872584,69.61324525093971,75.45816548587538,81.73340995087004,175.58261835342856,2.3092918830883886,2.1537445916664253,2.0532486597415023,1.9772525309340099,3.3987849247196213,THUMBS_NEUTRAL
65.12901688824009,80.61671144829023,82.36240290966586,83.18834319069393,170.30892030699798,2.275512700850112,2.178820472450925,2.0703070369328587,1.9962479507652577,3.6749545689609087,THUMBS_NEUTRAL
56.106881216460415,69.54423107691268,72.19461037881136,71.61257400780502,171.24814992356022,2.2672929617005813,2.15142532709282,2.052716765824263,1.9559079854928412,3.4671313511774517,THUMBS_NEUTRAL
57.68323434439896,75.07397902116621,78.45155590957455,86.22126023813888,168.47141059252337,2.252815216255617,2.1593181655598825,2.100561905645685,2.028919567052745,3.604503723137258,THUMBS_NEUTRAL
56.4044076393442,71.26415274837214,73.23579943844545,77.31051524387114,169.0511154129863,2.242472438902044,2.1390078261087484,2.077956812514623,2.031736812722351,3.5759610053279474,THUMBS_NEUTRAL
50.596999180637205,66.20987486434191,75.18836655952117,71.27274192269417,170.4138021336417,2.0323233602988924,1.9362917529524946,1.8460999628580073,1.8700250577800366,3.0699978003087356,THUMBS_NEUTRAL
0.38462654177375893,9.618962211795328,11.32120718719334,9.39273314720054,162.90769366980572,2.0160894980283044,1.9120439616929406,1.861629023776009,1.8239257762513141,3.1169522749750707,THUMBS_NEUTRAL
8.159184658660227,4.389379203611681,15.809568983114817,73.74325397294214,162.45613270615158,4.399481091730733,3.8498260796826806,3.2422275026887415,3.4081101708032375,6.954323589866345,THUMBS_NEUTRAL
0.1590667061620999,8.571847915347346,14.271730352540256,14.065963001635701,167.82315291045398,1.864432461510423,1.710908572426153,1.585958875900123,1.5609272303822128,3.0029365369949343,THUMBS_NEUTRAL
2.011914086152161,15.984764524462955,21.521987188854535,27.620814802303357,170.70875161674695,1.663385311882698,1.5298798078541238,1.4856658464379067,1.4633927035310237,2.6879968029802983,THUMBS_NEUTRAL
2.2099079011924383,10.374938058733157,15.53422196411134,13.611495130653195,175.54733946853185,1.7390927176659854,1.5811511449876514,1.50918241811039,1.4332634538918092,2.7548243691245275,THUMBS_NEUTRAL
1.213765889407729,12.240110902530612,17.004802739726856,16.680934095265584,168.53383892831613,1.632065952701592,1.4669931591011947,1.4019790835036725,1.3375866855713017,2.4655195556934273,THUMBS_NEUTRAL
6.454322094475679,16.644786924609928,22.06135781771673,22.665686982318427,162.34893339563442,1.651332602946166,1.544139631654945,1.49442118851652,1.411094902024618,2.440216439849217,THUMBS_NEUTRAL
2.260005640856552,14.792504986309782,21.20070537702571,14.099738065754847,178.1175791770286,1.7980993244070271,1.638792702031992,1.5445769053840819,1.4968803476640107,2.610155439949515,THUMBS_NEUTRAL
7.940637448031746,5.758111564894377,10.780490500679065,5.858051523933241,171.2995406527237,1.6812210392693685,1.5007514418430012,1.4391992850507491,1.3593221703649525,2.502357431545073,THUMBS_NEUTRAL
3.657926494034821,9.334515456255719,14.963148410547742,14.860899136075112,173.9875046570535,1.6230877978902958,1.4803502599922793,1.4339644430164602,1.3666614468469385,2.6090131831959917,THUMBS_NEUTRAL
8.125281438396888,20.615027112995243,22.2891045387341,26.871962340513946,165.8270572989728,1.6397817579290026,1.5025029386439417,1.4592295912039035,1.4311780204512279,2.4286906751391397,THUMBS_NEUTRAL
11.176710774366015,29.288705841130582,31.762296893625198,36.84972686293059,177.4367993053157,1.7968320237935693,1.6643697296933953,1.5947043946739683,1.5544455324219426,2.748756209166103,THUMBS_NEUTRAL
10.136971628432761,23.801608917941504,26.97778760991914,31.798284658240952,174.62143764606023,1.7932826901092762,1.6690769745867922,1.6105159064233736,1.5320569036915204,2.7976988484076046,THUMBS_NEUTRAL
16.65437123795692,27.288182344900882,32.43766859313123,36.92927561503684,172.46995071777854,1.8138129991830128,1.6982476363233168,1.6331294815728066,1.5477419140347537,2.8657987062854526,THUMBS_NEUTRAL
2.1457118827611636,13.077052487544599,14.958243187863197,20.563223567753855,170.19888975385433,1.673266818506036,1.5504641057192188,1.5184191876119668,1.4955935438106556,2.712879406160593,THUMBS_NEUTRAL
4.929097893058924,21.043036724811977,26.592336228604577,29.885043758288404,174.61546989045902,1.7203861547657375,1.5883734173372785,1.5393385595837135,1.5213628655912397,2.804310619558989,THUMBS_NEUTRAL
11.062199336665653,31.485063526344607,36.16381768118756,38.809333520391064,174.763062417466,1.7974938675174872,1.6686108719515504,1.600119849611575,1.5434469128704498,2.7661787401576734,THUMBS_NEUTRAL
7.573238748210856,24.234504357176043,29.557451019230083,35.78614170620854,174.0599897805599,1.7829965073716505,1.6407480478308578,1.5583141278609216,1.517295465259223,2.856185072506414,THUMBS_NEUTRAL
7.625349349157616,28.432849887104933,33.42190097640562,36.10327243573215,176.3720540722217,1.8020583760293443,1.6686432410548433,1.579075546809826,1.5231222070293964,2.849541358200528,THUMBS_NEUTRAL
9.889767489101537,30.342928417071384,34.80614746551621,38.198837729269506,174.17985070890475,1.829594021585669,1.6913340558144594,1.6114332441493708,1.540142443239011,2.863111956559241,THUMBS_NEUTRAL
14.34337773777447,31.78404125149966,36.61901836676994,44.25643161734059,172.54271661481147,1.8046141197860694,1.6629480024586056,1.5615022813431116,1.508986823391255,2.8512920921671014,THUMBS_NEUTRAL
18.84996188337487,40.06958167844202,47.73316583767941,52.126415626368214,172.39472045173244,1.9075624072554243,1.8125226669139618,1.6978500002905124,1.6115602739410675,2.993588385361973,THUMBS_NEUTRAL
19.986706216014717,38.06289981788055,40.40649758370215,46.75800871164453,172.62136277446174,1.8478396995205641,1.7422661528168704,1.6666306499410644,1.596497422883681,2.9101767017548283,THUMBS_NEUTRAL
36.02179558372786,57.766048651126354,65.557577406522,69.53035188170479,176.343329303825,1.943764191284521,1.8362104033243585,1.7309346099529466,1.6389804208870018,3.034403604699305,THUMBS_NEUTRAL
18.739931706720977,39.40984790252406,41.57164243930916,44.256914180289954,174.7793620902208,1.7196531839482838,1.574955394018777,1.506587464248995,1.4701907236812939,2.7672830465229277,THUMBS_NEUTRAL
20.727628485192945,41.39588073632907,42.89395138623961,47.34672064276426,175.41514093032416,1.830454232387258,1.7084874795497786,1.6208447281324967,1.5608674407487042,2.9115937513427537,THUMBS_NEUTRAL
17.745391783521097,37.53145507308012,39.75572041449111,44.331047154214744,173.42873116642068,1.7891492016102217,1.6703711748999486,1.5962792098681318,1.5448059924725537,2.929166333362341,THUMBS_NEUTRAL
9.036225692864894,27.82615763477658,33.663918240943175,39.41883220542476,170.00094250482172,1.756149851406824,1.607745539659876,1.5348714163830335,1.5009096009877667,2.828071196455903,THUMBS_NEUTRAL
13.286548008173781,33.61240172623989,38.90052313559737,43.43811477391814,171.45034063867516,1.794427542963291,1.6626445119022022,1.576199684617196,1.5085487512856184,2.889078711046494,THUMBS_NEUTRAL
17.189165514638884,36.02443380514145,39.88964489876767,43.26414218658152,173.31806751577994,1.8196768888423647,1.6839516521853757,1.6000453187426034,1.5440630004675928,2.933505474305767,THUMBS_NEUTRAL
9.102875264534926,17.04657496454011,25.580094193168218,28.822350411519643,163.70027905871757,1.7597055535140738,1.5770578184637798,1.497490860940192,1.4299136547198452,2.5685975832619032,THUMBS_NEUTRAL
24.105835957582894,39.71018343816223,44.316919084853666,37.661021911756535,179.07974384524778,1.7987151364360126,1.6240865630963939,1.4984847208613195,1.4362136782517039,2.70664443329617,THUMBS_NEUTRAL
21.303158027486038,43.22330799521623,43.25024262567423,49.64159937629599,170.52258013301,1.7754007693245153,1.6103779352803296,1.5222962569736078,1.4364814741715208,2.8419001124083922,THUMBS_NEUTRAL
21.89335195545669,43.41893272393467,41.75198350585446,48.22600787040559,169.03644257887575,1.8067901441288363,1.6548232835914973,1.5669712183605442,1.4790168587155017,2.9701174547695834,THUMBS_NEUTRAL
20.318421691926744,33.74526691433353,36.601506726376485,45.05324602415486,170.23979343247774,1.7606615785821154,1.6395663029914493,1.556236959338568,1.451605462205561,2.8143898385412145,THUMBS_NEUTRAL
25.334039429286047,38.681286664330266,40.86523460222421,46.080643135129364,168.44237327805732,1.8594023708967957,1.7075337701715514,1.6224568634441772,1.5445564592836711,2.9399140744373806,THUMBS_NEUTRAL
28.656688070998122,46.5104724678835,50.07666012824953,55.322836343259176,173.7214768027518,2.0606096545928714,1.9077577699562693,1.7919490538122647,1.6707307001058354,3.2636966065453374,THUMBS_NEUTRAL
17.568926313161867,35.416317103016496,34.99136414340029,41.08477280127116,169.93524230111134,2.0143660385669646,1.872151895853891,1.7636058248950721,1.6425847661671031,3.110498131322762,THUMBS_NEUTRAL
22.23495571429031,31.689281970488242,36.18179340390881,45.97505782424865,172.43054613819945,1.9302580928690067,1.8326869307933105,1.78643792862167,1.6894270624725884,2.9623294851095285,THUMBS_NEUTRAL
20.57926514697654,42.66882798773089,39.2771002027281,38.47419351687393,176.0367481201774,1.945363586328214,1.764779221540435,1.6519584864327477,1.6070904509776074,3.1352330655056613,THUMBS_NEUTRAL
10.844501477012784,28.102827956057553,28.81730828924113,34.58824389536392,172.0541094868164,1.796064629987678,1.6074792584826767,1.5188014654077904,1.445826799846665,2.9219197837579305,THUMBS_NEUTRAL
13.763930519158436,24.102303465030577,27.53496042811092,34.441639658710635,170.26240050297494,1.8904077025085027,1.7624378183504008,1.6568066232148995,1.584373504186808,2.9558762864221864,THUMBS_NEUTRAL
13.822180136472328,26.614325008486713,28.27583667236254,33.77768904994566,169.52657954174754,1.8755896660742566,1.7391387280797173,1.6624956565570315,1.5916452269855788,2.857116227384098,THUMBS_NEUTRAL
15.939685923583859,31.260703043879502,33.30235642546838,38.260648882525416,171.0829991611239,1.8850814467724877,1.7597545481951862,1.6805383013642257,1.6056188035290382,2.8739787132085204,THUMBS_NEUTRAL
11.675258277281156,28.966888073085453,31.523399515019896,33.28637924121511,163.84671226545848,1.7707098668709182,1.62134339246443,1.5504511036125876,1.5083482660285958,2.785144126990099,THUMBS_NEUTRAL
6.878541375300574,19.72576098050538,24.623715716006732,26.2675789469151,169.01634574963558,1.7748383282028297,1.6296932608445491,1.5415716181172683,1.465023974990335,2.796362564043834,THUMBS_NEUTRAL
6.375450415380596,21.188547583794158,23.74253752693353,29.66604604926505,170.66219065631898,1.7384009603792334,1.5543846076105632,1.4625406713003175,1.3805741144340422,2.7745648641422864,THUMBS_NEUTRAL
9.37180932763925,24.62359665805402,26.55180652796487,32.78744816353618,171.6372345069132,1.8169986704735874,1.664030477659286,1.5628325411072272,1.4636178834616573,2.8712263990141107,THUMBS_NEUTRAL
12.269781216849296,26.919503655485396,27.717903516601332,36.183245209925374,170.22489248950453,1.862687863063969,1.70899454771805,1.6151991021102687,1.5164813344562698,2.989584615681568,THUMBS_NEUTRAL
8.150896485416679,23.520213558130067,25.047273040331632,33.80997786880146,166.02503852509417,1.828285521208673,1.699408816012479,1.623423383210056,1.5474719239878956,2.9490939779998078,THUMBS_NEUTRAL
9.48475827487495,23.994236061176625,26.24810517610991,31.130590192229814,169.75069654640484,1.7705420453335774,1.5969404943983767,1.500544421813363,1.4163919461571928,2.772465600508728,THUMBS_NEUTRAL
8.550550121085918,23.681797523873325,24.996231707983615,33.44827866188037,166.5624043691998,1.823415590061199,1.6723152949725837,1.5738446945590012,1.494462389295597,2.9063895287021624,THUMBS_NEUTRAL
4.059894367399354,14.976239411400151,20.01342825583063,24.674937187495782,159.78384489453637,1.6934757082557317,1.5537812840913918,1.491466355004838,1.415606195437453,2.4975803928668725,THUMBS_NEUTRAL
2.651121760943683,18.888834932711042,22.577493906618518,25.694391778416716,158.7739206691652,1.6594859158480246,1.4912137933351624,1.4567356099383664,1.4342667831860487,2.5027795238570136,THUMBS_NEUTRAL
1.1418162091487638,13.48208179748058,18.03332820355083,20.394533833253913,162.69489920737936,1.6226319293497375,1.4714496572429427,1.4319300548548297,1.4111011409278529,2.537350084799015,THUMBS_NEUTRAL
3.5679310046524066,16.758236462132437,19.55502203619095,22.372333521276005,162.17753293064737,1.6332873664605934,1.471439700569112,1.4357690186181422,1.4287615714432917,2.5388818063953944,THUMBS_NEUTRAL
4.501221495247456,21.445936365640417,25.268401577365854,29.502755396162282,167.19020882024859,1.7613799155397207,1.5965493424246977,1.5130531371112594,1.477432824016737,2.7327374414667163,THUMBS_NEUTRAL
1.5590053474950976,16.257329690923907,22.241606851646154,27.245521146265293,169.6196802271107,1.7464170720397796,1.5900931387530823,1.4962024406717644,1.4381092172361085,2.675044981046809,THUMBS_NEUTRAL
7.823764968854721,21.28980567159481,26.017060223132184,24.308394449213115,169.80600236432787,1.7565473253950157,1.5871898384780336,1.4803368754784634,1.37723268946914,2.5087161396306565,THUMBS_NEUTRAL
0.5666027787560372,14.840599283506945,20.72304981220046,24.258788736986975,169.29276874739577,1.646306080645944,1.4751843309913524,1.4166238329080747,1.3725347085671122,2.543034831286109,THUMBS_NEUTRAL
2.0896784166473683,16.55740180632001,23.00104479957267,29.616681469896683,169.49413932615346,1.7105443725207823,1.5736926064491918,1.5006535951269062,1.4420878941732227,2.705033522419369,THUMBS_NEUTRAL
1.8055109663458466,18.4772298080868,23.634231073548385,27.03046844672481,172.96826802323932,1.766818574828899,1.6139364871362147,1.5274470193138436,1.4912252227157954,2.721738092572278,THUMBS_NEUTRAL
2.7159694830877363,18.62405601186366,23.86072947191234,26.61958126469666,173.72982818578632,1.7649432688208577,1.6110317139357369,1.524879436338226,1.4874007821902928,2.7027344028525224,THUMBS_NEUTRAL
0.8480273546798982,14.135882364486463,20.40648892868345,24.79862571295658,169.91316223435223,1.746565325587726,1.6037579610844297,1.5283077767406823,1.46865600186217,2.72503649366457,THUMBS_NEUTRAL
3.3910410553661596,17.158514433052535,21.304226545166376,23.142508916162583,170.4659192543435,1.6836471751104611,1.5195210141061495,1.462342300400012,1.4269152637046214,2.6084110932626854,THUMBS_NEUTRAL
0.5794500968111629,13.734361265449001,19.241704456484054,23.811240074074526,171.65074348360503,1.7001480049413318,1.5457367811791745,1.4725014359945685,1.4381617707667014,2.674168713856322,THUMBS_NEUTRAL
6.316466579176635,19.223632689610607,26.312164689376278,33.46882325014195,165.5858301040246,1.72651130070119,1.6070662895552956,1.5388421975499227,1.4612104030682398,2.617791030171249,THUMBS_NEUTRAL
13.394384955854663,30.99184603555377,35.43628871046062,38.22553068357571,167.6985071216348,1.7946423928071404,1.6703670687415604,1.5931801926014533,1.5342450915976706,2.678059725107349,THUMBS_NEUTRAL
8.185749596136624,28.45905550164036,32.26263033362378,34.41601310960825,168.01542504419595,1.7535310125114614,1.6114855283244995,1.5420134191015806,1.4948062242333466,2.5932293602061525,THUMBS_NEUTRAL
6.468593413357877,26.420250253178484,31.666968199797182,35.99973325155697,169.53942756720596,1.7467861644753369,1.6087351249216546,1.5316469026273596,1.4894199427033408,2.6529460004724577,THUMBS_NEUTRAL
7.676896333353173,23.84200155393284,27.193438113322532,29.929392901711307,164.23957774522094,1.6770209767271764,1.5205526164112875,1.4609796228478154,1.430666650275094,2.6751129266992533,THUMBS_NEUTRAL
6.0378395142823225,22.71541966199135,26.42645735214975,31.42440951607742,167.3725896513926,1.7284621216273122,1.5808774145818452,1.503577426383333,1.4595145485644134,2.7219345902034786,THUMBS_NEUTRAL
4.544639305089005,20.09143773789535,24.627795219221262,29.35931217923464,167.5790466643768,1.6908960489477942,1.5311461506253239,1.462783940938567,1.4176892278451683,2.6679765711067587,THUMBS_NEUTRAL
2.5088407304521523,18.46886807550617,21.853310048920605,27.82325701068485,168.7574673210859,1.6656341584823713,1.5096668504266515,1.4407540090412803,1.4121455506901244,2.6638924485696727,THUMBS_NEUTRAL
2.8441280964425655,16.33541074501482,21.3223577007996,21.49800123127212,168.81685563485422,1.6343084091352253,1.4826099585332972,1.4185441952015436,1.3800666557603278,2.6066308193369103,THUMBS_NEUTRAL
0.6299901420601743,15.662362280985121,20.665108179541157,24.4404244488227,170.77059557117664,1.7238696648742347,1.6089953693193746,1.5622676515450005,1.5111657814860362,2.824630340339285,THUMBS_NEUTRAL
0.900441294638169,11.848492852320694,15.86383836360331,18.935295639841737,166.8949475117917,1.7112098561573854,1.6016133977013538,1.5415860702600608,1.5239664995956423,2.7929834899005495,THUMBS_NEUTRAL
0.39062049551207745,10.48590684486079,13.962573184744079,18.968598965031386,169.60962404923703,1.7000872801805236,1.5652794189851282,1.5195231966126177,1.4896772576450477,2.7330520506694507,THUMBS_NEUTRAL
0.7289646296069435,8.540651677474395,12.816108528504522,17.357340827061936,166.97360441581483,1.6587155624917713,1.4929815521080059,1.4639843668832857,1.4664150258791238,2.725568427457177,THUMBS_NEUTRAL
1.341393903069769,12.44376906740279,17.21957213472039,20.518748751458233,168.29688725964115,1.6837243370218429,1.505467305225355,1.441412590450692,1.403795716280743,2.7610558607692544,THUMBS_NEUTRAL
79.18411617187394,142.3844944745589,129.4412008800994,138.20592354864036,169.57253457293785,1.4975517367236313,1.3194718856325918,1.2563167191203497,1.2363783240201536,2.589506978795093,THUMBS_NEUTRAL
98.75307336189844,133.64733214702494,125.67994512510127,131.0802492320333,165.89375007885184,1.5047453798168458,1.3058343954397356,1.2260429091493,1.2200671821563158,2.560297034809522,THUMBS_NEUTRAL
145.49831395277437,147.44855101588593,140.142031894359,150.57716604863109,168.1301856962168,1.39637732269419,1.2212980547832997,1.1591761356298966,1.1685880808080975,2.513089078851294,THUMBS_NEUTRAL
149.83290376463614,146.85263668552278,136.81653293635517,149.7647894041334,170.46751917086448,1.245703557541522,1.0775165000156979,1.0100494488153293,1.0324204753968755,2.372991852751869,THUMBS_NEUTRAL
161.51466323739774,154.2480342467752,144.26449357824296,153.6447685214496,170.2635168158871,1.1197989176625793,0.9657191776972398,0.9063541883672406,0.9415887450679946,2.2671286606733663,THUMBS_NEUTRAL
151.8943751902257,144.2300216465724,134.61224605336665,144.23615983053938,169.7354429921345,1.1238626631611466,0.9132764096175469,0.8607929196108624,0.9003935616510196,2.156995839360768,THUMBS_NEUTRAL
152.38565601142432,144.443353528177,135.35468069700158,145.3772868764202,171.54057434505515,1.1059103925431308,0.8986537506379382,0.8336549770596625,0.8877033899950436,2.234411032168993,THUMBS_NEUTRAL
139.76174271794434,135.07666142763492,124.92182365461332,135.47591843387974,171.69173604668674,1.0642431919721247,0.7480750796596877,0.6564981581311873,0.7099591379774127,2.1782817072133827,THUMBS_NEUTRAL
135.57919480931986,133.28975726202435,125.26669834939555,132.6132039790431,173.74191314407673,1.0897248432010678,0.7963487353626636,0.7388885130991248,0.7972341292682114,2.2445687414052573,THUMBS_NEUTRAL
140.65914546058679,136.61350842386702,129.13434513455854,135.75019381825382,175.12513057705794,1.1284199923147826,0.8594046225537157,0.8124207428806884,0.8705801016475023,2.297365601669052,THUMBS_NEUTRAL
143.10102423770752,150.05400402683242,140.22437353080022,147.46896198096735,168.941117485728,1.5676390895631522,1.3757274310084855,1.2793994524579266,1.2243272854710048,2.7364091739193652,THUMBS_NEUTRAL
4.974754441972661,9.538337086636576,15.429275590244352,19.352424494163426,167.11073115629392,1.5894697477168254,1.4207251473350664,1.3543811683224156,1.2897529691555059,2.7107843335236335,THUMBS_NEUTRAL
3.7478848728072576,8.86965394557351,13.725810834400951,17.061452877467,167.965359185572,1.6383483483773724,1.4528483874315343,1.3949486260897772,1.362818661145099,2.6345883269059884,THUMBS_NEUTRAL
1.673477510735618,8.06584068193188,15.119423389696285,27.77206373416145,170.75022282059783,1.091325144577206,0.8971086122018634,0.806593869461669,0.8429676147728855,2.403382966905046,THUMBS_DOWN
22.339339882733306,70.32352407432148,64.44882336040246,75.18862405131546,175.19593375183376,1.1562521776979375,0.9661853636680011,0.8771500935606974,0.8703303948676502,2.472518519491702,THUMBS_DOWN
37.423981648887754,106.92676932594608,87.29742434080912,74.5471793639149,171.57983650177013,1.090970234299422,0.895502852512312,0.8149232748513549,0.8232782382444619,2.411037770933435,THUMBS_DOWN
79.24329635937619,93.28533545766847,115.35692001060879,140.4593741699294,172.6770360200831,1.2870560358903234,1.0234525977569386,0.8694324361572854,0.7792904823672552,2.642639765910684,THUMBS_DOWN
105.65054122251507,113.95048666518748,124.07109113670943,140.6659487242659,174.47488537881523,1.3116657233969333,1.0569520261871244,0.8897197816247567,0.7757447289498786,2.693564899844037,THUMBS_DOWN
88.03421458602477,100.985882140675,108.21021598187619,129.48760331885086,172.99160291980184,1.3448545037312132,1.1033909369094843,0.9364107881187629,0.826699022297203,2.7055153489083423,THUMBS_DOWN
97.15790066618372,108.27840244902939,114.51996278000277,127.95505390986844,173.19993342144397,1.3374029084879424,1.0932412329438161,0.9334740548837283,0.8109249391775717,2.6799444169636693,THUMBS_DOWN
22.70330091729726,30.425807131685346,31.983978402819833,38.61883815296247,177.19415846569547,1.5224855843518883,1.2832940440995262,1.1622531273125196,1.0978153361940952,2.593812552785977,THUMBS_DOWN
8.256675472656752,11.58290525784852,15.213156505503294,22.487996637678663,178.46774800665492,1.3797915575615038,1.1532326296333268,1.0349330542258297,1.0450729374571246,2.665606525317015,THUMBS_DOWN
6.056496937672532,2.496851941366723,7.68819435077353,16.648555201330876,178.71943267503656,1.1344730473864204,0.9091466924786624,0.7418341922618714,0.760866343467966,2.6926612254135125,THUMBS_DOWN
7.945884777269855,1.0591931910071901,6.466999368673981,17.589195676421753,178.52589385039101,1.074187166582509,0.8468596663569896,0.7170793851206849,0.7704140810994715,2.647911123027103,THUMBS_DOWN
5.950583939315016,11.975930154270436,14.423245041221803,23.890478712944866,176.23860806422823,1.1439004545963134,0.9421299444458474,0.8223518896581805,0.8552009509400322,2.566819845681062,THUMBS_DOWN
10.84947655240589,16.311402744118844,17.198971380175344,32.34743351873515,177.75672962977282,1.2234254862935183,1.0252388459701425,0.9249465246971599,0.9537500827822527,2.6051082854788996,THUMBS_DOWN
52.402198641370354,103.07213189927162,87.26104534792783,83.24211426013592,173.9475997791587,1.0492621301181562,0.8513203037364624,0.7515777567037972,0.7720239193505042,2.437118339245529,THUMBS_DOWN
166.53762988066535,156.6519938433955,139.55553021059387,142.4385274094824,178.65114967504323,0.6888666562091499,0.4737147119973291,0.424295976584319,0.5991270305151056,2.2943076685922086,THUMBS_DOWN
157.0386297637705,162.29709400765097,138.0497052957684,136.66384737415262,178.26559895846728,0.639189302449109,0.3972555532740115,0.35751623638090885,0.5668769934958403,2.3583259053950782,THUMBS_DOWN
158.4684132474548,75.9908668668844,67.35909544188583,90.13430409119958,179.35176262743033,0.5440063833260406,0.24983602531190416,0.24489104645020018,0.5198342892167397,2.103065239295956,THUMBS_DOWN
8.982628592237248,20.563715745297127,21.22025128860122,35.81773180929726,172.8377220670341,0.5022270639949324,0.17750157364945812,0.21041294575032293,0.5062555233811417,1.8692765496413786,THUMBS_DOWN
21.659180429424396,30.566897700642848,32.78070132729965,51.65511358299552,176.73225157206494,0.5536680385967995,0.25093681395547,0.1254391803924516,0.4513843072650761,1.889183074126132,THUMBS_DOWN
0.8982534168125217,44.103271657466095,50.105591806238564,59.97435500558194,176.75583591387652,0.5981477585388556,0.36477306302799906,0.23445757632653216,0.49762298240333896,2.076483179058401,THUMBS_DOWN
171.87475824231066,139.94332533665067,118.87718588576273,125.36888781139756,177.7065853495146,0.6426967484401449,0.4073332165653393,0.35138657301925597,0.569042864612192,2.079278817674056,THUMBS_DOWN
173.30796578854742,141.17746358855308,124.10348045212446,135.58176699412067,177.30681478338025,0.7042010398864254,0.5119227157937656,0.4120054201652297,0.580319286232366,2.165583141458142,THUMBS_DOWN
174.19060142739966,153.31968460428587,132.30169415741744,138.04072069192776,176.9271346632795,0.7897460516600969,0.5801186530996034,0.4994443699946578,0.6154445364677542,2.312641787316626,THUMBS_DOWN
168.17073477186577,146.69507302997292,130.47165238494694,137.138829356969,178.51545131608142,0.8458627555751861,0.6731085917421207,0.594008730945652,0.6777197775317754,2.3427056923769096,THUMBS_DOWN
154.46886757883271,147.6981950141277,135.36719323814393,145.8240128416982,174.92884411244458,0.8614588435902271,0.6734107695429422,0.6070622169646244,0.7038025630440241,2.226204013421151,THUMBS_DOWN
164.87805087018063,157.79089701669736,149.49400672917662,152.65806755238464,173.30682635612243,0.9738837884613858,0.770927767207938,0.7002942404417701,0.7688948474034838,2.424751117256432,THUMBS_DOWN
111.84460338694862,165.59287000860698,174.1775209923234,168.6788392170585,172.93140255963675,1.0333288693682712,0.8159695886147503,0.7273390150938804,0.7822373003859352,2.357053476990343,THUMBS_DOWN
71.8833603965543,121.89154058943514,121.98257274907812,124.58148609019958,172.88770577773371,1.061340605111107,0.8694692723135482,0.7731782133761129,0.7960912123859433,2.411203553645462,THUMBS_DOWN
38.6704021898589,90.20012276112251,90.04721205387267,107.45986652767158,172.92435054484676,1.0829463706628406,0.891080621203918,0.7944249716181719,0.8189601101119203,2.424838864119467,THUMBS_DOWN
10.494310538386738,32.32281587766577,34.6469223384945,49.68741753315128,173.50045490404378,1.1410231573507519,0.9419416374937493,0.8466460902288179,0.8341731393809094,2.45350278159231,THUMBS_DOWN
6.017012772999317,17.225636833414605,18.280231380621792,28.950811854365,172.70811543033898,1.1443151604734307,0.95408726093687,0.8815030630011204,0.8930538103171363,2.507278302703694,THUMBS_DOWN
0.1298448115507374,7.835828150661799,11.121579390634137,16.50655690107774,171.98326797181485,1.0901613053035166,0.8854134477797806,0.7670427650098327,0.7988727166316034,2.384462519832843,THUMBS_DOWN
1.713421891833469,3.5418147724263815,6.692615422438053,16.691021720120165,174.14056052204364,1.1309829635747033,0.9198434198578852,0.8085894125630797,0.8560802733009268,2.486904369043642,THUMBS_DOWN
3.9460124193144335,5.959829059296871,8.400955145397267,22.725491913012725,175.00300508243134,1.1014486072158045,0.8924267257788262,0.7965955146746767,0.8647615651754811,2.451922080166125,THUMBS_DOWN
8.952267696572282,17.657924463482686,20.87793693251923,31.552551145940097,175.10549870951127,1.075172191226132,0.917536659715143,0.8482701644328052,0.9092921830992283,2.3546688207874555,THUMBS_DOWN
10.578609802237679,18.919194919315782,22.674642234369074,34.88073841643508,176.15984506362025,1.196884226383948,1.0253424820180732,0.9373937838532598,0.9665686345855797,2.4726080320476576,THUMBS_DOWN
6.349971340826368,19.452251839994627,21.735631243538638,32.79944028758354,175.04759560683965,1.1765536586642273,1.0092178337933726,0.9296091990672304,0.9427625576471588,2.443481920544512,THUMBS_DOWN
19.157528338157622,29.1440659302836,28.040840935552165,41.69539337884939,174.94921360239363,1.1943287717569964,1.0338913229061002,0.9611045095626533,0.969719092431423,2.4772791603182553,THUMBS_DOWN
21.421675393501946,50.16568991686736,47.984384768099105,63.6258265227766,176.81772357443108,1.2072158336741128,1.0330589306859128,0.9315620040358953,0.9242968075084309,2.5411452813932502,THUMBS_DOWN
108.45950505483714,144.12329096706722,139.9862111135301,127.14047555986734,176.74335909338143,1.0048940036024676,0.8276148821764259,0.7763654777633885,0.8249832823546349,2.26362933061886,THUMBS_DOWN
157.45791568436823,166.1079584886762,175.03478711873467,172.75662447484956,177.2267607901624,0.9547437149597768,0.7773666181812031,0.7180534736996165,0.7787344299132225,2.3739493643424234,THUMBS_DOWN
174.5516507375045,160.45378544831115,144.60474517206265,141.78727358867354,178.0378397325534,0.7893548592736421,0.6148314415557524,0.5642048284020753,0.6627978406499478,2.2909054528498087,THUMBS_DOWN
175.4913509048586,136.3317790839123,123.08588119205697,128.5300559712059,176.5975608715915,0.6627998821624181,0.45870525165191356,0.4022914615449961,0.5927091945886572,2.267376917773797,THUMBS_DOWN
172.24522529533726,154.03396760691226,139.44275503163914,143.72614488334875,178.56284721279252,0.6738086892174612,0.45490334273803795,0.36940916102038146,0.5525635922570511,2.168957380333081,THUMBS_DOWN
164.89598236814484,169.277956288921,139.43427417495306,137.7291789554095,177.82824330487801,0.7560313131003564,0.4895953235920167,0.365149879710728,0.4831980104463918,2.3226416218403743,THUMBS_DOWN
131.72644322602758,152.07342355115367,176.83147652451447,165.5871816635056,179.6875551539278,0.9214044185497154,0.6776971704628806,0.5756490529882059,0.6288445121979771,2.4886232767399243,THUMBS_DOWN
144.04032347944187,155.44723298977462,172.39835420720118,178.3903043083691,176.14363172061098,1.034974687241863,0.8223008766134543,0.703615984997639,0.7104872283066332,2.592004939436667,THUMBS_DOWN
98.31237370237284,121.8168042282442,120.59459112240087,123.16744471649265,176.57385860327872,1.0874221470218335,0.8953038624096863,0.7742008103351601,0.7756030127701502,2.4884557215217407,THUMBS_DOWN
55.63171282688127,85.13521426641853,91.48263014419436,108.75858486211354,175.75103720039365,1.102826450034016,0.935037077980876,0.8282192584062648,0.8245363954924138,2.456059741219576,THUMBS_DOWN
25.764908773242,53.82116150286743,52.61364601270386,64.78746946519465,176.08529487264556,1.1581417972645962,0.990238291839735,0.8729905388184054,0.8545423145567143,2.4890017641241133,THUMBS_DOWN
11.062206185497836,29.003208680514167,29.255993788400293,42.71981377754382,175.71088898832565,1.1299252225041843,0.9614027341748416,0.8753441607151792,0.8855898658128515,2.4351737520411225,THUMBS_DOWN
7.199211687886059,23.600640421337072,26.14842701357568,38.07719092963124,174.39265791023763,1.1585574291193739,0.9900024249637281,0.8989847145288217,0.9060031446209362,2.4483841294774535,THUMBS_DOWN
7.552321131807142,19.98276687131427,22.224289722886233,32.7247912040387,174.27801556840535,1.1332041432206152,0.9628070664599275,0.8863278196780524,0.902242136347458,2.424961008771392,THUMBS_DOWN
8.486172573133693,16.577750243738464,18.14294999043156,28.2020784807055,175.86259568215098,1.1449686785201798,0.9786600384205951,0.8879612003009878,0.9074755782686735,2.4471564871688796,THUMBS_DOWN
3.8353069543980136,11.9409445889928,15.513929406421259,26.045854806941744,177.89541167074785,1.16366122289606,0.958393900691067,0.8677651947917399,0.9174988676038204,2.48697767533077,THUMBS_DOWN
2.331651293327504,10.352452025368907,14.23447762687505,24.22769059629286,174.69504853868975,1.1382608874801519,0.9435704174480276,0.8428381020983338,0.8893002419417819,2.4311345285159547,THUMBS_DOWN
2.757396905836097,10.386750252855556,15.792738838948791,27.687984135602388,174.5831914478661,1.1811478715300894,0.981300765443571,0.8653470149474116,0.906286163448804,2.5313783997818806,THUMBS_DOWN
13.238417641610072,20.502874116467588,23.500591055063396,39.48349696137851,176.71572096708837,1.162012984610131,0.973963672157071,0.8997803973231077,0.9344160238834279,2.4438443365150424,THUMBS_DOWN
14.987940460736207,29.817229128128137,29.83245365607461,43.176551504112545,175.44069092331722,1.158905547141155,0.990747528509896,0.892360084207887,0.9070482096681547,2.4288856794346323,THUMBS_DOWN
28.843482110743263,54.24126539782078,53.95128121223745,67.23748444281497,178.42708590239022,1.2025910322925053,1.039740190088541,0.9240271273238003,0.9168549079487448,2.5206358398490987,THUMBS_DOWN
21.175511886603292,49.668968132529194,55.57730343694094,71.75062001933452,176.56030564093373,1.1725236368220129,0.9973759586570257,0.8698311417207651,0.8498426020860812,2.4751696533288774,THUMBS_DOWN
42.4548579346216,76.83184884641572,79.06254958036958,90.56883025849937,176.4665347395352,1.1471543004411038,0.9749277401552977,0.8467800631004869,0.8472624663750651,2.506681238141013,THUMBS_DOWN
63.75711810036447,102.84976878801652,110.77094522249122,119.77280730654984,177.76379873734857,1.1108989176617647,0.927703402200316,0.8090633164804236,0.8130729124687989,2.506508925328567,THUMBS_DOWN
97.41044930650203,123.55601425217235,127.83470827594809,132.7995370740397,175.97874708835192,1.0421843115743314,0.851567228728923,0.741222726380945,0.7685704805243715,2.425194194788029,THUMBS_DOWN
107.55694813227852,131.08883335965714,131.16467349525922,136.23394426623747,174.8384150609289,1.0180783337087824,0.8407278245558396,0.7516473884404429,0.7763120407564253,2.4372660103464465,THUMBS_DOWN
128.44537653536958,145.20168580666987,151.1378859702829,155.83010049830284,175.18954910918248,0.9892184951118144,0.796301097257176,0.6978500530412508,0.7361858364920714,2.3999289339158554,THUMBS_DOWN
126.855451935017,143.49131815944992,151.58859553428906,161.8938862395959,174.67386441220052,0.9926753992043454,0.8095831496580135,0.7129631934815556,0.7395731335782596,2.4527375218242993,THUMBS_DOWN
110.48466183999427,129.30517779414672,129.99898972554382,131.24991279209132,174.8749221468777,1.0018885805875113,0.8141792274985236,0.7256869966420313,0.7714130787345171,2.3831853583680704,THUMBS_DOWN
37.20005119491793,73.92442880693481,81.14033704313152,95.7642914378427,174.39331892265272,1.1068375452070536,0.9369177151073161,0.8467852621349478,0.8461566177676677,2.423368040731249,THUMBS_DOWN
21.466301077345033,53.17439991745864,55.686013051313324,70.20453736298904,175.62933985455763,1.1213992829710953,0.9418481130141921,0.8257458120651258,0.8178527153845727,2.454708994539516,THUMBS_DOWN
15.879063961747637,40.558974243146274,44.158196375289855,60.91772759814744,175.12536827997488,1.146254810087687,0.9834612997271817,0.8845417771927623,0.9037068150077168,2.469542390822628,THUMBS_DOWN
23.800490086019376,46.813658016037145,47.55670709273899,63.76166621457256,178.21252940189018,1.196760107810482,1.041525175758556,0.9428633528092019,0.9352371352346138,2.5556164336344587,THUMBS_DOWN
14.6518952313833,38.63518035991746,41.58339744324584,55.26442978313086,175.9433126757314,1.1669004590156569,0.9981695725241355,0.8912369083870969,0.8825571651750381,2.531603578251161,THUMBS_DOWN
20.794449859400974,40.18825879402789,42.90094985866128,58.16887263632706,178.615363079875,1.207289923690699,1.0531717140475059,0.9434289046032008,0.9473067284656908,2.541876618093142,THUMBS_DOWN
9.687263928855891,29.454072027628875,36.1639790052339,53.176991763167806,175.6565617501756,1.190370021438443,1.0247005145920831,0.9076456137636217,0.8916240441033019,2.5150414430452,THUMBS_DOWN
19.89248426797881,35.858380341829815,38.98411117152436,54.90227512483362,178.96317043606967,1.1944132616470258,1.0389215216929524,0.9295310089995229,0.9311879069218663,2.5302314703654525,THUMBS_DOWN
18.81107513121802,37.600684507791556,37.429017687793454,49.32655228906573,178.61592214517242,1.1717677386913452,1.0097024711111922,0.9213715476435537,0.923950658136534,2.532944411153442,THUMBS_DOWN
19.25232490599266,34.5692048593381,34.52253176428247,42.7826778467709,174.1100658466773,1.1596998650555996,0.9873095316881393,0.880508674466514,0.8998864138913595,2.4246123496016074,THUMBS_DOWN
13.665073528719297,31.211769271605007,30.952994217952856,45.09388697187865,173.15573041636466,1.2013448825688868,1.0308710294483665,0.9192251608251786,0.9089817073018855,2.5276078433485143,THUMBS_DOWN
21.65634780574243,40.95939616247008,42.18644205005605,56.201202230791885,177.57187283013025,1.2356515598127509,1.0797333364712742,0.9642593177134359,0.9405825405796576,2.5501616478004734,THUMBS_DOWN
14.29730202964063,33.64547401136326,35.59596789307428,50.915598602112574,175.03690301317607,1.189352397197816,1.0237771892622058,0.9129551535498995,0.9067512765475754,2.5099280575054252,THUMBS_DOWN
16.497822902795164,31.886321416014074,35.21895469810329,47.289187112739015,175.57888843686897,1.1671801756128277,0.997288329193665,0.8915319246196663,0.8906652312563618,2.4650344566339886,THUMBS_DOWN
8.142472680035652,22.16092922448202,27.06316467397432,34.97968532255933,176.08428323157534,1.1403327175489224,0.9560672647083065,0.846107303788397,0.8151391304998091,2.480098318641965,THUMBS_DOWN
10.924190382600411,19.61597291130908,22.57029517206977,35.64998144035911,175.59627063660398,1.1970253630026668,1.0025830000635987,0.9017842532527881,0.8991666218755251,2.502612628246222,THUMBS_DOWN
4.3597434982549,18.91189317997639,22.947608718130976,32.655304484344505,176.29206750026577,1.1260969620035244,0.9452654390826106,0.8523163564753211,0.8572857272417845,2.4917711337861217,THUMBS_DOWN
7.229241806785257,15.578760046850212,20.430243347770247,32.1529341538538,176.2468584043425,1.1312087180077157,0.9719170140563869,0.8859407627534704,0.8888677586852095,2.4326148023465057,THUMBS_DOWN
3.6094328705484755,16.607077187658756,25.619156335649805,37.93250689901504,175.20638520973912,1.1064643871867674,0.9113321937067677,0.8413320513797309,0.8547636686107757,2.3862689349078776,THUMBS_DOWN
155.34322469622253,156.28820449161594,147.84795409524241,160.9880335938335,177.24836553875699,0.9477344915504895,0.7705465770962785,0.7403637565689998,0.8030923090688199,2.234338033413561,THUMBS_DOWN
158.40031183849314,143.1380285786179,132.1646074843681,134.87109175067178,177.80316680382862,0.7437355136863048,0.5821184355747158,0.5643867542905546,0.6957125193344453,2.1381628653602167,THUMBS_DOWN
167.65536409369375,145.1030505015122,129.53064462915498,137.1945747000876,179.8864278046395,0.7566579015285801,0.591433321616715,0.5524027727138525,0.680806886747816,2.249916643502401,THUMBS_DOWN
169.24789361720084,149.29706500152548,132.14592391374137,138.2574775014625,178.33705354288804,0.7981229943064505,0.6256066264378133,0.5920767351635704,0.7061477571987754,2.2864663630408364,THUMBS_DOWN
146.85773738843434,145.28948878455935,136.04927993882825,145.67581598613955,177.66508507057827,0.9401469820125021,0.7734375814664003,0.7199922530055531,0.8028486469889164,2.2380526106421565,THUMBS_DOWN
96.40788185409107,155.68237384360225,157.7281237880255,163.22921278968607,175.11930930841433,1.0682421270345253,0.9001856915711631,0.8244544853847389,0.8604504330857334,2.3451519497046567,THUMBS_DOWN
0.7812660847924253,12.867510313800935,20.565885572922216,20.754436590016173,175.29814854404344,1.0641749286472042,0.9123403844918451,0.8421563363334016,0.8523536506630633,2.3982632667879127,THUMBS_DOWN
4.926133868054237,19.784225740895184,30.891740981566365,44.90456159630379,175.27080115052792,1.081747944193339,0.9066248883067735,0.8251684409047765,0.8446345163346225,2.364827781993216,THUMBS_DOWN
4.154068676322829,12.492290353051276,22.212584063887093,35.62165052173378,176.90321898744978,1.067167863493219,0.8994661270954207,0.8148394825020974,0.8374337592243477,2.4015873650286443,THUMBS_DOWN
7.1550607470347,18.507233725553537,25.079330669264024,35.532676755712814,177.26187915136222,1.1279342614637924,0.9363282278632651,0.8516397416177692,0.869859443847771,2.3883893877997924,THUMBS_DOWN
0.995854554323954,15.253452167568522,24.53481153235831,37.53272725626002,176.00641453921187,1.0932267966762117,0.9070246091194627,0.8206767444321331,0.841103124039447,2.3596201929111587,THUMBS_DOWN
5.406585252901805,19.22429428156603,27.56413389692846,38.58619716905771,176.85477715231283,1.1040266394983465,0.9224284191234896,0.8471238666302492,0.8792888418536822,2.40963905720994,THUMBS_DOWN
11.333906618120395,25.10649784134512,29.34599631619819,39.097601379281905,177.71788358264808,1.1093846541268477,0.9393144557351827,0.8695745023174684,0.9069522608485445,2.422749649548056,THUMBS_DOWN
12.43623924699009,26.957838581803113,37.01739318990316,50.4902437423214,175.18769669947784,1.1249127740634042,0.9401488053560392,0.8673071159667018,0.8952641624000099,2.4111189339361787,THUMBS_DOWN
15.506632248323246,54.48748313418403,64.20052329833041,69.3256244593385,176.79312590416106,1.112795041519822,0.9348434780423492,0.8699423479762328,0.8832554476449487,2.414937400044118,THUMBS_DOWN
1.0455296452151217,22.608694825630515,29.902134411161818,44.68204608637417,173.72668718685804,1.0365308378491358,0.8402284510638776,0.7571144087587388,0.7806160654405815,2.343014912542639,THUMBS_DOWN
6.280695473879354,1.3872600605852505,21.72700109017615,36.85319020713121,173.93424217497946,1.0179973391445696,0.8486655712853826,0.7719308944350334,0.8142336766055923,2.2957567249466684,THUMBS_DOWN
24.886371330392052,53.36610835004169,28.3023467378969,20.759660573742003,173.0854475615832,1.0334199943595967,0.8559912144879859,0.7731736272686774,0.8063412885492057,2.4022985208535395,THUMBS_DOWN
19.964331286358377,2.748541378713218,22.79596574400961,25.072305350302212,176.22796846188209,1.088062421006318,0.9055748971583786,0.825449590404033,0.8439672454176401,2.4312192078265005,THUMBS_DOWN
11.800169406855934,10.403835414653496,29.78727658507389,45.985936462096,175.5065424772675,1.0646020181376572,0.8662890334336261,0.7761751446275387,0.8067926524913911,2.3902681846527973,THUMBS_DOWN
0.4645346688082908,21.656248935240633,39.25913607540462,54.81238210106708,175.38544308947536,1.063762504927071,0.8659219504302664,0.7999118981119988,0.8304084939805235,2.3423830191459087,THUMBS_DOWN
3.313505708289006,14.42412112662516,29.930832530134023,42.86211751249631,173.73230567549365,1.0753962360546951,0.8869548878689688,0.8243451523939526,0.8556925656784757,2.339670062058322,THUMBS_DOWN
8.863865969618024,9.048131191122764,31.726591059870284,50.7630406071512,174.68233168640765,1.077329236392654,0.8898315876885867,0.819828361031032,0.8479245513554448,2.354320486828782,THUMBS_DOWN
6.787909711928701,15.025220643142031,34.696418048530525,47.26179492299829,176.22165489210911,1.0942367315566315,0.9002637028417753,0.8276662087342718,0.8438600204439255,2.3625877153554122,THUMBS_DOWN
10.174775678601051,7.260091644674219,30.555707259766038,47.91789091263535,174.94785075593023,1.0843173920244442,0.894567202868506,0.82828600952562,0.8540282290840405,2.346568203013806,THUMBS_DOWN
11.751602339549375,2.3850030397610222,20.9956623491007,27.981574362491195,175.5517888895883,1.051114469119423,0.8500806129119591,0.7775423396390684,0.812264648957139,2.30410965501686,THUMBS_DOWN
5.036458426547719,9.89064066431965,24.072024687396247,32.081296416024855,175.90274780444022,1.082226149723771,0.8918527966881743,0.8159992280736535,0.84259942655674,2.3738496687881194,THUMBS_DOWN
11.900329373845898,1.2828708642654354,20.828639388575244,31.42227773190056,176.28679940262518,1.0544872155639502,0.8482541099590538,0.7703876000694853,0.8049830229105881,2.3268278740469563,THUMBS_DOWN
8.525279832405875,4.349441420483269,20.66763789011532,30.05689740530357,175.82672064153445,1.0985084521899666,0.9099876970632046,0.8341501035981524,0.8487689081685131,2.3486028393324516,THUMBS_DOWN
3.3301368870163652,17.388783833192715,32.21717856333628,44.49895468303573,176.4825505065536,1.1136337859904877,0.9264464101296852,0.8398683445814584,0.8621130387882756,2.3825604236370626,THUMBS_DOWN
11.362611315608014,5.718710849011475,26.78493009191921,47.569734786098756,176.68224953155547,1.127767028452603,0.9425433207376908,0.8630074110354523,0.8854008189088751,2.461893532662089,THUMBS_DOWN
11.754709249878106,5.990978959253212,25.496737187236462,36.43831623653741,176.00921778541493,1.113556524519262,0.9259459238929922,0.8556048221157481,0.866493427897097,2.388396225177005,THUMBS_DOWN
9.9627464632632,9.272493440848084,28.62993506784106,41.643510364336585,176.26406827483348,1.0608092410878787,0.8653240807956502,0.788598383907257,0.8218845544013633,2.3433561398337286,THUMBS_DOWN
23.959021096121546,34.88428432315214,35.96250469258264,41.18307979331306,173.4164565999653,1.1218208390629179,1.018203596748903,0.9090419232161979,0.9138565990785135,2.2786223066170366,THUMBS_DOWN
22.735427432484038,38.4298568290519,38.88011575671972,47.54502024688056,169.62652356219814,1.3073077407956553,1.2143240034938316,1.0871925279988248,1.0605917123599689,2.4016236739212626,THUMBS_DOWN
19.394656146575624,35.17681852936856,36.486537667636895,47.47983975375149,170.26890406746483,1.32643512165266,1.2194040968184445,1.0890765297364686,1.0599210867414592,2.404736010148077,THUMBS_DOWN
21.43124638084561,39.01054976348574,40.377891249036274,47.70666010384554,169.0994599659411,1.389827266262726,1.2664189269272015,1.1185286054963288,1.082611876966546,2.355457137629023,THUMBS_DOWN
21.91827500886512,32.497177313799064,29.759709842696257,36.01143677946878,174.6935111707737,0.9821295330603347,0.8679951201250974,0.7407302951202052,0.7453566222466441,2.1465614640644377,THUMBS_DOWN
73.65932569040588,39.63107014024271,32.302493238548635,32.997231333362066,166.45130795225734,0.5328911674541438,0.2246773721977172,0.14740600664288653,0.470774471622895,1.729240992064351,THUMBS_DOWN
34.79373131800921,45.39547848162879,44.13510909584031,53.122627644593734,178.44622192357863,0.584473905031254,0.2951916428379919,0.12552978857965733,0.43423537560544456,2.1619272623994266,THUMBS_DOWN
36.088447245431794,52.181821943316194,55.495997133397836,67.93395987025755,178.46615324941968,0.564485347370706,0.3064161324434309,0.17388871424192273,0.48851740451688025,2.1836169997168597,THUMBS_DOWN
160.52128911206094,142.55163803576892,135.16869550838214,141.26246695178838,176.36360529832515,0.5243095749962132,0.1964601446510987,0.13586117064154185,0.4915180226859763,2.111896099332633,THUMBS_DOWN
142.0995571751715,135.88308501915998,133.21733384026587,132.2766716203192,177.38645337131496,0.5865112043060103,0.24834117120281532,0.15223298914182715,0.4585070920224134,2.0311105641396248,THUMBS_DOWN
141.70703543290946,146.72804145532297,136.26284815264177,130.24015171121818,177.70449605794062,0.6043408815895684,0.2936502768978282,0.1902490124687711,0.47990198879954116,1.9346243737721285,THUMBS_DOWN
75.80854598379814,37.12159268741171,73.32456333259285,60.29254958454892,176.36056732714843,0.5785545154903609,0.30076929322299395,0.27251207049382725,0.5790396386136957,2.0548343476828412,THUMBS_DOWN
175.1865994974328,161.5635593033108,143.93841048723806,141.51891479545856,178.9891733329502,0.705039557752303,0.4138124245196583,0.3234131346680948,0.52853361421226,2.2653182194605446,THUMBS_DOWN
163.36987692636652,173.13295613912425,144.14644686839245,138.64099745878116,175.95778137805328,0.8360049402868376,0.5918334676975916,0.4927015288934837,0.5784679190548083,2.3938472572664766,THUMBS_DOWN
102.02090856401364,130.58140167647863,176.31962112435627,157.69379258167044,175.78941225488182,0.9724245423849386,0.7071903789959285,0.5871082471912354,0.5960061391237225,2.5757297419869207,THUMBS_DOWN
103.19573357590285,132.6020116060225,152.6555977516915,152.94624103952933,173.59883585417268,1.0025804651187522,0.7583866797981776,0.6399912557062026,0.6870105012498169,2.3481695608821216,THUMBS_DOWN
67.93076618491563,112.22446449367881,129.67839704110898,126.26455768971591,172.60718819330128,1.0973446044857391,0.8854657646961905,0.7739398817094545,0.7840534362939034,2.435237216520488,THUMBS_DOWN
51.49486563774901,97.00160161493223,113.00980329708382,114.18965538289534,175.52715603378263,1.1271559834005505,0.9374039775384093,0.8281233999032954,0.8232921171618274,2.459857974704378,THUMBS_DOWN
33.91363568049016,77.04110459803266,90.52272808458356,91.33272202000893,172.22314245167405,1.1700374924351344,0.9763000579273512,0.874472956132705,0.8660691476189646,2.458261003609622,THUMBS_DOWN
36.55671500422611,72.37489247111279,83.82328557681275,91.51404373704156,173.9433606130487,1.202280272805091,1.011385332144828,0.9149472626165851,0.882130084894367,2.521874634876373,THUMBS_DOWN
13.847174185388146,39.40748076378785,57.01313252508515,69.69754206142149,172.89047849999923,1.187270376099809,0.9976813622249282,0.8955296629302173,0.8922497542468134,2.4595388595549905,THUMBS_DOWN
69.02743412029126,109.32426585458055,116.17557184826393,113.96028467736254,174.35208958798557,1.0861845137145418,0.8918100254111494,0.7679065643219413,0.7791671408823894,2.480401368255239,THUMBS_DOWN
140.3171445428493,178.72618263637068,153.0645937552866,143.12665111233923,176.3356899485806,0.7871596350976892,0.5248720388319554,0.424394677416908,0.5355913185922859,2.3616719796578036,THUMBS_DOWN
166.75302680794056,173.74315557577228,152.21825753315457,146.67850933756182,178.48425957239465,0.670793883470728,0.405261189937944,0.2737079358440363,0.4926219536765393,2.24273643392491,THUMBS_DOWN
168.67904579708096,172.21449775571622,158.00005364473967,148.0615104681232,177.89472444977682,0.6044110030092341,0.31645378715679023,0.2019918291907197,0.4951229283437307,2.0961673228127764,THUMBS_DOWN
167.8847709250786,157.0006942024762,145.35389445093782,144.20602541724708,177.1225216639116,0.5813486900585673,0.3116797057135286,0.22087816214773837,0.521992124125827,1.9303111029571511,THUMBS_DOWN
167.78465916910847,88.160892671364,80.91348868945117,105.81560693023145,175.76510399579828,0.5557452330313079,0.2643528062569393,0.11115363039130287,0.45420377608115786,1.9020987608869149,THUMBS_DOWN
29.633418074452504,46.90324423892432,49.156795196122516,66.6793286425025,176.44332068245274,0.5707258406198377,0.3017443624348317,0.15110383952704898,0.4510218255922586,1.9330554910642412,THUMBS_DOWN
59.6570406968668,54.61898909849577,49.15657306000409,59.10606878511756,175.7964582423733,0.5936845083145901,0.3148048760556807,0.05134217420417894,0.4067334210822882,1.9797189342582493,THUMBS_DOWN
12.750093023415383,41.55424094289896,38.28625523280385,51.744525881885515,172.33778684003212,0.5874995123290484,0.3465997396489622,0.07441444358439223,0.4129318720285433,2.099869483713723,THUMBS_DOWN
13.587654651318537,40.87562762838452,42.37110184714408,53.23438326562984,168.95778242180083,0.5706629344952864,0.3204503395628533,0.126604114471144,0.4427442895336613,2.143563559932181,THUMBS_DOWN
34.71128788339943,46.50962037983846,44.94094591580325,54.781320129598434,170.3165482117089,0.6335682755852818,0.3857212143422991,0.1951737447175191,0.4313651673837145,2.1209526640025302,THUMBS_DOWN
24.174565972987235,47.52670368953917,53.23864401728841,65.48489013601565,167.994782633279,0.5841127836091264,0.342687262401207,0.21304959133929785,0.46020473249469984,2.054783380535003,THUMBS_DOWN
146.48190133789194,147.72756197789997,146.23489063249698,156.37371452830888,178.22248824892245,0.6045753900315851,0.23672339131099393,0.06491034808120329,0.40072305545719844,1.9632746311596225,THUMBS_DOWN
141.35103227253433,81.01010963844298,78.46716571836234,96.51332973543585,178.6425518177149,0.6397075696880136,0.34693657423680524,0.17587494486734245,0.4213794156375623,1.9532416198809825,THUMBS_DOWN
175.47899519545,168.65659700164775,155.5332044228551,144.930559592243,177.01916935333156,0.601087857566899,0.2985943053991958,0.20269973060076604,0.503339674674851,2.0808687312543808,THUMBS_DOWN
173.59194149749703,162.014032023276,147.39751384046286,132.3651346499431,177.97770999417907,0.5699963582030623,0.28976175884069844,0.2286198619294636,0.5393033988369416,1.988778741469571,THUMBS_DOWN
167.11294122656045,160.11234949004466,146.07922697436413,142.14509792668977,178.46103057702788,0.6130369349924494,0.368333200685537,0.2746084968114291,0.5421369599995424,2.1384325259609485,THUMBS_DOWN
164.27558424347805,165.56982979995027,149.19004853589607,142.6488745087117,179.16117825915507,0.6048758679658026,0.34463837041317447,0.2383963699726899,0.5259131281726638,2.0759818180417455,THUMBS_DOWN
145.58496271971137,165.71727303554343,146.17691608196944,145.3489230638559,177.2989927207884,0.6433829012270276,0.41760173631701664,0.2988775715986267,0.5369767701635251,2.258015268236204,THUMBS_DOWN
153.67948612542008,174.1158383793061,152.75270258329542,152.0063845503781,177.5248780139856,0.7553481894385505,0.5060292938068905,0.39359984522830715,0.5211030790731473,2.2106699701013155,THUMBS_DOWN
128.143999634923,161.08196838030906,161.115166492759,150.3569400962334,173.20759956741247,0.8715160728750911,0.5967283947540432,0.42314480527794396,0.48021429379052033,2.5014673655835646,THUMBS_DOWN
127.19323473810022,151.8318249566002,175.0704500379869,155.1999180436397,172.59399659823148,0.9128290935216085,0.6494445540868965,0.47307859934772956,0.5081957371563207,2.5185634028293915,THUMBS_DOWN
100.30565748844346,118.3985202125192,144.1843916153203,173.05869871092193,175.00628197831367,1.0366503800805504,0.7879104552201862,0.62964631235504,0.6048160211273946,2.542394336221322,THUMBS_DOWN
85.17955594920421,106.61378885545075,121.782728654409,145.80045560264364,175.2037741755294,1.1304707068259443,0.8921703504085194,0.7399970849741776,0.6830789194301947,2.5508624012004524,THUMBS_DOWN
64.70735647708014,83.41841451057302,102.7548261354676,120.80040213691375,172.16171603649403,1.243827319334313,0.9704128062871084,0.8046782473218619,0.7377705570897716,2.6675326347394566,THUMBS_DOWN
45.78128664568199,64.15905193109224,81.5275553597001,101.63524863206092,169.0280629120322,1.3052724918808576,1.0527414339803856,0.8996597453463775,0.8115260488347238,2.6732551245981693,THUMBS_DOWN
41.795341452599274,60.15074745044344,72.79003885223658,85.10314984845984,168.57315473235064,1.3775866824628484,1.1485098072857363,0.9793314877547219,0.8963791615970291,2.722381254278504,THUMBS_DOWN
35.74070358449953,56.316717458992265,65.97175044638418,78.94486512230445,167.22988587541374,1.4132287539043935,1.1722898205479315,1.0141904963334367,0.930480603922898,2.7345890257995675,THUMBS_DOWN
31.32519228551027,54.85724895757632,60.637687180301924,76.06418548171087,168.92349439738214,1.3692161626196382,1.1286593972060703,0.9723338958503469,0.9038076047239786,2.6555108665614533,THUMBS_DOWN
30.8404730283241,56.327286152578594,64.07544828305167,74.44439562831684,166.2868330572159,1.3664361937610472,1.1257088652395166,0.9571308466760164,0.9017208649357109,2.636800689148953,THUMBS_DOWN
35.48015507115186,64.87822724236982,76.08631240038206,77.05321594279003,167.66616036041893,1.2887288893264328,1.0326621737895574,0.9063122985517246,0.8755812462480448,2.568451789434592,THUMBS_DOWN
18.059709132008226,35.908127306988646,50.42913663965263,53.9622360828451,167.73443064157524,1.1859168763213654,0.9923807750502148,0.881366494706807,0.8680839154417028,2.4067529775633623,THUMBS_DOWN
10.39526724886621,35.586270049445325,50.761480056983224,64.73147620406857,166.87154181746504,1.215243234485166,0.9986977831656939,0.8927820706312878,0.8866571932869062,2.422146380098658,THUMBS_DOWN
45.039998352134944,98.58184857029424,111.43378695083751,117.7351785452703,167.8520583049143,1.1874424809867303,0.955574542753869,0.8307163444670599,0.7792652705716732,2.5153283715790704,THUMBS_DOWN
74.94535562291391,111.6496789064422,127.08252335976663,136.88884761119047,170.7969883351873,1.1256733569220738,0.8997878260707657,0.756689601742654,0.7268541341557948,2.4557838147984983,THUMBS_DOWN
71.47906553363788,100.28367674729547,111.50999028563925,126.29254266599035,171.36862252647222,1.1316915730196466,0.8778703132036937,0.7313046287693175,0.6997872189631268,2.5030035948315223,THUMBS_DOWN
100.44329460810941,118.81377882915065,147.61309110035347,171.6758804660738,170.71530138959824,1.028488633036429,0.7929363415112267,0.6380982838289528,0.612628543181235,2.4359571307262855,THUMBS_DOWN
104.88334039728373,120.75970096436747,155.86854222059594,176.31198843037743,171.58758889119477,1.0826673285649584,0.851823288977027,0.6767890852307462,0.6181824732071987,2.753591961863109,THUMBS_DOWN
98.9571635823526,121.66767161015689,160.13399047608263,168.36375741426997,173.54947691601117,0.99822297969572,0.7499493042958847,0.5973175225839985,0.5709712517239954,2.4328345624548087,THUMBS_DOWN
124.09892731009653,140.99556266337922,170.2505826525097,171.61219976081415,172.68674140917074,0.9584958332668799,0.7135151332623385,0.5723305767743571,0.6026830451612457,2.3840312793937795,THUMBS_DOWN
125.37772719140723,148.828223418691,178.23515030190487,162.11260375461853,174.21142266508215,0.9647643955703588,0.7239210511019755,0.5712125305431075,0.5766761628857682,2.459780115861134,THUMBS_DOWN
114.45441448077445,131.54439952101376,165.1588940738164,168.42746330666733,172.21612310086834,0.9459773542300601,0.6999109987783579,0.5514856672814561,0.5614817180266928,2.527102837336222,THUMBS_DOWN
126.14400769146951,146.06098596143167,176.85049671269735,157.68970272205206,174.03612080620357,0.9440358503869543,0.6945430698205933,0.556834661087144,0.5739047657887653,2.37589622259012,THUMBS_DOWN
134.12041075042848,162.48522208367336,164.94594859666532,149.55326830121638,175.16207826678436,0.9127690209581026,0.6825919155411252,0.5381374772353897,0.5728598306469911,2.465406733353688,THUMBS_DOWN
131.84477581546207,153.898196856747,164.22718526220336,146.31324230563584,172.41839664806474,0.9486352460578261,0.7022080476013368,0.5618088565565329,0.5734596235752463,2.6016199103430457,THUMBS_DOWN
148.8265172265757,170.89524333330147,155.4646552650686,148.1487584980485,173.82666750246415,0.8011587960259479,0.5353815604344009,0.4250820460792369,0.5210243197317487,2.2968065828044155,THUMBS_DOWN
173.0447901166075,171.29484739385714,149.3778750138322,141.16359576813085,175.38980674998467,0.7225005109873612,0.466914114691486,0.4306725715124695,0.5719360285177841,2.144339111494861,THUMBS_DOWN
150.61193170767842,167.3724776242098,145.03597757412246,141.57569947544798,173.81477569531077,0.7154448320119332,0.4855877227687203,0.3526813615079137,0.533250617328505,2.4205281347785013,THUMBS_DOWN
153.9345753528463,158.83158755264037,142.82883904290352,143.30136648947297,174.31760775906997,0.697386387405836,0.46851855520622443,0.32775561086725924,0.5183556554044817,2.3380925018261745,THUMBS_DOWN
170.03110532114022,160.7124423803835,144.61607062915817,144.24078413672714,175.3455135170052,0.7079887146927722,0.4630209225624905,0.36330745272480225,0.5394909272119061,2.101339892801692,THUMBS_DOWN
138.84684830623019,176.74962628936157,149.56512415059004,144.12815802634879,173.64993783014754,0.7235057857971567,0.5011343964636465,0.33771008470802466,0.520940191082597,2.5379957608076107,THUMBS_DOWN
162.2773213083568,157.16169025286231,135.13734540893435,134.81868331338805,175.02320634615722,0.6898069515355525,0.4229300131810187,0.33594759465211776,0.5212538747664601,2.1082411176051723,THUMBS_DOWN
141.53761982356573,177.93147437419685,150.2535690633412,140.34744739497742,173.9645108567944,0.778005145732094,0.5514805746427807,0.3978141679110832,0.5146667527792779,2.445725677197775,THUMBS_DOWN
154.96688762563474,179.87524698048338,147.16362066005965,140.54973539454556,177.3880984432168,0.7356070123565805,0.5013488344480398,0.4152462043175453,0.5514838238736116,2.216951138375447,THUMBS_DOWN
151.24263262837675,172.61352085494573,148.16816805459146,139.33920370382734,172.9090044205367,0.7595616505538663,0.5229234012477085,0.3801164425869957,0.4994354857353151,2.3441855769337496,THUMBS_DOWN
153.10084410919833,160.85360958624386,141.0937666539647,139.77981757902725,174.03876374908663,0.7324931402519111,0.4830950599749689,0.36862192324267207,0.5184314219967472,2.125790986615532,THUMBS_DOWN
151.8389712703685,169.56306935583174,140.46365370884956,134.42143390805148,174.6352148317495,0.7097869662679105,0.4442439310793469,0.39194088324012577,0.5656106958894979,2.200297079212768,THUMBS_DOWN
160.0520754737428,162.84461406011263,142.30054580345677,134.89661605615092,176.61009145984335,0.7392192361375557,0.4959984305856889,0.4341447405067181,0.5949045422597616,2.3540288886053986,THUMBS_DOWN
159.4351943435848,160.82724754569168,146.67875462872695,145.73676837635708,176.33080652606213,0.706194341750638,0.48761040945608297,0.384062418036985,0.5751702793003812,2.150321063311209,THUMBS_DOWN
161.91664703642283,167.76785745578357,142.81599943808877,138.38891036336162,176.98452808404792,0.7174789720657822,0.5031324841270636,0.4637576676018954,0.6214198391293274,2.1364038682842,THUMBS_DOWN
135.18393756393885,169.42171901605715,154.60792555333805,147.43905487457107,174.80440511994777,0.7911861247073395,0.5736383549169293,0.4669618223184901,0.6048260689414349,2.3824679902183026,THUMBS_DOWN
109.8095589022296,152.1781526760016,174.7644715296435,158.16044610625963,171.93219763219483,1.0100972058523754,0.8059359451666916,0.6815753263289934,0.7144627418519147,2.476086643561693,THUMBS_DOWN
101.16284683535405,146.90883348302043,172.53673284160678,174.30170678445978,169.22322713553004,1.0158640878981742,0.8284049272870043,0.7440446283146133,0.7815269309149666,2.374737188806235,THUMBS_DOWN
71.12513834892007,129.46945508627664,161.51207309574949,179.36302405102444,170.83223873294892,1.1110477529231713,0.9109537279161206,0.7935944218234515,0.7817241020423126,2.5914758496644246,THUMBS_DOWN
96.03027826220949,151.65588839190283,173.7643550199204,167.24652150801427,170.68201078928604,1.0225715452963275,0.823312391352306,0.7575353767265363,0.7928732670316413,2.359203566054848,THUMBS_DOWN
86.4807243452739,156.7649302176912,172.3839814406226,163.60833427308168,170.43915809247173,0.9668076955329891,0.7975698462599725,0.7631480133894145,0.8397737819948842,2.246274027739986,THUMBS_DOWN
128.33754242275128,177.61414175886134,166.07254884656015,163.31487429187285,171.14982549758741,0.9376858791614355,0.7880991031531196,0.7693903933442524,0.8801186874937257,2.163699193436047,THUMBS_DOWN
141.12500624072388,178.9402925054584,153.52114174463952,143.37430132064492,171.7115908365626,0.9583328638618055,0.789024104353528,0.7099791686087701,0.7819956921186636,2.4603688689122016,THUMBS_DOWN
139.20691590276698,169.11962538272593,155.4048133968289,152.15918073902284,170.47849681758893,0.9535487973486867,0.8074989925363673,0.7754042289999885,0.8489589149957284,2.463238027080584,THUMBS_DOWN
126.26898354873286,175.83612763857505,158.7728242632208,151.63764324589567,170.73626216869835,0.935480066935197,0.7741964141880356,0.7191445500284502,0.7982324791709554,2.366181465804452,THUMBS_DOWN
156.8847524857382,174.66776935352408,148.4558669243588,146.22231242055878,174.91737670889287,0.8587100722027178,0.6849540924415162,0.6582357558982611,0.7670411754941866,2.2349937501560295,THUMBS_DOWN
166.6325599109964,166.42176710476483,149.4470802244645,146.76142440986015,172.92563576223623,0.9570187197861377,0.7669418778468245,0.6687281904087593,0.7529456304679886,2.361060950089782,THUMBS_DOWN
169.95905837361104,166.79027112618203,146.42062770968442,142.7198012468582,173.24666273213634,0.6711867566653117,0.4605999599733399,0.468691439208103,0.6502389340137155,2.037826424949529,THUMBS_DOWN
168.1950762765774,121.1304326058758,118.7795793846783,118.25611409928054,177.3689138982092,0.561900466171121,0.3444085555558834,0.28423483568593644,0.5622744051480905,1.815561169095241,THUMBS_DOWN
73.03165055371919,70.8263752572867,69.01733785150937,80.13463189470646,176.24034454548587,0.5088724997380981,0.2487263732541262,0.16304044835659007,0.5134463755539569,2.0029868996684015,THUMBS_DOWN
131.94217836487593,90.1717712548133,96.31186904482391,106.1270873057796,176.18442560861695,0.4820285549064921,0.24405370087701816,0.26700248755688755,0.5839305639126635,1.9469785512635076,THUMBS_DOWN
143.5845616877939,114.71867706034983,113.80141707897222,118.46017693282272,176.62337554759017,0.45267666995123496,0.24606700088640365,0.2526875880526065,0.6075895583795106,1.8661811373647776,THUMBS_DOWN
147.65163348661147,33.168624395906974,39.045480011391575,94.3206444229245,178.27483611888158,0.5449781123936033,0.2605823172148151,0.2009882701466397,0.4727623755514309,1.909392500257173,THUMBS_DOWN
41.58180920216736,44.244863178866225,42.354114633250546,67.44284382141244,176.8782683486691,0.5159420161110166,0.21882985204672384,0.21668955519721567,0.49492776126610044,1.8705650774933793,THUMBS_DOWN
64.97902702360574,55.26139274577604,63.608693799032444,72.51957425719954,177.3880310509767,0.5325196950571036,0.21074342127022885,0.1507591855486193,0.47605445929966805,1.8527648916271175,THUMBS_DOWN
81.20206645074917,62.49649178915948,61.803059739323785,77.18404815815836,177.2759671800338,0.5503481282913828,0.24023003408830929,0.11802428866802915,0.45072050214101467,1.8942042932749952,THUMBS_DOWN
45.76478872768972,41.75352746785269,46.09142269018188,69.04646467717403,176.50467117073538,0.5433561974484757,0.20350071110565807,0.21485657798189614,0.4754403096091683,1.7584995181700025,THUMBS_DOWN
71.58790761232727,58.67524425011195,59.042757709280046,75.67055580419297,176.1841708280034,0.5486908831911621,0.26028200240785915,0.11175982616269274,0.4536436429267735,1.9120548386201728,THUMBS_DOWN
145.83482686491513,79.48823435990725,77.24080051838129,91.04491765178291,176.25117114032355,0.5280771169939634,0.22232352563909236,0.12387458057377361,0.47223896644302893,1.9913921071264837,THUMBS_DOWN
170.3062957705792,96.78236278584191,102.05102776050089,117.37386568454389,178.7111988459904,0.5448995911587842,0.2897526348192601,0.14780903220122407,0.48516930795082847,1.9860347994670644,THUMBS_DOWN
116.89911762046923,145.36951890430475,170.04965337673812,142.42850323314082,174.32483823057171,0.8761645917313614,0.6425304506226431,0.5371291678086559,0.6051167497164857,2.2713686169026706,THUMBS_DOWN
47.96791993076252,74.6851884078239,102.01554292776105,124.33545902047565,172.7673067016936,1.2185388921038882,0.9897356915617085,0.8440185051988849,0.784171232797538,2.592218252622638,THUMBS_DOWN
28.114159148462285,68.32535701488887,86.56904401930936,89.95719985275403,173.4304436613416,1.2293058531622723,1.0342579231102178,0.8930783967600641,0.8608085979804081,2.4802268747432126,THUMBS_DOWN
56.996016084143854,105.06779105225158,121.5107101678566,125.2356936053715,173.63574389275854,1.073704105335656,0.828853394236105,0.7061727888208483,0.6880658313108945,2.3168026814150964,THUMBS_DOWN
79.30896860996275,116.28594394093535,132.86941315990902,150.29615669124192,173.59097879212277,1.0111917436755635,0.8001764723968472,0.6874872787917304,0.6876237825698931,2.3337121704140436,THUMBS_DOWN
94.78607447515509,126.72741744727952,149.8186398152628,170.1727143461824,172.13255671459086,0.9997525477138595,0.7381561005192705,0.6134673190406108,0.6069838479339985,2.394463926463511,THUMBS_DOWN
131.79244699072726,156.76333547717454,177.39405946682533,158.59989243152486,170.7892415920527,0.8442494087150741,0.6098690534999432,0.5203622928379681,0.5821846028171147,2.2985367981844615,THUMBS_DOWN
171.90886830159081,120.44655738738473,112.915776733713,126.39068556939456,175.64647504472075,0.5397556763590047,0.30412583328272136,0.23056493154431146,0.5238670910637265,1.944110866203264,THUMBS_DOWN
3.5968011934573894,26.92212873364679,34.875564916399284,51.72473502054607,170.77791346083112,0.7049305999764129,0.4517980427095749,0.2925260084799437,0.4770095720169165,2.0582710862968803,THUMBS_DOWN
14.549350063521468,28.591477508953318,34.57715183764654,54.82492391499265,162.8612548693515,0.8132647735933408,0.5974570222265071,0.5688651773088717,0.7172953151518369,2.1740089517010532,THUMBS_DOWN
11.988999006101144,23.963211874713654,30.9811548523149,49.71450498784879,173.35151560003342,0.9276354674379454,0.8059169693530536,0.7125060411791884,0.8037525907415118,2.5371755482349156,THUMBS_DOWN
5.586583046046079,19.359399246553426,21.705434617293122,26.397617720445737,170.66174679820259,0.6269153886479766,0.41894190894173133,0.3759496394689825,0.5775860768117459,1.9012785239753205,THUMBS_DOWN
138.71052984787346,115.27617030731817,114.9979864973491,108.9456770278737,178.65930235028986,0.6123786996167153,0.33824095486344746,0.3253398118140808,0.5683080956489158,1.8810771347882531,THUMBS_DOWN
156.2727261900839,125.44362269107512,122.3672618860005,129.17870536248526,177.69523152066208,0.6101399848682261,0.34878422851828256,0.22494239980945024,0.506509244295204,2.0268587704352843,THUMBS_DOWN
177.45795866219572,177.84248637522998,11.63261805227682,33.547994721491854,169.24348243399314,1.5971517053667759,1.6220012215543997,0.7564485139205948,0.7150968751824379,1.4772861901087153,GUN
179.02202558398844,179.14862323609483,6.622299094448404,18.11728519091319,168.29906907553112,1.4926998417406814,1.5334481359953138,0.7017824838423393,0.6677195467850674,1.3937110937542228,GUN
178.74235031774776,178.46329427125715,16.681954008885874,28.57897027704886,167.50657701619778,1.4985570407396582,1.5232992024641558,0.7007060066615233,0.6639784166761359,1.426954387674145,GUN
178.65546158427546,179.2146647428032,18.80623644212127,36.34605183661344,167.775263400443,1.5080823315959757,1.526214301926037,0.6950824806943598,0.6303244683613726,1.4009658996784269,GUN
179.5257983726993,179.10500032478933,12.19046507578958,30.259015271034517,168.61136758555517,1.5448993507097333,1.5660257243942854,0.7209906936927524,0.6431508504705948,1.3967513338771183,GUN
179.24674660118586,178.16021005158183,16.07164552049717,0.7032253707099602,162.7916443919989,1.4467840035116382,1.4891036059434548,0.639992589826003,0.5733814057728993,1.218558298872384,GUN
175.5416258767988,176.6371422200771,37.097689471866275,49.60184523721407,163.74531888329525,1.543581475655873,1.5816029418037199,0.7482352326857733,0.7391450948180232,1.1835747600559976,GUN
177.1335272681541,179.9234021121883,36.75067009385987,28.482610842616573,157.45340538444142,1.617346540571596,1.7058837431830396,0.8029161732935732,0.7263285442910706,1.1110353967540487,GUN
178.34020153463717,179.44865051695254,32.74400463026291,21.76673108310557,155.96060241050415,1.5716150240880122,1.656716344877267,0.7426036332253826,0.6771727757633684,1.0381520023542072,GUN
179.11040892756046,175.05512443873857,41.47135878050946,36.08799220067734,154.120589388613,1.5026995114072437,1.58301181711924,0.6903898139692477,0.635978398832335,0.9376866170868322,GUN
178.9379068838895,175.83580711353298,42.81153192465131,37.85529097547072,156.32385062738442,1.5048253315532083,1.5891334209865022,0.6903621315526847,0.6436864694282843,0.9388473914559105,GUN
179.6222572343575,174.8375658042346,47.14206888391982,40.33043222984321,156.83991140480398,1.505937530083481,1.5915972989534457,0.6878708260801988,0.6419355330673325,0.9433116288015828,GUN
177.43072056523616,178.79109989317632,30.123423602848163,10.404836587074877,168.93473537767804,1.4780410870788396,1.4750290356079074,0.6548470970277865,0.5885247375111392,1.1694977946532383,GUN
178.23663689734875,178.98983564110654,10.88598471132545,2.5948927129607435,163.74036787541593,1.3977744992811518,1.3808607828447923,0.6052868957025807,0.534874022660792,1.1925378311316674,GUN
177.35220356294124,179.70050721195486,18.438836550333775,40.55330034504744,167.16909457841348,1.5424750613523788,1.5569963821714903,0.7102951088092263,0.6473469645065834,1.461812253396296,GUN
179.32886100054077,179.24758654357328,16.265678672985516,31.937163174360865,165.01462656087736,1.51823764927355,1.5328716831832714,0.7171866870925705,0.6482637240039044,1.3823246742704614,GUN
177.50734768820075,179.37171287242418,6.726360513636249,4.728579597428892,162.89654089643278,1.384288896484168,1.3894211563448853,0.6434327552436976,0.5913335223599977,1.2356864928946787,GUN
179.7688016357459,177.03187115788992,15.402439435663377,6.697330918574313,169.77345820449025,1.4502888197358124,1.4744344347424931,0.7125837784847884,0.6406659537186785,0.9245443442379528,GUN
175.91791169732244,174.2289484635278,19.68902326151272,1.8288367713917832,161.1086899162358,1.3927700785529777,1.3909035704314863,0.630634748661148,0.5798351295660734,1.2596584367186325,GUN
178.10595897719296,176.6617986000912,29.298490699183823,4.7907198311053545,163.26796897414323,1.382868210040862,1.3876105573066668,0.625340017155125,0.572266579558744,1.0033424671440225,GUN
176.6641703531875,175.82342213301695,18.329376188776713,9.353312497694843,167.91429660318252,1.32836486585878,1.306217123918653,0.597165244308487,0.5420330727949912,0.8058306268101653,GUN
176.95247157152534,175.59220148207973,12.736574038711364,23.681649025035657,178.3570881926616,1.3442910260367193,1.3102794721204851,0.6200858570733346,0.5705723229367935,0.8368879897539376,GUN
177.1682703081747,175.20415323196897,12.341660770259363,30.387398180775595,151.26701423747033,1.321044703263794,1.2632687901449107,0.6134002100407192,0.5729920236841427,0.7470669944792335,GUN
176.02053840280567,170.82301366892318,7.573414254730089,32.369972210845816,159.42668307609603,1.3267508927350034,1.3010393803452898,0.6074086688297506,0.5804765986618278,1.318881353339765,GUN
178.51114552869402,174.6694815799339,15.754949400320648,18.657659723244336,165.20766160927798,1.3602955684541198,1.3555267305534895,0.6142199784908332,0.5684491697825931,1.2730739054562588,GUN
179.07982074719544,179.77657568637667,11.82708921389848,16.019723165458448,165.6684653497439,1.3695606372738833,1.3610237974611594,0.5980065386155492,0.5737759727448017,1.3004480919263457,GUN
177.56136838664514,179.4630477397706,14.204001463490915,5.63554591095639,165.49323899299142,1.3924497144226102,1.400561296907869,0.6224911206118953,0.5825774427757932,1.2736872164900923,GUN
178.50657058661372,179.38129479537318,15.489887531359672,1.849877855499539,165.69428470670232,1.4115675861631984,1.4185434654190874,0.6217464187034598,0.5795533494066731,1.268951838819593,GUN
179.93886673712638,178.63349583177026,11.658387409759593,3.3192067411804507,165.23045843881118,1.4615496171729008,1.4816560778238828,0.6774828105702896,0.6119288842446565,1.2597820006242466,GUN
177.02092478489146,179.6653863828081,4.927037236538003,11.165001629614064,175.9830034370624,1.502466985459578,1.5344637637799532,0.7211957148856745,0.6341522814747748,1.1755350827627131,GUN
175.62389238878615,179.11259826372216,1.8341847589245963,19.644220911793596,167.4570529793494,1.523669371988815,1.5490247903560084,0.7054582072297517,0.6360812936342973,1.340450336986514,GUN
177.47361375161702,178.51890500260436,2.771514368358809,22.723598972503662,170.48152107052863,1.4880476232116688,1.48389508430834,0.6852813376760356,0.5988349030581515,1.2519686961004923,GUN
172.40196783321747,178.8353741425024,6.439554797016779,29.58660206175387,163.43272972460792,1.5129125521344413,1.5395838827906485,0.7043645323773915,0.6180317582340342,1.326451829402468,GUN
176.33602943808933,178.43241575355881,17.932972390098676,42.65672351274107,166.75283249492094,1.5212485099277033,1.510444207082871,0.7015373130229435,0.6083719053084947,1.4376021572745432,GUN
171.8151083766743,177.78693184760178,31.625366693613657,68.75143545012213,169.08104911193556,1.4949462884126814,1.4732669782799104,0.6726170236771596,0.5766960021141574,1.435867323242011,GUN
172.0445651070063,178.11800086699097,60.58384387785911,97.1035666472093,168.55774978691193,1.5237848601774062,1.479329601011193,0.7047298130085156,0.567222057897829,1.5347089384730206,GUN
168.9023799391189,179.76609993448787,71.94352009843386,107.38718405442039,168.87266118271634,1.6790831505134411,1.616806083014709,0.8790437079096437,0.7151576819588243,1.8425528510322688,GUN
167.8883953974546,179.84227660747462,77.11345527124506,105.73987352010036,173.72257001868533,1.7503251584149135,1.6722968519428991,0.9921657159207755,0.7960037369303833,1.902150905800635,GUN
171.5606588039627,177.83706073123233,57.94450474431697,89.02163769190338,172.46551056679067,1.5863746387570918,1.527640880605774,0.7582282753960002,0.6482933279016586,1.6066978489788435,GUN
177.40440319251036,179.27539428123242,1.6493045864526716,18.48392771331044,165.05537807744247,1.4083842883119164,1.3966138940090085,0.6028940954700712,0.5353218679849572,1.2968379251781943,GUN
175.46257607749794,179.26681827356376,3.8309965240328108,15.742559906503,164.3293592475065,1.4360896221447759,1.430733310446903,0.6264137769271663,0.5539553507594652,1.3200830839015751,GUN
175.37589612744114,177.8178903737068,1.9180901455156976,14.758797678294094,162.63949032241342,1.44956870760239,1.44973558698668,0.6333834620061326,0.5637226228020874,1.329725496103133,GUN
176.65665990033304,179.7065799384811,35.24212703227771,18.812618958128915,160.9370048679492,1.39164327449686,1.4379146957644873,0.5961959400158594,0.5277144866645662,1.2746583321647111,GUN
176.92638137251066,179.68213726040273,33.31877925270134,18.924451453571496,162.88588859889387,1.3677227739214108,1.3934892469544888,0.5652832631128112,0.4975560511357155,1.2439975719906304,GUN
179.63732585890574,179.81828230985812,33.86950904886793,21.729991357726757,163.66733428743134,1.3504276227604535,1.363464600390028,0.5454732926895949,0.47894414766924687,1.1948382932758541,GUN
179.87511938279997,177.46579276838847,41.846030763273454,26.269916359049944,163.53149330992693,1.3225660264954955,1.3318100402113326,0.5185244793131912,0.4549391138721652,1.1698109379992905,GUN
179.24727647865973,176.48625246938533,45.405485588419936,30.654471313314733,162.53664795276038,1.3299835386297507,1.332062668768593,0.522514551511012,0.4646541287621986,1.1575500084037007,GUN
179.14613840442263,178.4338402694657,48.39306516055669,34.89625640432937,160.83638372932896,1.3201338710448607,1.328285984033341,0.5234236752819327,0.4591598353929298,1.0935613322908313,GUN
178.99170504324175,177.065937472221,49.33376958428187,34.103316531873844,163.8163795631995,1.2997859603578013,1.3055990409738683,0.5147884930232577,0.45285247400031065,1.0955205810997737,GUN
179.16147211876762,179.03381013295453,42.926324811874764,28.070065791916377,164.00542606433223,1.3110719299820686,1.3203383532854263,0.5273998623989478,0.46041779247709974,1.1408278991897378,GUN
178.11371692199154,179.98978614674297,41.78759097044046,26.52742689911392,160.58117730262546,1.30189107275123,1.3038656067647842,0.5193951950180189,0.4590454487064641,1.1582605277311018,GUN
177.8255612255121,179.9797826250433,49.90299002047114,35.87160519968673,159.63301687180808,1.2795008068710563,1.2649471888833907,0.5013598954202958,0.43779980031333743,1.121061930601783,GUN
176.63709118911206,175.12848669437594,43.885457460655466,30.906733052964594,158.8933075722295,1.244912395098184,1.227635456850265,0.47755756225228324,0.41566620395516524,1.1132009809311443,GUN
174.91370103546205,170.3975223447562,50.55875913880367,35.37463882383163,163.53841596518407,1.2494004260058438,1.2320147360473468,0.4666335903312095,0.3935929655292055,1.0064327048649926,GUN
173.6405501453347,173.5704019247167,54.032360976437985,40.38331090192914,176.1106393324931,1.2287958844004283,1.2237997273063135,0.4778311975764266,0.4183193928239264,0.8256523156955617,GUN
177.37962550217495,177.66965768668123,54.54186238367857,31.498561029560523,178.4533019716424,1.251004358745875,1.226329389516584,0.5018461982139485,0.43934596609205806,0.8503877608024617,GUN
171.70960584599402,169.8364016731973,66.62928632237725,82.03696239808373,162.3439134023163,1.2065422454957455,1.1257916140214976,0.5283980631294439,0.5282737130597311,0.7643845506571473,GUN
173.5071754794185,173.67155400630733,54.11168168411685,40.546776801875104,162.28610107416915,1.2599834095602687,1.1980775517967117,0.5656789515717398,0.5433581124098256,0.7290683588404061,GUN
178.01232237406532,176.97929569783847,34.43305044721193,7.479847149109432,163.9572710178054,1.2764202921436938,1.2432595719382882,0.5354392417515311,0.4836653440217306,0.8677289715922849,GUN
178.58250053298255,177.09780298787618,29.069191374692075,9.446469541976898,164.8067184827954,1.3222416760702687,1.3174522542769806,0.5433846905662487,0.4913495511220265,1.220716030500006,GUN
177.04445137284895,179.88161824043536,45.11730666150064,26.716648660704404,160.3285517516178,1.357828440688781,1.3714751506431084,0.5615686710216815,0.5081577418371866,1.2066194448082965,GUN
179.44877674780582,179.00505970866007,31.633916666440616,17.542735116326455,164.00291119024735,1.3756847187258125,1.3948214835139938,0.5736093936320971,0.5143394668362903,1.217588232368545,GUN
178.47697920006217,179.97788462346574,41.43481497150953,24.220007746175458,162.9280610675966,1.3749062192524781,1.3960291398440252,0.577230138218751,0.5115250858980026,1.2013363578809755,GUN
178.17478402492267,179.0671636532428,39.43307210612905,23.30797451820332,162.1676114005724,1.3736275331510466,1.391884030028475,0.5755704980420716,0.5185172576845725,1.1975218510444794,GUN
178.14205829976368,179.4562649190335,38.94141648545694,23.45282628588258,163.70715191882226,1.3612606337656832,1.3823421635189403,0.566385657464895,0.5063517208771939,1.2170685941833495,GUN
177.2855551838105,178.57482955006554,41.600563890454985,21.734788847349424,161.75308277951183,1.3991582493002668,1.432662513065309,0.5944202109977688,0.5445804608321658,1.2351942350967486,GUN
177.75288592050128,179.23101742179264,39.45576842608713,18.697352902667287,162.51014811791174,1.4143505537661065,1.4373855638587971,0.6038057487542271,0.5502893289044185,1.264181361418814,GUN
178.1744955321384,178.2865342828816,34.24014786025271,16.54453913498762,163.68763118164577,1.3909549946146764,1.4105754712410736,0.5996828915714469,0.5502588910595715,1.2485887423363753,GUN
179.37629308487521,178.02397103749612,28.72773302317436,6.952414013055118,166.08468673355648,1.4329804944873883,1.4635612404982687,0.6146846266057772,0.5734656839298888,1.3125869773450578,GUN
177.2576788576615,179.9937109165366,30.62472846998371,13.556065686323715,166.71605119643493,1.4228380934047362,1.4546738795116423,0.6160394356991171,0.5635321813945209,1.2760262706734817,GUN
178.15816719408187,179.1760468073615,47.011048895115955,36.53729608390619,160.1946824868619,1.3801763020498117,1.3880671349340827,0.5834658390483392,0.5233729363255885,1.1741516779550807,GUN
177.42680810445137,177.38127223725897,41.00275092464677,31.66686834649585,165.7106523410493,1.373749652667513,1.3999495892168003,0.5815968492466429,0.520525416150565,1.180129778081392,GUN
178.3094295157617,179.98098196149203,45.34554380619277,37.2332665121587,165.22231355113294,1.3581015457939158,1.3807420218110134,0.5663061066487016,0.5102954260237591,1.1591420784371314,GUN
178.71088371851877,179.23544288618584,46.38392614463179,37.52805726727947,164.3816858380347,1.3425141802308982,1.368870400116286,0.5479111764102499,0.4910750269753942,1.1359905411402742,GUN
179.0071530007486,179.40169821112974,50.08501306573412,42.76468078559031,161.17383138054987,1.3403162435647218,1.3680531823719149,0.5445988438287297,0.478790984473162,1.1055265246506434,GUN
179.8178539071487,179.90763125179666,53.12026666419087,44.6376286632702,165.67070745094213,1.3568475644118063,1.3696352861410566,0.5402880335575939,0.466731915854853,1.0180104237657617,GUN
178.69526033214268,178.6510173694961,50.09963081277113,40.3919384207502,161.60629588883384,1.3617138614867468,1.3581920462184724,0.5463362793597646,0.47400745430520097,1.058164857931152,GUN
175.01050955701123,179.79902453894968,46.42078903210193,33.55549819809708,160.96002042094847,1.3880889713633546,1.4179189157370728,0.5978231045160131,0.5433150545301699,1.1599426354784037,GUN
177.48844614810054,177.20073274615822,40.7014832967447,29.36029386702182,165.31641480963708,1.3841377124632985,1.4016782353207302,0.5886005787368075,0.5205697961696887,1.1764764715260114,GUN
174.64495928024155,177.47835926020124,34.66309521099831,17.603838463393497,174.6107386295343,1.439347892540354,1.4858645136093693,0.652341439786113,0.5943061064692989,1.24602221831821,GUN
177.8595198011361,179.96213332363826,31.399445383769347,9.005613460469535,166.20245404495745,1.4452097712787857,1.494033382890055,0.6554851049940528,0.5878031969041903,1.2121290034352883,GUN
178.81412536572614,178.92030257937145,26.22032570363669,9.872821687021013,162.37650695698895,1.4323742949563272,1.4321730876824337,0.6610085033014577,0.6057110168820808,1.2283132506523682,GUN
173.2598249173843,174.1911156853047,56.554738039653735,54.03136277980744,158.5909162290156,1.301078898427682,1.254296135203571,0.6582404573991878,0.6169927931190495,0.7341459079270676,GUN
164.14604958198709,166.19640833207362,82.51896018778227,128.54290168795384,158.41241766617185,1.2013435402165025,1.0296875105398469,0.6533610291268935,0.6313827115235513,0.694090120799993,GUN
160.93141440090915,163.13411474092547,113.44921484878357,135.21853830787748,161.16600230107179,1.0619641583505557,0.9010379013648139,0.5886772280060786,0.5709753695406421,0.8309365240269657,GUN
174.17648476813045,163.1866766050039,90.94485464129897,138.27427295445844,146.96994180027613,1.2012549856663275,1.1189789611444392,0.7107460935735289,0.7136530358627414,0.6906264112300585,GUN
171.6527973573537,173.39099122961198,28.062092027102246,2.3931424655667985,170.65934361315328,1.3599958457957613,1.3643433975916157,0.6537119412957951,0.6031340858590659,1.2600430189701506,GUN
179.87016930765475,176.89447909209977,28.859187471996105,5.120359567270158,169.34545146868754,1.441671844007942,1.4747202930631598,0.6508657038318515,0.6164114438390159,1.2856452721612204,GUN
179.8565303216233,176.64274256470023,29.26683469095726,13.476734531002535,169.14670531748982,1.4320717558722411,1.4769956586512543,0.6552509630498293,0.6030623004928111,1.2774315207503517,GUN
178.65954707001137,178.66934051633584,34.956359696120195,16.905187861572735,167.6603271745882,1.4363923833435466,1.469308869396269,0.6398171148902926,0.5837775296317288,1.3063309363719393,GUN
178.63141088982943,179.33575119309472,37.82958864044831,18.977696774353312,169.05116002239276,1.4268562051561249,1.4597469505920202,0.6225212256890779,0.568475212879728,1.298428017985931,GUN
177.62519682641582,177.8088876468819,40.13497710388622,23.24005345986395,168.26724142336562,1.4168151159622182,1.4417816807682526,0.6148093673504258,0.5579215294798627,1.2623412850316655,GUN
179.33013599086962,173.93545565761306,39.31467110367839,20.049821390961462,165.11434103475588,1.3900368829622887,1.4162769380241835,0.6138141111233464,0.5500441030717753,1.209494503967185,GUN
175.83404515587605,175.40712139828233,31.07986035243642,3.841861460692529,166.3147740630282,1.3658371951254442,1.350180391681828,0.6058242740059073,0.5446028849282368,1.0526629734335446,GUN
177.40959363878733,174.57947926066038,31.299966067344968,5.246024377550918,157.38435439080084,1.2659382764796097,1.1925702155166495,0.5523449489814725,0.5094310065665015,0.7410425293894414,GUN
178.61523842808322,173.4031342001695,39.62054964921964,14.97376249209032,143.61269017125503,1.2651994930323165,1.2160038546081837,0.5645382658236348,0.5120323911722051,0.6966709991840906,GUN
177.43506513454295,178.24596109511018,39.974619592586116,21.47747141449073,154.3561983868659,1.2954694366368436,1.2557763944204057,0.5710374276513168,0.5030556071877221,0.7233604553677245,GUN
179.80304195500185,179.80263100407316,54.37024529145664,38.15806961379792,166.25495279346498,1.3059498489379087,1.2737556926529292,0.5568918114695004,0.49932358239234903,0.7849936104512703,GUN
176.94946878723394,179.48604578398724,52.25634211954364,42.58319267222824,171.59889741242398,1.3178991135157472,1.3093033292141916,0.5373460642241576,0.48280783340226724,0.8591297200083083,GUN
179.5504920658895,177.15032109900466,36.072181946892016,19.890795184567718,167.15325147955608,1.4204914748547395,1.4366880578954262,0.6245597533791226,0.5693383850157322,1.2214876381851212,GUN
176.32903046737397,178.92458464185196,18.63990008946057,3.610028934950669,167.36147700224296,1.4587774443442272,1.4758656588411652,0.659888716831908,0.6068359878638215,1.3115868676449995,GUN
179.10190638702215,179.91751825803308,3.4203003802138734,13.885092182389858,168.57946741654922,1.4912025848989674,1.5053637211422608,0.6867444314159908,0.6140131236571945,1.354679711969606,GUN
178.54266534104406,179.23227260174986,4.89870241252948,9.024851621850496,168.95022935486531,1.5077414351570386,1.535732865148686,0.7019678288201273,0.6382269133467342,1.3859991551665818,GUN
173.96861792688236,177.3964866393336,65.66584885477218,104.03950250332147,172.3456255230339,1.6117727187509112,1.5494806394855987,0.7772167034716627,0.6311376960239059,1.5874506229603769,GUN
177.4457989205771,178.7976835979325,67.17862157406057,99.62608343684035,169.6026760690795,1.552754913996986,1.5159073345198595,0.6983649787253322,0.5783655560623302,1.544366890763059,GUN
172.8578505804226,178.5005813091163,66.27285014559989,97.13268867461281,171.26469132844758,1.6114422547678668,1.6427730519914192,0.7834030979275337,0.6368654021732906,1.621325194235731,GUN
176.35165593944473,174.16501489830796,109.56690385005668,122.20655301333788,174.38496761040483,2.0690627916140616,2.166805605052812,1.3063954317077422,1.0756799921533078,1.9915194420712161,GUN
176.9725023959369,176.90234872557718,171.60028036436844,173.70242527081115,176.67399220556084,2.9415235294164086,3.046031768582875,2.5936102646320833,2.284679334844618,2.8540229646902713,GUN
179.4719005329735,172.17633163091298,164.66216480625673,167.48709393810077,178.97809904114254,2.4533336266802745,2.576210995175401,2.366707252436315,2.1170179463379317,2.324848842550827,GUN
175.81108801058912,178.64648094241477,27.30323897809821,10.82688222794711,172.0479759270466,1.3966165232728909,1.402948583990775,0.5429749752850498,0.44338349954378403,1.3496109530086724,GUN
179.74139188089208,178.974866026241,33.521037957176596,16.93427905055306,163.74002268472378,1.4344239927799756,1.394801312730576,0.5901766621789691,0.4543928599678737,1.305770248681483,GUN
175.92188765767852,173.93347581595762,47.52236698834319,18.587467301940876,170.22058141330191,1.3406691085046216,1.2771697452000814,0.4725615632372581,0.3613193133588687,1.441933020410574,GUN
172.06291219153132,153.36990760915543,147.9224420443568,92.20578571468491,178.03412422472073,1.266237958851496,1.0030640245669893,0.435148560019006,0.27542157497575903,1.3342862831549467,GUN
175.11004555634275,162.1075193268369,163.87377640920158,166.43977365127446,173.94952269627709,1.1445766024676705,1.0950354683950911,0.2669459832562339,0.14485826893448725,1.2219261640162709,GUN
172.1578265464,168.85417165892858,173.84192051699742,156.88089407003568,174.41667066388783,1.0886629950958382,1.0692007936458172,0.2161022115228078,0.08950521636257318,1.154197707074384,GUN
170.1354965092845,172.03727252847347,169.3837564253968,150.5026227685634,179.11351468478117,1.1051553453104832,1.0797433884495633,0.22680295932649333,0.1053759803059758,1.1292316863840675,GUN
53.28224199840257,175.34405251431284,129.48445202087703,141.69228850380065,171.40259077782875,1.0215731903265222,0.654318670926049,0.39124323832239183,0.024646881592505162,2.4333362367231137,GUN
93.3203132062367,121.46982390283013,98.49838098448457,109.98647754063118,177.87674982567563,0.8026484757293744,0.4579680850277321,0.1881238481744972,0.19783352378315278,2.737020839987811,GUN
10.554874645444306,164.62958549187528,87.85952145136798,115.56174340837529,174.99571962851056,0.9067640486573691,0.43026499034557825,0.24453611024627925,0.09414631513944234,2.4327405304045273,GUN
158.4106456861405,179.2926692105558,165.07143624376567,128.40177919120939,179.80009116601974,1.029978590109576,0.8391100902554252,0.5500433760120245,0.22842212718256205,2.462099606673699,GUN
165.72779340310424,174.87222264605387,177.9947488205259,124.36136637722485,170.46128855508397,1.4575106244885014,1.472698622024778,0.7633194401408877,0.47715070220931693,1.641552550679038,GUN
177.49844127687368,35.098486203315964,11.746230020199645,4.913998691598682,166.13971917619423,1.5005278132836983,0.9480667608102146,0.6560168775685788,0.503918582359926,1.3879263295101292,GUN
176.17070678108593,179.2206571731401,9.497585815008291,1.4014019693212145,176.42201265880806,1.4663498628019378,1.4056279291477551,0.6220509733260151,0.48948918073015946,1.566051468253814,GUN
177.7944932019481,178.650581440989,17.99207763622856,7.475367179970766,170.58165478918684,1.463688221750324,1.444204452087236,0.6099714111404307,0.4989683444781336,1.5776183277531703,GUN
176.30429090249572,179.9858403348996,13.961372407728215,3.0076587851808765,173.85901612261466,1.478602097602539,1.467623595909554,0.620424272863375,0.5245061423279612,1.5844518322103092,GUN
173.91639176836418,178.23521341526634,25.47799420895051,14.147588559116635,169.0952997566906,1.45025786149171,1.4502927898275155,0.573431499878119,0.48997391292747977,1.5189838120611654,GUN
178.72982225853397,177.99447940332138,27.069760349197978,5.95293993693236,169.25445505026315,1.4205085386880358,1.4158298943377718,0.5318010155859442,0.43808504369986534,1.5852359469008814,GUN
177.81229188489152,179.00208023005297,34.48211988450473,11.748241774884425,171.75015754949555,1.3949599818403742,1.3717678070974824,0.5123817796984557,0.4134845622029102,1.5696685041087095,GUN
175.3554199747731,170.08777720882202,27.002874891642854,3.3050059859424987,171.67841513379943,1.3565328013368838,1.2905889452706811,0.4832018808373108,0.3713803045502748,1.6028481609555612,GUN
174.52690021756672,177.37551704662218,37.89440940060355,9.28040264241554,172.76965753639817,1.3865188092040108,1.3131044341806226,0.5187141650535503,0.40466168955060305,1.6029561040980644,GUN
177.70100967864835,173.50578241705009,28.650897131078352,0.9678477893396937,171.55165830522697,1.4389469438958093,1.389454821530771,0.5744095105287821,0.4525115860669531,1.6250736277946158,GUN
177.22467770875102,179.85853213245,21.040890219336486,5.733888002694547,172.5487896870698,1.46751679177763,1.4455439973089976,0.6087116745804256,0.4900550547213288,1.5898607340238338,GUN
176.68786414953726,179.43517312224483,25.235656555278737,9.599850533681469,174.14504659661333,1.4759870903546781,1.4645315171113429,0.6133874416986264,0.5127869226605106,1.530758941766312,GUN
179.86570599991916,177.98012916590082,33.375805675195444,18.86545675785612,173.79406145255723,1.4886602681988284,1.5079372527527553,0.6236023515872993,0.5484577336047995,1.5462295716639212,GUN
178.7151445987431,176.48617106255742,17.872838215440208,7.787919131772544,172.6233563768691,1.5416251425549887,1.578156448901669,0.71318624923875,0.5901467078689927,1.773814288468768,GUN
175.8689111446369,174.82384527344104,6.3800268277531975,4.645113063640979,172.2674601376258,1.646232146052567,1.6768723014981366,0.7769750362195657,0.6528240125340659,1.7791824997698609,GUN
177.17756207505863,178.13135570600969,6.524299790274351,5.132642658309513,168.11851660783722,1.5453466006521168,1.6781969251380862,0.6405697953029833,0.5604647389240331,1.6856127922421182,GUN
178.32187943575934,176.96300578496658,0.06522746113326584,9.331388435265149,167.85495388912005,1.5109499189194855,1.6914817075027797,0.6088184971044602,0.5222269204572584,1.6580000209812087,GUN
175.84226678078878,177.78780580819358,19.586773883889354,5.912497708233505,161.27024402214704,1.4946101762186161,1.4745723796065213,0.6574940055809483,0.5188404171708253,1.6870051273101412,GUN
179.852237152587,178.53691529137342,39.34186069763544,21.05370716531421,171.48803216309514,1.3583679005026792,1.327834021658663,0.497186833426625,0.37624701879637995,1.3602310606890369,GUN
179.11576571738726,177.09089720181478,46.977862631334006,26.739766863193882,168.394077871895,1.3231285172709097,1.3167287592212686,0.4356027079805644,0.36186083650939893,1.1466435054202966,GUN
179.17986477700305,178.36787808282904,42.016508691780686,33.193869700103804,168.5390772168192,1.3587590826722633,1.3736568226712351,0.48516555575950976,0.40723702449846644,1.162229942980179,GUN
178.22417863509895,175.7390806488742,37.207084310331815,31.956797078596782,170.64951437976242,1.378425353620006,1.4184652939314422,0.5190535327131177,0.43607595361701673,1.19252659920973,GUN
178.12747601126864,177.53223828406936,37.221274233995466,29.843234285364815,171.7881224049064,1.3729832111644051,1.3949269797529467,0.5193914156432398,0.4308333249290675,1.1549628216761327,GUN
177.30394134845363,178.2024309262735,32.63345156179503,26.59073438251002,170.34608281471236,1.355166294083889,1.3820705814206347,0.5074565165676902,0.41953007357213634,1.0732005597715375,GUN
176.74940386178693,178.8150685420545,31.931742529065232,26.081832499437265,170.43453960275053,1.3631250662796754,1.3972568361216555,0.5170399005495208,0.4215897487027467,1.0594795765415923,GUN
177.44766333907327,179.1533733284098,34.16778434027719,30.170452010179194,172.41333673890912,1.3494319213614525,1.3804437128292755,0.5004690229630822,0.40265694339741254,0.9946042561073455,GUN
179.6148961596861,177.14087436207976,48.06740397734088,48.446402937576366,168.36645301902652,1.3828345872881584,1.4266671832878586,0.5244570771139403,0.4382511109913165,0.9145772439176654,GUN
179.1443932154346,175.84485839441078,39.959694370593304,41.99835050821558,173.88736878532274,1.4331769316905327,1.4980782458168318,0.5854517978517041,0.4970652176718514,0.93745880962918,GUN
179.2051607601053,179.06241603143275,37.78477741867833,35.832607768294935,169.60811907668264,1.427964613433743,1.49077709756183,0.5768811954141473,0.49620383735008966,0.9420572994655855,GUN
177.46081515906775,177.3534249339063,27.141203193070833,23.856122029107738,179.59246159205784,1.418140167404063,1.467690746498027,0.5781817096777697,0.4986191602703422,0.9355906271353952,GUN
178.10798524941393,179.60779388562713,7.545189063234565,4.042782403991014,177.16179113057996,1.5353660585328501,1.5982258878769622,0.733453610725487,0.6232187751255105,1.0378078889723998,GUN
179.77466253250873,177.6383723037126,4.290608066312108,2.172821280121228,176.68646281485528,1.5452791958125127,1.6271963441332438,0.7183756576743564,0.6244200420937521,1.0705713764911813,GUN
178.11205690020503,179.7143360334843,10.45669530379224,3.5664178990543443,179.98884126654715,1.58240973031058,1.6547675099379333,0.7536438572851387,0.6607702318290825,1.0959877176480217,GUN
178.89452618664083,179.86008946388853,9.84712901943958,3.7854759774468274,178.7056240878489,1.5686000149148536,1.6269344731747475,0.7346906476173348,0.6444011228538216,1.0757617306190697,GUN
178.71332008757017,178.91925690456083,11.994046226836392,2.4992074509654763,178.50809686292888,1.556706530580535,1.611718801112269,0.73290514384677,0.633341269886612,1.0798563886872163,GUN
176.64690625365327,178.5274545336373,22.528384381591117,9.284429244200604,177.13339442615217,1.5224734307443528,1.5936188219987135,0.6941537989669524,0.6039502332731637,1.077127067835763,GUN
176.35624518883856,177.32791221252376,32.3233900003309,21.217728501459103,175.04630113639854,1.4930876101438233,1.5471057519581908,0.6516549090208343,0.5644559518509308,1.1383865842595144,GUN
175.21003282277434,178.8580349844709,30.910599131555095,21.19113055713662,170.23367909692564,1.4559498971408886,1.49808033473483,0.6276732376228381,0.515808799569481,1.1465684418316804,GUN
179.34466286920352,176.6477273616617,24.281138542323514,9.350998654650999,170.43189295273376,1.5064720116898707,1.5307974570774012,0.6330882865471714,0.545089930094006,1.3725509945495862,GUN
179.16031137415672,179.07079887228832,21.932714325751274,3.686866188427634,170.4410379754406,1.5039561663789496,1.5113452775916223,0.6234559490527743,0.5375542046043889,1.4633006885955069,GUN
179.84265288889281,178.495488832502,18.726551880289172,2.7561588628696247,170.9775346262634,1.5332180781317117,1.5487160266015532,0.6461034489369049,0.5626135719909064,1.5279303091191083,GUN
177.1396404536858,179.41560282025745,23.360258182202063,3.6225371149782744,172.88847566812362,1.508620329657484,1.512552660199549,0.6300142257951089,0.5447885689748373,1.4838637089303062,GUN
177.0623499990303,179.92370525730712,13.709011315855138,3.945325854746134,174.37631087278965,1.5077969904809965,1.5416949916690348,0.6395481968109687,0.5549999921687282,1.4917501431629656,GUN
177.60141726800015,179.36787164445732,7.2401101151647005,11.91174335978334,174.61349793713595,1.5296435617523207,1.5367207419035895,0.6809457718023441,0.5689704393705096,1.6123349753757878,GUN
179.6079751786741,177.21576897341868,8.160296324235526,11.240737925189396,172.14158400707785,1.586951210174699,1.6179332157513426,0.7176336937724012,0.6079698148212236,1.694790240804316,GUN
178.80544944186815,177.5488487438407,13.555343200842717,5.150944428184867,173.43327250079776,1.5133785817740126,1.5347604760982176,0.6543448769890581,0.5413701815601614,1.6287104767178981,GUN
179.09960879422556,177.75934005817172,17.249941475122423,0.8429443816398098,171.68475257695678,1.4952035515066124,1.5100173666187984,0.6092449960291324,0.5214727897193618,1.597120477281367,GUN
178.27792687396985,174.74957134407305,15.43961625441154,4.140687459807085,171.21074481013662,1.5130897707613,1.5324491982575164,0.6294641647604801,0.529062255042161,1.6386129549409958,GUN
176.02745504445775,177.193359043025,22.16352161150468,2.6110810240127083,174.0475568881528,1.5291520275714705,1.5392375089763917,0.6441703333711707,0.5643448368957639,1.5942781521457439,GUN
178.34929968640807,177.03365033488046,28.74453274946344,14.58397594892504,169.63654512481497,1.5152603951367067,1.5352613130172335,0.6397562138486009,0.547497181693944,1.5247962223397284,GUN
176.4937540105455,176.63917024447724,28.84171118794714,14.055168072725305,169.97662302814862,1.5027313175291046,1.506751057070682,0.621524180022956,0.5365184599084563,1.4655799133294596,GUN
178.1426649469146,179.81087920934286,29.852141518829,19.184378791465676,168.80006585377996,1.530733397118263,1.5322206302295454,0.6662326456339996,0.5595969647232933,1.4270245420345227,GUN
179.89567436687096,179.41336166608622,30.558555691169666,19.839328102118536,169.20545959826515,1.5143795135349838,1.5141523387952458,0.6474891986918808,0.5391859662806733,1.3767696863209087,GUN
179.30556958352952,177.99262227031528,35.047015485258946,23.587185952207868,171.24431759662673,1.5016337189855846,1.5010651793916128,0.6308732468146495,0.5309889217100278,1.372483432780336,GUN
179.5909754761307,178.35613338664095,32.03029022288103,22.585931092136455,166.74063845338804,1.5107515774915101,1.5139263867863282,0.6472356598860518,0.5376909237366438,1.3377918282672212,GUN
179.42874357799118,179.33732309676708,35.47482801113104,24.404593754574325,170.47181891620323,1.482094507506216,1.479097761957421,0.6078883508740136,0.5117686045903117,1.3390778500024778,GUN
176.6152272427407,178.82381308711234,39.296123439942434,24.792385468808508,171.066145305529,1.4716353544313692,1.4680271142927839,0.6124423128833907,0.49338588014708706,1.4378209908826922,GUN
178.2042708230217,177.49984327430292,39.720553102436234,24.911013262360292,172.4698721003202,1.4622119185837075,1.42426007286776,0.5846356801980547,0.47379682222309727,1.5057025072311723,GUN
176.63929114126674,175.2833112990533,32.50441114408893,8.734389527682984,172.9282873470912,1.5071012610513184,1.5064805497460971,0.6140570061918056,0.5192451363249285,1.5609782023340077,GUN
174.4567318622773,176.9751335252264,31.434965370483717,12.181439244581059,172.27123943699056,1.4957019817122506,1.480974115158031,0.6153269994790038,0.5184831287611009,1.5733424116289185,GUN
176.02579933433492,176.1973439279372,23.854590739799796,7.273463293314057,174.3806651048764,1.4935772771577136,1.485976563205582,0.6255331249932973,0.5197548251308368,1.5362424822923089,GUN
178.80836330622014,173.24938163792518,22.194793835026363,5.07527133188618,172.80234189352151,1.5154772708455981,1.5178850470646705,0.6328978804042393,0.5399690274085426,1.5511776611838521,GUN
178.67258511946324,176.79228261120508,28.632398863443886,10.45076650121566,171.7193178099376,1.4884444196609654,1.4842000257795378,0.6041137593650124,0.5265169630657818,1.4837934635662513,GUN
179.51692162878197,176.7044576255025,29.44647239608882,9.179661692913188,171.9236180993399,1.4834904431405205,1.4850091917085315,0.5904291633120736,0.5231816449490909,1.4798243614992364,GUN
178.59335445569997,177.23435176189818,24.295051170473574,9.537833029088555,170.536895718608,1.5145064103884942,1.5229244167411116,0.6407813026914156,0.5408280383904761,1.5092817032903432,GUN
176.4027207936476,177.71264804352754,31.060258498700577,12.967159394897829,171.19831214724744,1.4979567013539665,1.502931114603767,0.6099043199672977,0.5398176495673581,1.4620913471930048,GUN
179.7856833025085,179.48320948406706,40.00539414033652,27.27524160100485,168.0488654571891,1.515303610297033,1.5167418172773022,0.654932837809492,0.5576134783336779,1.3664481954315588,GUN
179.99180200938022,177.56797257519872,36.4208912288938,25.722552855289056,169.91250334758254,1.451975301359859,1.4501908121251956,0.5945542837209009,0.4880469964531941,1.3081459375283033,GUN
179.72099920713487,177.49067283599314,30.959570071534586,16.789781474994086,169.55779052379037,1.4789291922350158,1.4849386071498991,0.6037612566825485,0.5221344150264442,1.3268668451068526,GUN
179.61785893774558,179.42093721439062,35.26299263407867,21.961385471895394,168.51076087973664,1.4884581530870362,1.5003287380043973,0.6339774428327413,0.53481770869477,1.3298420006492118,GUN
179.1339764427488,176.55963625770647,34.98958256066818,21.35736240336329,170.42620260766205,1.4618439771212357,1.4586435339503676,0.593260354791685,0.5118016275283338,1.3172133500787222,GUN
178.95243640138588,177.95085992050682,70.72903023176673,27.66591061156469,170.37143567094355,1.5440785570376105,1.5642435466514184,0.811122236509287,0.6165072622286673,1.3915254156761707,GUN
176.9133111884188,174.38213339254372,22.576361681358375,10.97757844278093,175.86418353581257,1.688934462406703,1.6779102498932044,0.7867127306268618,0.7409153971587127,1.700727477174859,GUN
175.2884565883688,179.25769126274665,20.603850033818713,3.26030511154382,173.66610065029212,1.541737460999903,1.551228402587451,0.6682443514608676,0.5878462079227776,1.5601820316809476,GUN
178.0859664585413,178.1626597013983,19.743325396783266,3.4199276329731183,171.45226090507708,1.49994737608638,1.5164445736435426,0.6231432003378023,0.5366644896917414,1.4827035764444108,GUN
178.79443659339066,176.99052498268694,15.015720804309082,3.2345458311871185,171.7211090641137,1.5161007647976126,1.5308163115953537,0.6343995886169731,0.5441759069169058,1.5603549117513693,GUN
178.00352797328208,176.06385906029618,27.96857150289944,13.300422496737994,170.72159222100004,1.5043106490031115,1.4842359280842237,0.6295868138701732,0.5539806752417847,1.4318981015427954,GUN
178.3810209987678,177.1825589480939,41.633958446336486,32.44914433570839,168.32332638585956,1.4993479256487696,1.496947849619874,0.6341233809808943,0.552888046188853,1.3608104726073202,GUN
177.54872880977794,178.62638256923753,32.30067872538164,23.273785530771683,169.28757436097104,1.496506212482948,1.5012517329507529,0.6366201819529954,0.5327415487696302,1.3117746541188984,GUN
177.19866159318934,179.21927156648934,32.748498192921545,21.12632181066548,171.12024098215656,1.4766157270761089,1.4892634389186878,0.607522059693565,0.523434645064235,1.3323780966523617,GUN
174.79399606040172,177.98592289398533,34.006427782603666,25.432149112796328,164.57583252181843,1.5217806607291053,1.5356697772260022,0.66575649943237,0.5680768178186473,1.3276396296920387,GUN
175.91709018625968,178.4035680009304,32.656942394072345,22.55193736721048,170.9194475364511,1.5011606179355705,1.5317618574098006,0.6417819165628027,0.5427264426358469,1.3669758072179152,GUN
177.6498418958226,179.13345022477517,35.07218468135879,24.67977168549614,171.42687429255722,1.4853436881322237,1.4923533266953106,0.6332331828036799,0.5242298633399815,1.3210274871885053,GUN
173.0055851046625,176.15008774248818,33.4478039468505,16.18909071275397,173.41210404318116,1.4915304896604409,1.487885863659177,0.6129753318001482,0.5231578008700225,1.4539090192681987,GUN
172.79701094501198,178.92114556749385,30.211601614493063,12.251352482947475,174.9442390880781,1.495074969451103,1.5185717106107597,0.6086461212855795,0.5355861628763255,1.478900900782491,GUN
172.83454282321077,178.008205499141,24.553044140919102,1.1985943515229962,173.96798613042608,1.5262077610033582,1.5259645244129219,0.6605501882068291,0.557701154241036,1.5988557450818588,GUN
172.62560840477408,174.89622396766902,26.86617448221786,2.9790459801818097,175.0477033110243,1.5487991441852536,1.5479708397672807,0.6769187451459086,0.5678850703251997,1.6158006661518478,GUN
175.13578330664532,179.0968935439462,19.396178656259227,0.2281300891969942,176.93327775446855,1.5335016902890517,1.5442338266765414,0.6404431202611032,0.5744844910561197,1.5823600813614997,GUN
173.66331019366186,179.9424809486435,28.43136821612258,6.830157491138096,171.7910091321651,1.5562894717599147,1.5589146027977523,0.6768817864591815,0.5894485270851255,1.5249988672291073,GUN
175.33570437133218,179.9550664520992,29.23246685859026,13.084213264120343,169.78962629990158,1.5033611985251072,1.5050573922478843,0.615949572861197,0.5356360480462211,1.508060271138853,GUN
178.17808711845305,178.51456864707913,32.46823859940609,18.811061025192227,169.45534210708468,1.4585941097903288,1.4642887729641723,0.5926108122026221,0.4947264070786986,1.3823549126537977,GUN
174.86771961020355,179.4019004588261,32.73734764163742,18.561738733555938,171.56279156481435,1.4887394123567663,1.4944640978104344,0.6188493753945608,0.5206012824848103,1.4099694067530952,GUN
173.21716296324558,177.9165992372736,36.21522285049392,16.81324991263453,174.23404825975248,1.4945100094804462,1.5153077579494145,0.6202342670284693,0.5332918326060379,1.4484720199596222,GUN
176.26086359898406,178.61769471970547,33.6347236191739,19.61960021605247,172.0596201926027,1.496889850093292,1.4938871505371332,0.6268020373851106,0.5320242887014986,1.4352673107076492,GUN
175.40828282209918,179.10269038436468,33.26754146801755,19.848349241623794,172.09692664280962,1.496991604141702,1.4998835489442988,0.6283653433000226,0.532348550179784,1.4410346065001252,GUN
176.32850181460296,178.66442881508635,32.259737598664074,17.486707545056042,171.69747655409122,1.4890649176346247,1.4959629840744282,0.6044879243866917,0.5184577845171773,1.425481343881492,GUN
178.66043530841023,176.7795306125049,32.286988138791095,18.740540774261135,170.80723227249626,1.4931308989876062,1.4963040946984851,0.6119489883105925,0.5226690591667739,1.412439797736439,GUN
172.96419942986248,179.15121810811794,36.3513134351561,20.101082781470033,172.69241369562027,1.4742137792878094,1.492276147148179,0.6035749750161903,0.5078854022040554,1.418824700785158,GUN
178.6203816000465,178.42129647903684,33.66310699714263,19.24502502417814,168.4986291228521,1.4823695818505196,1.481471119613519,0.6006168684023411,0.5105567469275494,1.3552369340495645,GUN
177.50939389196074,176.80866232418583,34.29939462716683,23.767663337421098,165.7313250698369,1.476577093861831,1.478683448294619,0.6166315371963585,0.5103590648947218,1.29833523546939,GUN
175.8217329696824,179.63888943362667,35.62549465002526,24.27618968984449,171.4880174532457,1.4749713142786396,1.496687061159867,0.5917305942773627,0.509942755629234,1.2911103661722725,GUN
176.05305381803194,178.7404101169196,36.46865739620809,25.68254585125544,168.98714670351202,1.4787781125933117,1.4881531705731355,0.6025606413168052,0.5132056118352256,1.2901456382871939,GUN
173.58467674655068,179.83118223420672,38.52225795873152,24.74939447338628,170.50624470441645,1.4730456951475601,1.4753815001539115,0.5932508616283025,0.5091443174967322,1.3068484951456698,GUN
177.67824305101755,177.33028330595207,33.38546999261861,22.373338363983677,169.86805232368243,1.4908058834268245,1.5068473668672164,0.602093163756047,0.5211503210369524,1.3207764933758364,GUN
175.60693478604477,179.51988318609415,38.08577200201031,28.52920031953583,171.0554572148347,1.4747323540684603,1.4959163942340719,0.6107127735657827,0.5108114268535946,1.3033709344513806,GUN
173.5627960052554,179.7796226886797,62.055248731291144,97.82574149762638,170.32802814778998,1.5511299388026099,1.5478731128541623,0.6827595741928263,0.7255622107087311,1.3845850375267816,GUN
177.06154605138929,179.349939028162,44.44993061342841,29.24240835465118,171.5639933077741,1.5656355517475158,1.573395683055889,0.686993883669507,0.6247329316291114,1.3844397458712177,GUN
174.54619539051106,179.31463485010764,48.39223365290046,34.100038072117236,172.07056362712464,1.5287937636499886,1.5175091412584607,0.6764013404541337,0.5929464547986426,1.3752197785799964,GUN
10.711598538351657,1.3583654439412576,3.5096947766419757,6.655987568645858,168.88652372377152,1.041984798385247,0.8777499870345246,0.8383271737508037,0.8856807110387818,2.2800817649217486,THUMBS_DOWN
24.255545702976544,35.8415814507403,44.832916133109265,55.365173135756116,172.83742824901566,1.0664602369245846,0.8485979483077417,0.7475590513464118,0.7523499502724859,2.1704094403417056,THUMBS_DOWN
24.809708813274213,50.441331352850156,58.69291534770498,64.31658438069452,174.6857713507219,1.020669719953912,0.8137201321029008,0.7087875211956313,0.7246939268142012,2.197174120430164,THUMBS_DOWN
32.24736816913485,61.29007193084561,74.53776003282785,88.6931080528269,174.6403785081069,1.0969182928770553,0.8905371265690635,0.781994278989154,0.7564797127750519,2.3699322572625556,THUMBS_DOWN
17.556889567873817,40.106864712903835,44.40720028189417,48.68225599422943,171.42735577458788,1.1671812910282557,0.9424946342160954,0.815240630685497,0.7940371937972616,2.4595964705689943,THUMBS_DOWN
146.80530732715224,129.99383200605573,117.54573415140223,119.43623974770338,177.16716119189093,0.7407944077211928,0.4653006291560007,0.4007789131646631,0.569616405564521,2.239265401445886,THUMBS_DOWN
149.9543947542402,58.70293797248617,58.579277784529765,79.57877519415824,178.7739615359668,0.5524094132115439,0.2971744872798475,0.28110627024451507,0.532977107001299,2.0780134515641473,THUMBS_DOWN
116.61176789739191,53.32857664618913,54.427852076951254,85.23548000718927,174.92881147926886,0.5458637339391694,0.3188038283269379,0.26386786308486687,0.5157644910282442,2.2695453774156724,THUMBS_DOWN
157.60971173296147,145.66908590233106,113.04955859455642,112.15600515915435,179.76777390637557,0.5243284026623211,0.22808715557699336,0.20456025746102588,0.5156426229624372,2.5357172686947673,THUMBS_DOWN
163.30812462708533,62.95816004535433,55.24472841596363,88.57684174972647,178.65350501984932,0.5919782992229685,0.24913745763385858,0.09426195891219591,0.40813775972963917,2.163999911298407,THUMBS_DOWN
25.813307112924477,33.04376561116554,34.36036035318214,52.46297387973756,174.803027376714,0.5738030439696741,0.26015063436874397,0.10559102661010107,0.42634807071347147,1.9893084070635538,THUMBS_DOWN
134.5094448496606,175.85287075340386,154.95756755106547,139.27253189327666,177.42516378257793,1.0392554361950732,0.7817575920524638,0.6442691072319037,0.6752193170699394,2.5129150966327987,THUMBS_DOWN
1.3059844208911342,13.285196200615927,16.582865885333042,19.707208901341676,175.4940762567069,1.0405008716226327,0.8248196899120182,0.7088805075798796,0.7200009451173175,2.349245524972693,THUMBS_DOWN
0.204982561296987,12.023323743436395,18.92813661187103,26.563669552299626,175.8115879892475,1.0566520209123909,0.8391019724708645,0.7249928826263057,0.7623386620770515,2.375749059226015,THUMBS_DOWN
13.41061514439047,0.4934277300521935,0.02383866274205284,2.0323604907982324,175.27348350562113,1.2010910571186009,1.038744603341025,0.9177434776566277,0.8620523281938182,2.6398656470187687,THUMBS_DOWN
15.858153783639606,6.26971169077881,4.527851336756223,2.404839458222945,177.49710788536413,1.1937396735694463,0.9777865729753038,0.7951524587818846,0.7425079318862365,2.688254718704962,THUMBS_DOWN
20.83845610465614,12.89524089208112,10.316127076206584,10.673374511662052,178.3395130830171,1.2802754405195669,1.0385725553967697,0.8654359782328847,0.8170351525354342,2.8628136616107707,THUMBS_DOWN
13.955433354266045,6.342180600334914,1.236407861986608,3.0178790574321357,179.17143929270267,1.239009203044204,1.0001575304922032,0.8308112784282287,0.7937478856035122,2.69146242386911,THUMBS_DOWN
153.99838369124345,160.1902048465903,164.1774173184747,178.68295559173603,176.11354838265746,0.9980743679234072,0.7576994483117949,0.6429036384992636,0.6671396557347877,2.557626461104818,THUMBS_DOWN
157.21737183506556,178.41542313731856,156.66384642496084,151.88577520991072,179.36675680162313,0.8904335377520869,0.6502634956097376,0.5256464838049877,0.552004183064707,2.3750058229597344,THUMBS_DOWN
12.169282418930445,1.306765414881945,5.988075777474596,12.14133001499081,174.01471507509353,1.1068426986374769,0.9370296871035678,0.841303121997725,0.8382834067272956,2.331872273345384,THUMBS_DOWN
14.920604400727804,4.340264296237643,0.5061518520955053,0.22949173021663974,173.80083547626796,1.1486811495400147,0.9691641840717219,0.8837262268642292,0.8725087493263352,2.395911766316729,THUMBS_DOWN
13.348880856461227,2.6314631275727085,1.6988771386263293,7.816241450674522,177.06596002854303,1.1726085328478544,0.9700329474850804,0.8079986331968149,0.7885802169489768,2.5515147821233715,THUMBS_DOWN
24.65537605316378,8.302979793242361,4.611106513500946,1.580170913590327,179.0878090353295,1.2686306274544183,1.0809163038860126,0.8829526810459619,0.7974034744419438,2.7975216235015696,THUMBS_DOWN
18.838547758473425,2.772467996180583,0.8017195360688293,0.46034388803649967,176.36760783640594,1.215735838983968,1.0263050899155555,0.8293448982889394,0.8021335958600969,2.6644042175877285,THUMBS_DOWN
18.092100707305423,10.030147373267932,5.264182617043097,1.6875458237942556,173.6679404663405,1.2888659050995748,1.0955619734064688,0.96386736498574,0.892445649546414,2.520658366362173,THUMBS_DOWN
123.82040816289862,118.14306408754592,103.80658189346241,106.13077880182259,172.66136271806747,0.9371950339149514,0.759443249575242,0.7149769866135872,0.7903864418640218,2.4188126040378863,THUMBS_DOWN
150.08161549706713,137.22846122757488,123.96755260413136,131.77541528791642,174.8522226896471,0.8185271125030141,0.6339191655924765,0.5609203659712958,0.6600895685896155,2.314367344892547,THUMBS_DOWN
175.76899288300118,129.4636280368904,111.26671361234963,118.34707958878087,176.79348357817378,0.6492096762165572,0.37605577813735164,0.3319629734186151,0.5569369310681598,2.2457540991830967,THUMBS_DOWN
155.37836386908134,128.2755550709797,112.10147332420536,116.62144750651785,176.24436945826685,0.7350889153736933,0.5000596285214172,0.4698565154745561,0.6100648016555261,2.334974035084177,THUMBS_DOWN
84.99556041457609,98.72041346443505,85.72205630321777,90.35784784000012,171.4943385374938,0.9955332389175351,0.8376790706168572,0.8051238181348441,0.8495762770278924,2.4108583647242736,THUMBS_DOWN
29.637539363183304,14.94306053031135,5.584167385160941,2.033744203279418,171.23234883849764,1.1154107416995496,0.963162152257829,0.91360461275697,0.9347809786968174,2.29909833035083,THUMBS_DOWN
26.029655595233372,12.943554284138681,6.153296571655998,11.007679037945728,178.70452451502393,1.1488131579509266,0.992273962624906,0.9299250219417281,0.9362798413022778,2.4617628809379712,THUMBS_DOWN
27.887793782760372,11.323469415380229,6.710771497811055,9.794099913038986,177.3950125524726,1.18676535502787,1.0152062260280896,0.9108690088947052,0.9125560928302345,2.595343770909323,THUMBS_DOWN
30.376421508367763,12.162409928089719,8.282903841921671,9.805718139701412,177.82618737683555,1.2142102551564906,1.0335029774282332,0.9167310558378903,0.9083149726694852,2.6846790509747906,THUMBS_DOWN
27.543772648747247,10.770540786783352,6.613715850173149,7.939503488920759,174.4530861026324,1.2541772458344707,1.0623273562338211,0.9303586423735598,0.8990295603330607,2.7818481219865503,THUMBS_DOWN
24.45404405036878,11.988246986759536,5.088060253679474,0.20974417040306065,172.99736682090813,1.0989891163730294,0.926459118697831,0.8567014617964311,0.8900263451835415,2.3485576997176225,THUMBS_DOWN
113.40791693361862,110.07210462276353,102.17030500034237,92.3778816808477,172.2472400881583,0.8215344098880922,0.5922147087065969,0.6170538213915152,0.8163688099233157,2.386258761561238,THUMBS_DOWN
124.30212060321087,119.3069075879287,108.87247646004784,109.85433807283243,172.66190302920884,0.8451747829028147,0.6179955269318724,0.6230028832131197,0.7402262981319471,2.504670410586038,THUMBS_DOWN
23.92234184454462,11.624184041977768,3.577198507379819,1.412349557975984,174.5549389534868,1.0331491938060207,0.8636160835487072,0.8162503196787266,0.8711401354645174,2.2309087501910216,THUMBS_DOWN
19.205775579834075,3.4268483490644983,3.023569394540337,1.5273291409743641,171.6969486625793,1.1715685852685584,1.0254933570206646,0.959862704320264,0.9385216547014277,2.4267901329668757,THUMBS_DOWN
27.19778061884734,15.835297340552502,10.91161208082105,10.186805203706774,171.84809784124988,1.088804664229185,0.9183412938339119,0.8471794274770359,0.8844707364949229,2.3123259471511437,THUMBS_DOWN
85.77617221582861,88.83191268749744,86.04998550332854,93.63920793421319,173.94004754484328,0.744903353772147,0.5752926778177141,0.6506513439753766,0.8447427474563558,2.1100007270844854,THUMBS_DOWN
91.64541647163172,94.2003472989029,88.78178117216088,95.09726636681638,174.91349491330308,0.8067837204605732,0.6379196735777992,0.6960022536139426,0.8741620103960566,2.157777585501355,THUMBS_DOWN
92.01520619898761,94.20059628907147,89.5445969452421,96.31012587627622,173.12831353567753,0.8006941437973338,0.6507107099129302,0.7137637131520842,0.8897172815091525,2.174393487670775,THUMBS_DOWN
26.99563793437548,7.893246821922261,2.189010105256136,1.2206674956515657,176.00013202384665,1.1296767975245714,0.999898961637321,0.9449122878743184,0.965406123535251,2.3209145120553427,THUMBS_DOWN
20.570790318220038,5.739487262573191,1.1503125207226395,0.42336701986390723,174.94215579420867,1.1468160099449707,0.9876093856705692,0.9261130440422652,0.9228676420501789,2.393951744153743,THUMBS_DOWN
16.777008690829074,6.157926737868021,0.5514431406541979,2.085637774166483,175.14039956555717,1.1803002981113835,1.014681335769407,0.9316157706806172,0.9140965113896795,2.4890427713372514,THUMBS_DOWN
15.885618181543064,3.321088145165655,6.17664479545731,9.94197227063406,173.43202866654045,1.0971375454879824,0.9261232240634995,0.8672468520939214,0.8956521454063076,2.3364491477255473,THUMBS_DOWN
34.529917124686065,28.5041566987765,23.936854419535205,28.13300290711207,175.1852455890481,1.0091216698374996,0.8506179399704403,0.8049534256107124,0.8537633279678426,2.155477408779499,THUMBS_DOWN
108.60785652461811,111.56134004353271,102.80785464426803,106.12152863598119,171.25217985143652,0.7921252002180557,0.6395286297100202,0.6935483738988335,0.854747690821983,2.0847840468520435,THUMBS_DOWN
126.70739950905951,117.08080187994351,112.26028265775399,116.20051508598848,175.22761610890691,0.7390114981442965,0.5472806440975273,0.578563460770042,0.7350555074053846,2.256856162432891,THUMBS_DOWN
128.649282591404,114.48465527427025,108.42902332908722,113.10898211853359,173.5649871387696,0.7300731881528274,0.5482362463085396,0.5802822701102863,0.7507271949995975,2.267401191600417,THUMBS_DOWN
132.80398294850187,117.93019091187938,113.90833955946681,118.42131863883179,176.34442923088397,0.7308639006074958,0.5365106698032018,0.5338577547962741,0.6902402080775624,2.296930940114766,THUMBS_DOWN
126.28504344753738,111.95794261351551,108.47855669100922,114.29786670786982,174.72421906440098,0.7211562442572046,0.530878531050046,0.5448597369250817,0.7153740003934626,2.231422809570856,THUMBS_DOWN
41.14954108178919,24.850774834571627,17.179666371972992,21.73401766848808,173.30992539048444,1.0166413427897218,0.8720490667450375,0.8356989157675769,0.8869007566867463,2.2346694466813415,THUMBS_DOWN
19.538439476272544,7.477514077933748,1.5558861436757858,0.36110569921060287,175.1490051999477,1.1350905018802842,0.9688943226794091,0.8953332605979325,0.8900076274775012,2.4199002768229683,THUMBS_DOWN
16.90053706825349,1.8291268965888956,2.7912614987310365,4.7993218090532554,176.34107556088048,1.1792602394105964,1.0194936674259043,0.9172926960455448,0.8874131881977142,2.5528248303082495,THUMBS_DOWN
10.263499291807346,0.1561629536099602,3.4474626219982603,11.483679688077741,175.37562384742878,1.2025424744305349,1.0223905494741636,0.9097250979729665,0.9031062459720038,2.565659630290915,THUMBS_DOWN
6.801358700139949,2.312766438832416,5.734155090571194,16.874155105091194,172.10387874082076,1.1946453209080294,1.034072320679156,0.920840957757243,0.9099116279984021,2.5408703289521224,THUMBS_DOWN
8.106286665720145,2.1012954126188053,4.684394715024303,12.115771763808196,174.30003380362334,1.1555549507406073,0.9790523790449231,0.8712847538001559,0.8736068779756934,2.4228533628185507,THUMBS_DOWN
25.38793958287485,3.1998971570243624,1.065061203300298,3.7602240942265825,175.53074729131086,1.1733077916276018,0.9947460920456196,0.8758049905882167,0.8868609284098761,2.5765583686735734,THUMBS_DOWN
39.83460980396661,49.39289819713073,42.640540998992535,46.04445625799814,168.99931139189528,1.022280916383559,0.8436850443236932,0.7847519489693101,0.8273952316387087,2.3602815207178014,THUMBS_DOWN
121.85724780001529,123.66443926038882,116.68187982697668,123.05694776078887,172.39070698560934,1.037723284186031,0.8556240124014871,0.8038988070200436,0.8389254796021322,2.3988595934214323,THUMBS_DOWN
150.27467049304693,143.72230654518248,131.640233385245,129.8853672404343,172.97761165600338,1.082419936360247,0.8926010796554741,0.7991040078860662,0.8244978874890531,2.5410123434874126,THUMBS_DOWN
152.36099460954333,176.9341534671561,164.04911768018687,164.98437245499753,175.64464381436966,0.9942088645685041,0.8122236145562063,0.7101749786312618,0.7398194839252479,2.5188024886314575,THUMBS_DOWN
151.92465972971425,171.19088921347952,163.343561668779,157.45706875999258,176.6494761443936,1.0129589066327518,0.8280761561382809,0.6777735568681824,0.678836368284542,2.6719001774893942,THUMBS_DOWN
141.92073071779288,151.3043393558919,177.93870804980494,160.68666160166492,176.71896428278166,0.9737242430654596,0.7024227243416314,0.5471353177916195,0.5562036305976603,2.5547613067715185,THUMBS_DOWN
113.92561352562872,124.16122499059846,137.94567611100354,166.04167454610436,178.37401823408425,1.0223223441463387,0.7106209605429277,0.5164219559350637,0.47903004286134876,2.519441457642288,THUMBS_DOWN
122.98884849453209,133.80130826356785,143.36128591668347,167.98193458420926,176.57698794872312,0.9051416696165362,0.620610862040031,0.39460667801984006,0.4555894259153481,2.616186745448033,THUMBS_DOWN
117.7689501240205,123.5815253229941,134.379680765658,157.73265120190044,175.41100061728616,0.9987251918079753,0.6816296708165556,0.498749110460833,0.4793743408662991,2.5815442624135887,THUMBS_DOWN
3.197441329624408,6.556921023923957,11.569261490270158,24.521646690061424,175.6403203048458,1.2715916100807674,1.0950058796927067,0.988035266459331,0.944272526716042,2.6553801454976256,THUMBS_DOWN
1.6313994560843303,6.008837072500458,8.269143668575872,19.21569882519044,178.82841657599224,1.2317102991003597,1.0206377783365101,0.9225296364777477,0.9100907946360555,2.627363896974347,THUMBS_DOWN
1.1569518630265958,7.609142619823785,11.32080120156045,20.911817119495428,176.1077109916293,1.2446887892249787,1.0195110670019887,0.8773342452396952,0.8494018246914983,2.583765250158287,THUMBS_DOWN
1.2093392127974045,5.525901716701169,7.679651476459482,14.93243072676957,176.59272064909587,1.137873616903197,0.9088062884602293,0.7501199934370905,0.7261256026977895,2.4924342813199756,THUMBS_DOWN
2.1891587854569887,3.867628197760703,4.549264004021043,15.756756144135194,176.65799006908145,1.0342040943856186,0.8327340592467758,0.7165381728490535,0.7826336674910334,2.405039344146634,THUMBS_DOWN
116.61839121431127,125.01948324881683,134.04227123969775,146.5007808383347,173.69713062280996,1.0260950670936564,0.7748135648680919,0.642174930178003,0.6174471739250297,2.6111714962932093,THUMBS_DOWN
101.89898607012503,104.59524162009778,114.39702599274344,140.18272985305356,176.38717263310497,1.0455680501199633,0.7380550600326752,0.5182382211701111,0.5024477590440546,2.6422339099161976,THUMBS_DOWN
125.87440131830327,133.2303548190928,143.49534908797528,171.82493193940596,176.7108514956613,0.989882559882106,0.6955593538096978,0.4322403360038092,0.4103210447766232,2.6429920716049757,THUMBS_DOWN
143.9615438724587,154.21941527242527,163.76620167425847,178.14616434283113,179.1372156853635,0.8541119550539908,0.5269227120003045,0.2339324165758093,0.29792444840294585,2.4635623172322543,THUMBS_DOWN
140.94249806694523,153.89452777148176,172.53904784003626,169.98669640745908,179.5522896914427,0.8661765030654497,0.5183486881529841,0.19570125093454205,0.21163971412805535,2.3941906279275202,THUMBS_DOWN
130.28037178697878,132.00854610642304,164.29023999979785,162.2551659724843,179.9147683353226,0.7835034276735364,0.4490906250160652,0.1395586736258294,0.266468441573379,2.156367170598437,THUMBS_DOWN
157.06571879169624,164.84449211984884,172.56638326799052,174.93819972977622,175.4290829110811,0.9048496614379166,0.6078196800976212,0.4206429371078971,0.5092226256981884,2.3213770048321134,THUMBS_DOWN
12.470043152187136,24.477462036184072,32.54396119677636,39.061500784123965,176.75489975999162,1.0940736977327423,0.8801710237646005,0.7839848497566249,0.8478804029232144,2.350392055484901,THUMBS_DOWN
0.9397118030716598,8.654726306397647,14.219325594674793,21.21356604840008,176.2729797957381,1.1000424640419557,0.9314485810153232,0.8453003126093906,0.8836021501404383,2.4770998310470342,THUMBS_DOWN
1.7731386770558721,11.661188750642978,21.003581211442853,29.153396812555506,175.9415501344546,1.1254749362586727,0.9228634514748552,0.8252976936015328,0.8499377483168675,2.5281227671297546,THUMBS_DOWN
103.87825530291128,143.95605526934838,140.96305952302444,137.97902601235091,175.61303354719573,1.001907967483066,0.8079951624351956,0.7198809737883267,0.7562547372250783,2.4369414719603952,THUMBS_DOWN
152.2469232990795,171.04185841759744,179.6619764990029,179.2193061328979,176.5955729205603,0.945659839797507,0.7487044939201132,0.6487304582720942,0.7100557171108728,2.4438866708092717,THUMBS_DOWN
157.40004966067556,177.20718634790393,166.97174623759574,159.0239836773419,175.40779342521924,0.9187482513758074,0.7061084031788488,0.6056415801778066,0.6692274582589967,2.4703659473527773,THUMBS_DOWN
178.72292050701054,165.83095046870278,149.00077763233705,150.96462482969565,176.29440617358398,0.9091376902284448,0.7204178576483826,0.6185975998576445,0.6652665322846875,2.4010593194537684,THUMBS_DOWN
179.1128503359716,174.55839775784736,164.3378163786418,177.09712492896995,178.08560640341037,0.9979081344651098,0.7983494655401636,0.7037147995501569,0.7572460944016322,2.3160947620739734,THUMBS_DOWN
140.0597670158194,165.72141938523285,157.34951541065038,179.09127823160568,178.13048367593458,1.0399739146416012,0.850166346854023,0.7672404346495132,0.8088944602890212,2.4041869851708957,THUMBS_DOWN
120.88674159697919,148.98674958409308,138.69439613848908,149.4484235228419,176.3078972744337,0.9810158816589165,0.794243926574553,0.7252374661532782,0.7765138032497758,2.285207499557215,THUMBS_DOWN
179.94371635702632,156.44286227958978,137.24925581860938,141.68097829831768,176.04651747558376,0.9401318125126871,0.7387338358939196,0.6485046178210803,0.6898710992443202,2.3827982580430453,THUMBS_DOWN
174.8231811195093,156.32232619827192,132.753952117378,130.4003969567124,178.28650815014996,0.8117704422112321,0.611055696869361,0.5500998192790637,0.632413524000661,2.2757116013427128,THUMBS_DOWN
178.04965622478957,156.5306319098343,135.74190794855687,138.39091595630555,176.92059942367152,0.8713786703141996,0.6831184248024257,0.5822354248630823,0.659889387135456,2.4046229795042344,THUMBS_DOWN
168.39412710507258,154.2633936070976,138.58864575362017,144.61091153301408,178.02128797488663,0.9047188136986923,0.7229098084554876,0.6380673682419592,0.6988859955809658,2.3819470664969558,THUMBS_DOWN
172.3547052611229,163.7920959672526,148.3004425814583,152.0718329750423,178.68179297477883,0.9661552868404109,0.7673728858866795,0.6723417646299148,0.7182464672880785,2.397974859187876,THUMBS_DOWN
173.09516908435387,171.1972501579678,156.96336332350594,164.78119160293838,176.8383036504964,1.035737363862206,0.8439494713745722,0.7608286618344547,0.8120493483264042,2.4281234219921966,THUMBS_DOWN
52.9308464903211,108.8148582809576,113.48752651119908,99.9912478047675,178.3582986440937,1.1672041405701992,0.9446710731477503,0.7905515605383682,0.7431488542463099,2.3771702492140165,THUMBS_DOWN
102.54034661691945,135.79095861435067,128.80884935973253,122.43034194019803,179.22261455394906,1.0681779508335318,0.8816585059863334,0.8004155160800486,0.7998804141014529,2.4227912059114693,THUMBS_DOWN
174.98654854191216,169.9236933132785,141.5879187868803,137.17000430711812,177.02068467688585,0.8362845814755006,0.5832321309440609,0.4634267430721615,0.5225924244523166,2.327275126771843,THUMBS_DOWN
155.13907383110367,171.55523906820062,151.7049608134315,149.45802413139506,174.30747157281758,0.7661263549192651,0.508838923172502,0.4068150782637019,0.5256802351490176,2.2836232188074597,THUMBS_DOWN
151.12682113117717,179.47745620163786,152.9885136701963,144.24838279065742,175.96251908132774,0.8305049190902698,0.572987014042706,0.41170617943223037,0.46553174381521384,2.3868288268990985,THUMBS_DOWN
177.1014881614646,163.594489338053,143.762092210964,139.62245057167883,178.2780239365325,0.7174698843026095,0.45350443522853484,0.38211225121255665,0.5072230981990644,2.1501823765698163,THUMBS_DOWN
159.36582863334004,167.51847331893367,151.15598839624812,146.45111993541212,177.92148184964353,0.7424141003369238,0.5308063752518724,0.4371292912297559,0.5564793802239468,2.341220017271987,THUMBS_DOWN
160.79190266537674,175.1186051156498,173.6868755446424,175.000390919475,178.11258612546786,0.9515118980810628,0.7353330230401475,0.6472551728724742,0.6941700562506455,2.3507648701145696,THUMBS_DOWN
7.231518879785101,16.703717854435173,39.155846257718174,76.54061831017353,176.63820226381372,1.0885607042445828,0.9139902552100025,0.8170985453190208,0.8151250501487005,2.435378401980083,THUMBS_DOWN
162.79974982989788,134.5927788931081,117.06833161013164,127.52664108790599,176.2247381667745,0.7650199975104598,0.5321413091770054,0.4337690192437481,0.5486614833707542,2.215348241522536,THUMBS_DOWN
165.2722504739206,160.9181079727207,140.86253723159254,142.93792914121764,178.542238929591,0.7774598158739542,0.5752144487900366,0.4786171817722785,0.5808366344467815,2.24565036016007,THUMBS_DOWN
169.92774353342762,158.98000370930552,140.1834822479756,136.26059296054672,178.01115723468746,0.7635000694161957,0.5371115616495069,0.4673790794432187,0.5728884973103261,2.2142915995015016,THUMBS_DOWN
174.04488083166828,160.46324461781595,149.36956679832045,152.43578068076891,176.21864203315874,0.922130276506929,0.7447369295168651,0.6831011269376399,0.7432526223140561,2.377829049721713,THUMBS_DOWN
19.740158280949284,5.894879798725195,12.46986422166482,24.04295587159299,172.92768348774936,1.0385720117103037,0.8643756026696557,0.7845994855554731,0.7911742265172067,2.3334853102955884,THUMBS_DOWN
13.508111442021914,5.446497009663012,4.586276946447512,12.942697749125431,175.71806554214547,1.1323217506957493,0.9556271568555144,0.857881833820301,0.8383963624984119,2.455913660207783,THUMBS_DOWN
11.987537838109636,1.293257054942639,9.875513868187069,21.55087719989955,177.88199585340442,1.1086700511327061,0.9220582539833426,0.8235580468706309,0.8313726661009696,2.382213950526984,THUMBS_DOWN
9.960878669531537,4.567620862872224,14.416370540378248,21.069819649582676,179.41790311867723,1.1190813312494576,0.9413773284757004,0.8504910325978607,0.8355397274986059,2.430946972926545,THUMBS_DOWN
163.42261597486768,152.0393718773251,137.20638936416395,130.55865673385915,175.81599994292034,0.791694700515794,0.5708279818805327,0.5355161287931928,0.6428136376914364,2.1707943995187864,THUMBS_DOWN
178.74128604958753,153.61942117592702,134.0720963799509,135.75750904802683,176.70628368580074,0.7925843716578397,0.6092686120696863,0.5476389677271963,0.6521763089305327,2.347790577114013,THUMBS_DOWN
134.11845650687908,138.17459738638718,130.38886849781255,137.50675150175763,177.17999060339523,0.9550328499766817,0.7817714223333766,0.7191735226720476,0.7645370773970656,2.2931875156292127,THUMBS_DOWN
142.61693199251513,178.18323415583194,6.946809646694932,7.521823326082469,164.6334629405265,1.7915053103821803,3.0254097317410467,1.3643126679946742,1.1857102521257672,1.5840247389287039,MIDDLE
136.1272918841579,135.6518252633004,109.53342865327325,132.48937459267083,125.39531884884396,2.387972310210003,2.2610039875048877,2.0180012044935336,1.8467817806318763,2.2548205896779874,MIDDLE
177.7994783392833,11.637709912409894,7.716231253519223,91.56147167770419,163.89823907278074,2.0396302827630333,1.584566847776192,1.4855024551305134,1.522024392231346,1.8654682290329452,MIDDLE
166.380219333056,164.8568460579856,175.34831907749478,170.80168906500074,152.4833089060643,2.185713241108204,1.8013537793967669,1.9460266130324773,1.8358610284989014,1.9781249231791957,MIDDLE
70.32414159204546,176.43317237685517,7.116015326775245,4.881334569958633,147.65804780299288,1.8467472894160462,3.238410545384592,1.2917568889596251,1.1798682915523098,1.9857599485805828,MIDDLE
66.01478151639114,177.52308264235643,13.306363523504157,2.68906348694379,127.8603490556598,1.6571545468485738,3.2775711610759264,1.087610263319952,0.9997613474740304,2.08114546376005,MIDDLE
52.34626492252257,179.11551061849968,17.841333266970807,4.283656536727564,131.33292734087456,1.6895448537122923,3.3077465317122856,1.1714956583163114,1.0208605125141557,2.15317275254519,MIDDLE
57.019254707109226,177.64149087875487,17.0224924707869,45.36680662583773,175.13242893117504,2.7263783826248496,5.296595134495086,2.190546027144696,2.434433682178025,3.3792672521061164,MIDDLE
36.85461764777758,177.95536810636543,10.164755087141192,0.09164956829251954,135.684936035211,2.1136860145687844,4.5396133285141085,1.835140618499057,1.7029625432621547,2.748147793187447,MIDDLE
37.28586300835304,178.35029751914004,6.39815158411045,8.511470399224281,171.64129571131156,1.9002704576784597,3.871077721087164,1.416375719027108,1.3171814841775267,2.4764059746419216,MIDDLE
48.645606362263564,179.51838300354575,6.786259382520565,9.404471152301698,166.55804612355354,1.276712726458787,1.809352832612133,0.6196430347930815,0.4542117632214246,1.8032882287920449,MIDDLE
109.60572725933898,169.59649978945663,44.12125440018551,90.33000568271254,175.9614326550449,1.7745792373823155,2.4992384260839753,1.1087979863988242,0.9847367011437366,2.527884896190294,MIDDLE
48.08673915022101,177.23882438547352,13.067404611763353,30.71442762634317,152.05155597550922,1.5653697870006773,2.482677952566377,0.9214985015988296,0.8210720727982694,2.1669388374446714,MIDDLE
59.34493795214823,179.75338627789026,16.83796399308236,2.164915387539924,169.8445800306439,1.570808475465166,2.696912899076846,0.8879231098152622,0.7731618435938435,1.9108366827705772,MIDDLE
115.11883944993822,176.24234100023355,29.386552396906083,10.21418829956935,162.6671427191214,1.6736726892006002,2.66281842172712,0.9680585350380143,0.838658021256046,1.7414714865176883,MIDDLE
72.55738847264001,178.82443979999107,23.145090077979997,9.442427583701052,179.92746553510747,1.5841433403527165,2.772835612281765,0.9416885888470206,0.8678506109105292,1.812394654349163,MIDDLE
56.6016355867985,13.345363611610503,23.154038628926887,8.086498898063908,151.7379855558851,0.9047296547105286,0.6546337687606102,0.47113160431136236,0.35448501897059653,1.0223589201113097,MIDDLE
177.81586091727746,178.99314052729707,4.243228168676024,21.800628568296894,175.0761026308573,1.4814687709698084,1.5253332035515341,0.6590328443075231,0.6175540870083753,1.5214817754261258,GUN
179.05128498362902,178.38577162334022,13.494922169437631,6.289138000527451,171.6260158095052,1.416557630388789,1.4340318152373486,0.572445578228657,0.5105181234201662,1.4797325327824886,GUN
178.63011187622766,179.3348639162891,21.397415071470668,22.906625397611187,168.71430221043695,1.5338543071531061,1.5576134429356594,0.6286366646296708,0.6427767174256768,1.6492292343241537,GUN
176.88896724470172,178.25675715987964,28.50804809756263,98.02555427957644,169.17558270012478,1.5862504118793481,1.5914470303619355,0.6550582266361883,0.7184160156674303,1.7582875599629046,GUN
168.1995904279959,175.49769914966407,87.16161707140587,141.77888567988404,150.32644606759726,1.1945881648751142,1.1926474655678854,0.5686097595969828,0.5654888991401987,0.6620795601568232,GUN
178.1393515918746,178.7312156629135,45.318495936766034,22.8502351346233,169.8463991717042,1.511118750233385,1.5146600784867965,0.6715853116573428,0.6187946117030301,1.2434170327988263,GUN
179.47278107435358,177.64269183372028,43.996047110611016,32.551741409139424,171.8868324616504,1.5146564460761278,1.5126875577368202,0.6702095809646075,0.6327921393294094,1.23732129519603,GUN
177.64115406226418,174.2555920385672,56.69831075469938,64.11726498144142,173.73462374925793,1.520692656407172,1.5028012849516033,0.6952777383348068,0.67432677776418,1.223573552958499,GUN
177.49398061086032,177.01537714868567,56.07090176076175,93.40179337240114,171.73416582975736,1.5986740275141906,1.601185141213068,0.7444752313550113,0.7777500527830936,1.149611209052482,GUN
179.73378168661625,177.5611236256566,54.2047387792868,115.64527401251077,170.42054412468147,1.6723709838424112,1.6684581873344124,0.8106699077192825,0.8528359091520533,1.2835373950229994,GUN
179.20298452684818,167.84797460559182,15.151030996587314,34.868260616874835,173.0112075197189,1.6993462572934317,1.7507372884786996,0.7663530961583123,0.7063792138839214,1.7768703814493005,GUN
174.27034880699864,178.2351031000193,14.851031750072288,30.096123797208868,168.97830994063514,1.8610759569932336,1.9943116359804365,0.8809580451865567,0.955442396138527,1.8882669939423427,GUN
178.1218233624873,169.93315938011986,72.88872085040089,161.4791476149282,170.60499378225865,1.7702844362013566,1.7724980101338297,0.9237683294165443,0.9848683577911065,1.794986306614531,GUN
171.91729252261473,170.67997781282222,60.687743206991996,128.26249392496817,170.94653604714972,1.612750860171497,1.628129304728058,0.7917793051040835,0.8354310272615756,1.4826033789292614,GUN
178.41037535939648,175.8099724517108,77.81358589298522,145.99727514694234,168.37511568453027,1.5263666415728854,1.5226229215932314,0.7594782693607653,0.7747537046127161,1.317330930674936,GUN
176.94527241455222,175.06064774344628,99.02807482571372,165.87941107678606,174.64850299496095,1.5607707509136843,1.550339839685794,0.8368932625892654,0.83309977575465,0.9860538162469153,GUN
174.47513596853665,169.86830252050527,78.7324144361206,159.40968411255423,169.39444483049462,1.517834086256202,1.4994277235273734,0.7686747095719538,0.7655200409254957,0.8984043798136312,GUN
175.2846645380456,171.59662321286177,71.70747576995525,164.1511594779385,176.39194309291307,1.54550279260085,1.4951771068816637,0.7416267838890838,0.8186967019026061,1.0496775573740644,GUN
179.865985776461,175.29735292320987,23.23736403408014,55.362013874852906,172.33565027899354,1.6233218642041876,1.6758373941629274,0.7778920080000763,0.8552739842542201,1.8515895756703578,GUN
176.4758208162318,179.8589481122115,2.777058876332299,79.10330678441488,168.11063905053828,2.0180766697425536,2.1749957750765705,1.108093691316953,1.324558262806437,2.3048261151851017,GUN
167.10082412939224,148.18162882635397,134.6070621855211,176.95410005641526,145.80689011198967,1.341814350158428,1.1944524975001352,0.6941103470612137,0.6700271658743115,0.9127557849898068,GUN
56.10039235505881,50.63027375044089,58.508670102858474,92.51531082089946,172.76905755309616,5.248952088944521,5.053496227780183,4.868644568448838,4.6225410802719304,4.384942589982916,HALF_HEART
69.9615957259975,59.15730358387929,62.9937748179338,94.61934819892325,170.05983885770826,4.621825040365984,4.458139853598792,4.251403984740948,3.89067089708295,3.7828925594989564,HALF_HEART
63.65715124402693,58.59612933191451,68.01924933086372,104.27281094876571,177.28391810013935,6.138063005546367,5.919789990068089,5.816229176856491,5.468930879716938,4.851149477362688,HALF_HEART
56.419900003359274,47.62851374633507,56.08226915445479,93.81393226508739,173.38578783156981,4.663242173128358,4.465052616676913,4.250296553340062,3.9954663448363594,3.806789467586458,HALF_HEART
56.2277999336199,53.053218134580455,62.55245366574278,92.3913042749338,175.41365264597786,4.987740756925956,4.8501216632706505,4.59937511752368,4.242639439744005,4.2341887869167945,HALF_HEART
69.81584938550749,59.65511785471995,66.39915933866303,92.68366366413969,170.54091501597333,4.865064891087226,4.564247228444391,4.273786437951631,3.883305568796161,3.9187198275462842,HALF_HEART
70.70539891443597,63.822920481429286,71.3241028738968,98.82479371301037,168.54911316331177,4.84210978754926,4.624185200530513,4.303423213423732,3.9612200732978557,3.916256991782615,HALF_HEART
69.53875621147769,62.02141651616368,70.67472907824718,96.61586713706403,169.04616703987423,4.98269866483116,4.657581190476542,4.449839216038714,4.027129332168056,4.038329098190524,HALF_HEART
62.2799137870521,56.69816547389727,63.53974646073237,96.54333551196102,176.71237011110935,4.868572922022575,4.669187379989709,4.406488770069565,3.9913357828726705,4.244319078633577,HALF_HEART
60.84080979753074,53.55546852338676,63.64810192983979,93.41165292091104,178.0385148134156,4.697433008675357,4.352775507798444,4.021171002739784,3.7517649065089276,4.04249353506969,HALF_HEART
68.09716921995451,55.95088016405896,65.063063621419,94.69764442148397,178.69881118522574,5.3241502070934414,5.051545038708107,4.900015874399943,4.467174752887282,4.0314228836412624,HALF_HEART
77.60947072899174,58.7552260172361,62.10146340613672,95.18483796054329,177.7347147429823,6.206666946394716,5.943700166928781,5.571473548209889,5.297650349522635,4.746709657886516,HALF_HEART
66.68473597366416,55.088711943626684,63.57722532590179,89.92213404622369,179.88242316797053,7.055005939228669,6.850106494760029,6.6693543307751515,6.0742860815365045,5.330916955799105,HALF_HEART
64.74133951569385,57.596271533814765,68.43991248444244,112.18666443879094,178.36951847980646,7.169272701982224,6.722026240401594,6.449283321991406,6.198514562853653,5.978379680412311,HALF_HEART
60.78818458746947,56.78263458597209,63.57409424864604,101.8634854350778,162.2187062807038,5.31802025090032,5.206664994043924,4.7044505894739705,4.377847551196938,4.306659203912853,HALF_HEART
69.9294878095526,59.335416739512375,70.15086749344795,107.33215459405099,167.31922522518366,5.466856064459702,5.201872778051043,4.807705677504839,4.477493933924868,4.327335215891966,HALF_HEART
97.34669123735036,73.15731385999909,80.45205483558853,109.13282059489329,167.83461475560193,4.740018586221591,4.376754339724871,4.125798102413051,3.7567936543388107,3.735356630778862,HALF_HEART
97.05508713838422,76.60852481162341,82.73581258301597,109.6279678742922,164.7931664151043,5.145953547172574,4.836199701781226,4.587664154280697,4.173393594037672,4.177194587343286,HALF_HEART
99.29102886593546,84.4839878016774,91.68996659904035,113.8731937830679,166.4512544626595,4.983310862253585,4.728032106909667,4.463116583249076,4.011907992758257,3.995970159015656,HALF_HEART
103.92461837692967,90.31219259316273,101.25791965792992,129.6696421215243,164.23794853260523,5.963069408969717,5.723418980651237,5.476223008384274,5.01814020734487,4.848898089627082,HALF_HEART
101.69896192473374,88.62053266096423,95.06938754758225,121.16052754184173,162.33072133937938,7.945037928979136,7.820308949164674,7.499631049793592,7.0241021938793144,6.562665889050494,HALF_HEART
178.74229693145205,178.66490747294347,175.2207760424128,173.86115671032454,174.67338295810958,3.8233572460637397,4.090200135704265,3.8176437696738112,3.2755365382837347,2.6012840117300433,STOP
175.9083836837442,179.55543875102757,177.02743691383054,175.21395692802685,176.3637408822513,3.7764525300822025,4.035269664648242,3.790892640461434,3.23283809011162,2.5402119601265967,STOP
176.90218923088685,178.20757347646764,178.348977972703,176.8866273598941,175.74927997141822,3.7163527685703146,3.99733252798474,3.7075931016304753,3.1583193508321634,2.526628738655775,STOP
177.20224441185755,178.50703950605836,178.18301573839878,174.44254947403832,175.5041325007243,4.1878052954850205,4.465825476707427,4.198701492616005,3.6392820062338562,2.988808128907275,STOP
176.42421937691665,178.00941622518934,176.82309128779124,176.09666867719994,176.61526304221124,4.431836632220507,4.505168099566632,4.256214579151639,3.7491990314244936,3.2563522474236835,STOP
174.39090766233357,177.51849273836476,179.60179049019874,179.11679674353002,175.27351467496618,4.550804025268265,4.839568806348848,4.6015165826854405,4.031477349748202,3.2082608085651043,STOP
177.04995194380322,179.0623718241098,177.22724455173477,177.49470137112033,176.61773736646748,3.9139378258377944,4.19852125546,4.00133476575512,3.4254352671159913,2.6526096793898204,STOP
176.43815317193602,178.3483366454593,178.43801934051567,176.62897684523435,179.51296148757808,2.681445518098106,2.874574068334109,2.7197157059473196,2.3270343794217294,1.8182124451646073,STOP
176.1674573080311,177.25305074157782,177.95957700235377,177.9232091373317,179.09106932791866,2.359226197058973,2.5071616394521765,2.379955246828048,2.0239399476213693,1.6092930648704686,STOP
175.47329153790255,177.9321896200587,175.35312362229956,175.39578862475207,178.6710772495437,2.6552368956226506,2.804883261189124,2.6597969333406266,2.2845558255671503,1.8370162437863513,STOP
175.79287637875365,176.43178651097062,179.53568670555526,179.18835757000832,177.62753231098415,1.8186502853331994,1.9405607510286151,1.8220937293942219,1.541260207701294,1.1873128436454685,STOP
178.50472603981544,179.79701214387,177.35860345820774,177.17688531390087,179.71577024271937,2.277123288563722,2.3969296916034053,2.2550934396212936,1.9455466116632583,1.5211521594644886,STOP
174.10688650444143,177.36777540810746,178.311236419216,178.1195346844897,178.19581717289418,2.762543947106149,2.861073067147383,2.649949803996645,2.1897746915104914,1.7509239550389701,STOP
176.31400045141828,177.87106986320003,179.3461745307098,179.02097232534365,177.76032534264726,2.5902175771120826,2.7631196271799445,2.6213484790169574,2.2384210493873233,1.7819184075915568,STOP
176.89656891651867,178.40908034059655,177.04352427467649,177.09133922059485,179.15133819010757,2.9575858125629693,3.0763314235476824,2.8812352509726185,2.519795269430854,2.1944099359341,STOP
175.85836126210904,178.82735294357585,179.73356010864197,177.0017737911654,176.21859519262793,2.970648040025187,3.0996373076637926,2.8447368869746206,2.5045810761400484,2.09692639447774,STOP
176.8102946317748,179.06294067624637,177.362935555979,175.7352858051734,176.7699901673903,2.6212230006984125,2.8160835383608123,2.619265821271149,2.2816042256988167,1.7970212679419213,STOP
179.53742101249023,178.5071018433266,179.90849211502382,178.69829203440133,178.39625754742667,1.9565051037762033,2.1620742570243343,2.042080650596755,1.760419300967889,1.2514937800074308,STOP
176.3017769728107,173.21499115432394,174.79819559327188,176.04157766052975,177.06145910893804,1.759459266066087,1.894594783357463,1.801609908928294,1.5013571384403297,1.0242708787405925,STOP
162.98034100851115,152.88784086248472,156.93719526678515,174.27578365934573,177.56919924820022,1.983880747026093,1.9935481722160089,1.9464719172176999,1.8811911153786032,1.314083220250712,STOP
170.18397997155037,161.18755579721764,167.52529716354834,178.76943487933028,176.23016493991335,2.0086628217342875,1.939559018971565,1.9698849551028632,1.8523800799171481,1.3314275683328338,STOP
179.74689875953916,179.7805366583242,174.2382047582498,174.4744321825069,173.24103366480443,1.8743339079951011,2.016531221117898,1.9245347722582429,1.6730449747833718,1.1796125479586577,STOP
179.15887663137374,177.90927420985085,179.4527333777135,179.57585451565276,173.06554043504653,1.7062261044357638,1.8504442914137555,1.7388272454573395,1.4698860374575027,1.02436729056438,STOP
175.2096566656255,175.83472450314497,179.6118727709008,177.89047270628626,169.4595937573694,1.9711006020106565,1.9730798845126818,1.8977686789283146,1.7112364257756123,1.245769501858418,STOP
172.2053922280382,153.74884923012772,154.833875911996,161.97147012792811,178.57644003310207,2.531311487148142,2.583908829305927,2.5085251265298676,2.4379884049976406,1.9374150767518312,STOP
178.41239626922712,179.22167769594182,179.4456800836616,178.84758560505762,168.96658654392144,1.5508982173577928,1.6483243188297674,1.5390398315088876,1.1580197496916156,0.8549398811861635,STOP
179.94903456538694,179.9357502762149,175.5709753044835,177.27058673872932,179.14891138980528,1.671131745996603,1.7789842633484838,1.6662036639981153,1.4103513490216317,1.0117376133565692,STOP
178.63521176146534,178.31735027712932,179.478298509549,178.34752871094622,176.7138958998989,1.7010198223788977,1.821042126616941,1.7121805838693975,1.458053484066458,1.0707681780108027,STOP
178.53933915451924,179.14887355295807,178.9425753985662,179.150974455553,173.24084439051492,1.7720170348053246,1.8963749296276255,1.7263894008228573,1.501256181278693,1.146319840301418,STOP
178.50522164214695,179.98613231760126,172.5743944979556,174.60160678018346,172.75936810699747,1.9591965420401536,2.003491988126355,1.8277910156111612,1.6721721418444038,1.3051535629996172,STOP
176.30097175745058,179.67596897507954,176.2036995718601,175.19189695185713,174.36620313391586,2.1138101443201993,2.2363684692287897,2.0685129494877823,1.8627922098063299,1.4225694877913246,STOP
177.4471137662889,178.52503033919396,179.0265578372616,176.2358613426935,174.90613674230926,2.028041280945706,2.2149607173878962,2.072361142319767,1.7664044607859652,1.2211778270423164,STOP
179.05898465646433,179.36262367955027,177.18751994963435,177.12493411594664,175.47242829113466,1.8443130016335947,1.9740813792301957,1.845833187048236,1.5861673937097562,1.1686973267107166,STOP
178.00426548727427,179.11532977915562,178.5463014948482,176.4024294105337,172.01872069077513,1.8924067611668736,2.0296392761826016,1.9020552220665594,1.6259920036416005,1.1869859575677182,STOP
178.09202157735348,179.9771088573912,178.09861753468138,177.50955160457232,173.27944994516312,1.9223333691715323,2.063824165471972,1.9422944705752543,1.6727519027243936,1.1956772701257852,STOP
178.9633422920156,179.0635254877654,177.69532061377924,177.76449772991128,173.75941124046682,1.9118689074743689,2.054057657807522,1.9405497941560645,1.6686325606974632,1.1654870108818927,STOP
177.22092596434504,177.69193724211092,177.42495288462908,175.7668482767461,174.92516167699333,1.8890664842845808,2.039597202962001,1.9102190273116653,1.6576827032394064,1.1491360943751405,STOP
176.92605216329864,177.31767039569027,179.65708241713403,178.24160549540414,175.17942036192017,1.9291395877337365,2.075787922342786,1.9568467163638086,1.6913782310925023,1.190353066229413,STOP
176.68503621840313,177.90119000435988,178.5455847934427,176.3226924878344,173.830223284919,1.9297124810687303,2.0601744558425277,1.9415465564004613,1.6839577975325375,1.181905627153224,STOP
178.61263219376517,178.3568979434299,179.0569576797946,178.8286333814569,174.70521727717423,1.827912066495479,1.9752954220785057,1.8260476997139725,1.6078609603140688,1.1299032126973625,STOP
177.09394886046417,177.69113924666047,179.33181915322191,179.91930957103963,170.56945613333417,1.8435273860421852,2.007537985219806,1.8509712127354365,1.6151656472027975,1.1710592143756593,STOP
177.4362721662336,178.48129131499803,178.46345521520684,175.2625725749176,172.91988724029628,1.8922640132416075,2.0233819872960077,1.886136856592945,1.6373834079654264,1.2076239534505615,STOP
176.60764007040652,175.46985781212322,179.51512572197078,176.52652628468928,179.4586717146833,1.8549459482497823,1.9946981484406239,1.8743236730445965,1.633556307292852,1.137098900366944,STOP
177.46999012906088,177.3409458377308,179.5299837554615,178.41844262754876,173.70047248579968,1.882638465617783,2.0486488952929807,1.9081758471189523,1.6574837753932878,1.1161058928925733,STOP
177.00463815647888,178.0339831140309,179.69159669272636,178.39030389694113,173.8760236049672,1.9542603151027966,2.093941103867448,1.958956690564625,1.7051226499456218,1.1647635517406665,STOP
173.92627908108628,176.67858873184895,179.82806904938647,176.16092137934754,175.2613472184497,1.3958496370774107,1.5115555346975929,1.3694525996077356,1.075159828366337,0.8282092118656346,STOP
176.2806590153915,179.31576861623918,176.6889091496791,176.20269576262444,179.55286709622598,2.0053680867548294,2.4948574817358624,2.403529917340037,2.077127617748303,1.3859914191493814,STOP
176.82308202731403,177.13431356779927,179.08290781120425,177.11766705470228,172.94806387845082,1.895018283861832,2.1176850710036903,2.031723044078206,1.7653697081743691,1.126937255927113,STOP
178.08536872854862,178.9689986155203,176.4317406851968,176.06331935967114,172.43755069659016,1.564141682914811,1.7566628688398571,1.662961578380751,1.4054842221727273,1.076870421762741,STOP
179.7912603794962,179.0876396626409,175.94931287771266,175.99445424662605,174.85022675778995,2.0865165288463263,2.294548346564837,2.193704710363807,1.8981032077346274,1.391000027793901,STOP
178.30926847300535,179.82100017610932,176.0084647763054,175.8298768440261,175.78831574506594,2.27402329988597,2.4284895917463016,2.320810521348494,2.0274668837705234,1.4691703448429148,STOP
177.14200772694446,178.1123024739928,176.91999666383344,176.7028783494435,175.81130876388838,1.703589202646621,1.8321093758964748,1.7371730167223176,1.485207979230691,1.0663046674655021,STOP
179.24761087787587,179.61656568229083,176.7860295279167,174.76833160405843,176.23910383385743,1.4944942942623098,1.6229971941260224,1.5314258001979588,1.2890261269752792,0.9228657616657289,STOP
179.31317535571236,179.23446040055862,179.8592855792142,178.04758475867635,167.86870834970793,1.6881457829893636,1.829329999618829,1.7150918346080677,1.4618555730186278,1.0930355475601523,STOP
178.66347109345625,177.9649095525794,175.15152633524525,176.05302114078194,168.64813586116557,1.7629605931738148,1.8868433490813061,1.7922295189895627,1.5635050018474457,1.1304596156314428,STOP
177.08639838052383,175.7762688412291,175.2279331575433,177.13814729689963,169.93693848002775,1.5362285346815165,1.643304569453572,1.555907729573124,1.2984927222390539,1.0187484187760008,STOP
176.9905031394888,178.7985488913744,176.5891637620501,175.3089979589038,174.4567434605507,3.2135101503092782,3.4575473775441785,3.249235962270101,2.8422599041175554,2.0860126120499327,STOP
175.64057955750883,178.4188072569236,177.74947096537457,178.19028282024416,178.79200502960282,2.4047055028426163,2.6052829208493073,2.448531033678684,2.126215605530567,1.529724844440914,STOP
178.2583850686793,179.70986703976908,176.7390759160016,176.32793819909324,174.25452809273193,2.0218248324505947,2.184226574711203,2.066815967775992,1.8131461605492902,1.2964140823991757,STOP
177.95783217223547,178.83374416426298,178.32203351126853,178.29748242071378,172.91054875493873,1.6278675766741943,1.7774429629021329,1.6863842671689804,1.4248775343812379,1.0439106427325289,STOP
178.93119758336414,179.3061558913653,179.37152992715784,177.00026131747757,172.13440944035978,1.6708907042436225,1.798387469857691,1.6821851587275773,1.4168255983511568,1.0689604174687293,STOP
177.42375472029775,178.47304029801876,179.23940626404547,177.21288738960726,172.87492904073648,1.9254329974080377,2.0604240990464397,1.9240728691067912,1.6655359371735072,1.2397160126725435,STOP
176.9722343651594,178.69130948866638,176.05844635795034,176.66171784244295,172.09170471772381,2.3223962815757373,2.480672172973873,2.333898472120488,2.041837762011234,1.5396260381542408,STOP
178.4838812774517,178.93936224431815,175.48814466496748,174.3394574395735,173.21738233073913,2.4448922876751142,2.567365910562405,2.431361190005183,2.123805947940374,1.5981420453858222,STOP
177.84801558275808,179.20369434954816,174.29541300971218,173.21193318218747,175.90164607988677,2.2875041670639473,2.412722940595356,2.2786510917067506,1.98022480320567,1.5098350292587637,STOP
179.2696182644261,179.5358495930544,176.61757482525198,176.14154926935933,176.6909732299439,2.1611618740070115,2.294764587379433,2.1860544126299244,1.8531570787770626,1.4089514972705055,STOP
176.60814687374503,178.5387819921128,177.85396869872133,176.32758570354335,178.75345853438617,2.161064666927068,2.314253935878542,2.1714496915765413,1.8756425993238761,1.4102608911825734,STOP
177.17263100990726,178.92503145341936,176.79714836945357,174.7863988777647,173.82622309596712,2.178469781670786,2.3053128960524414,2.1701377630895946,1.8828652698814514,1.4046646542121122,STOP
178.7140492814376,178.7145058452597,177.52004395638983,176.79805525726007,175.01717484602966,2.192643920765626,2.3364855387672114,2.199991672948279,1.8827577959553166,1.4054702931173768,STOP
177.48863162125102,179.57219903461424,176.7274505951703,175.57475085979905,172.96817444278042,2.1405627867256616,2.276905560893491,2.158125980302067,1.8603058042888587,1.3689324395233293,STOP
177.87728311808533,178.84321611753077,174.98094077878463,173.9344479921408,176.39769530361383,2.1099495605336367,2.2352338680281543,2.1043938535010525,1.8213794698009527,1.3801874453656182,STOP
178.140447540088,179.33585645060447,177.2908413305918,175.0267835877537,178.00173102390357,2.1268883296025898,2.2533553103265977,2.0968137519344108,1.8230531828106973,1.4009181715766421,STOP
178.8250368695395,179.15783488813688,176.77341476644528,175.99909117021767,178.77608132849474,2.132917107649704,2.253844935862305,2.1517751185596827,1.8489812074732839,1.3932992739649022,STOP
177.69849254851593,179.4432778039934,175.83542000068798,174.23351512659667,176.52974055798077,2.175391998009192,2.2984096985989737,2.184559716257503,1.8749035981756268,1.4063928563235775,STOP
178.2090144772326,179.68234771871315,176.36608011288286,175.10903018392176,179.07755890719798,2.2724349133282904,2.410110300331663,2.286319910248321,1.9653615151410841,1.4820315332375975,STOP
179.32271406056444,179.23953673532714,176.2070258429968,174.0753980127205,175.68215034706887,2.346147284733216,2.492033977098867,2.3426179369992317,2.022501185018648,1.5918134685281922,STOP
178.6901162013054,178.66238711996715,175.52802850717987,173.29468704175474,179.01449101957616,2.2366013429211815,2.3628273069346433,2.19930789018319,1.8756992281298706,1.4746325075896825,STOP
179.68548608353498,179.9881621233221,177.39001157674886,174.05422052263998,179.22600936667868,2.2420544887834204,2.3633795928130357,2.2169621453144397,1.88633849074361,1.473827623697605,STOP
178.40180001374858,178.43534512025815,177.23099160311057,174.75709711638405,176.1184377696948,2.191990506215069,2.327742094168706,2.1654828778643544,1.862046355221793,1.5358223579915364,STOP
179.3772420580414,179.50325886939075,176.82076696670993,176.70474245644982,175.70628216483368,2.1865081368844708,2.312534864060065,2.1637104021615268,1.8497097209582718,1.524060579737975,STOP
179.601979009497,178.0450621248978,176.36387676215435,175.47829421870298,177.29767049206325,2.1140715794265263,2.2483530005865466,2.102899003736216,1.7850434873963912,1.4433526309188431,STOP
179.5615012163684,178.6700961371519,177.09204003411034,176.1631055276583,179.36213797115647,2.201480112412783,2.3408889595308344,2.17514145836096,1.8832855749982542,1.5298084126345237,STOP
179.7397125137725,179.1472225599389,175.10419755926952,173.91125730299618,177.05586138200195,2.1550395990795117,2.306571818992663,2.1601535812464903,1.8438138939277529,1.4778895180982001,STOP
179.3185524990195,179.2987987344085,176.98329036469983,175.22868333366867,178.56492608844334,2.162849015582388,2.306843491232415,2.15399980389821,1.8572720525253623,1.4734597961410933,STOP
179.33952513250952,179.70243908367104,177.09202102240639,175.86145829813807,177.15816342291646,2.1634040720049073,2.3114789490071286,2.1451214611831513,1.8348237680142576,1.494062145525502,STOP
178.61527630688235,179.76758848775788,177.3114544706505,175.3105417389472,176.648449410795,2.1660000352917135,2.303901143968171,2.166109163743128,1.840525415511841,1.4804596030578812,STOP
178.83899402270384,179.76651679419206,178.37742913102224,177.51315180874053,178.13129673897294,2.169346725671391,2.280221374627548,2.1400489622521675,1.847448606740217,1.4588233720961454,STOP
178.64806783366168,179.830814658375,177.92239861768067,176.37964404861717,177.00110415663843,2.1324112214799347,2.263898943041554,2.118603647366645,1.8193342173248561,1.392570673615232,STOP
179.27088868607072,179.50518954786736,177.11116689278364,175.33933834942985,174.62429159966533,2.1559908323579298,2.267243426294528,2.1147690108999098,1.8190256934246758,1.436512989440279,STOP
178.74038945773523,179.9130272442634,176.67281097798144,174.74673429187257,176.94638420263308,2.138814217531055,2.260588200349356,2.1310271014762416,1.82938747458497,1.4562549288661724,STOP
179.98263977439802,179.63258846681566,177.23690414014433,175.74629874993505,178.73618960661418,2.1195637684216955,2.2497865643366515,2.1264687399503104,1.8240863116283481,1.4389079441717976,STOP
179.36786667312035,179.90436645430833,176.32658219728154,174.85912069762637,175.1569057586366,2.1337175117398908,2.2664238747204677,2.125503815193553,1.8322939615568354,1.4469347977206117,STOP
179.02114886296422,179.39848107549446,178.43841499404192,175.67386967878556,177.53873521206998,2.1737896837570427,2.2893698963527513,2.1552564622603687,1.8473139591072931,1.460107891651835,STOP
178.1767078049273,179.42303615405208,176.05942119812562,174.35788035690297,179.39643995379146,2.0747497404578517,2.1988137160372943,2.031776669983239,1.7481437131673243,1.4149055202399057,STOP
179.64756311606735,179.77189128667234,176.71160286815103,173.6210213878011,175.731928579213,2.037704777092963,2.1771041730485026,2.0103547146472946,1.7203583623181158,1.3871667163420127,STOP
177.92488968753628,178.5245781127409,175.76962469492767,174.69484696832703,176.23963351603297,2.008504248016065,2.1413744755812,2.0180928667914273,1.704683340445104,1.312781336448584,STOP
179.0990348084842,178.9437314234441,178.3467695974496,175.14583634001252,178.2669679335886,2.3089703463271847,2.484827466155222,2.3546161970810995,2.0310265036709674,1.5367200184265892,STOP
178.8084285820497,178.01159540521454,173.4203868766378,173.88649414859137,179.3098566032373,2.231954323926365,2.382640544170088,2.2133628945455244,1.962956198023877,1.4768313918267137,STOP
179.36918168752524,178.3777853422986,174.47168625948504,173.179142008707,178.20557108972992,2.1575312849166073,2.2839938691694814,2.157742579865861,1.8754258136214177,1.401051839863589,STOP
179.31062721710148,178.42597240702642,175.9356338414739,177.63769555683436,179.99496746225503,2.068073797989362,2.213055861117852,2.0529536330369464,1.78047683691191,1.3886686080338322,STOP
177.72346885795412,177.8380634170253,177.89348987921147,178.89604960326463,176.69115381595276,2.1426268979970278,2.297994427776068,2.1165226947037517,1.850806507258822,1.3449020308974624,STOP
177.52251884835007,177.04188762562222,172.87880544373863,173.57687901860746,166.08730308709215,1.9365821613223448,2.107745455333778,1.9370155907318052,1.6282629992707756,1.058651832847355,STOP
178.20303773982252,178.40780406901766,175.85568319772872,173.97966085111364,175.43766206535585,2.115819769233201,2.2623393355771793,2.127344584291472,1.8442415145403206,1.4039931780600525,STOP
179.04899443834714,179.93981080414682,177.8146215324379,175.94692858369055,179.04464470160963,2.214120812996761,2.360403101804043,2.2177262512907396,1.9298618489679105,1.4414229666348077,STOP
179.7778445271115,179.5689258345909,176.29023830582443,173.18072752550313,173.55683609586697,2.089395269798069,2.2264346353234954,2.100601553806696,1.821666361151274,1.386867309976009,STOP
175.58282252955425,172.79723110272903,172.35593058263186,173.94758687591056,178.22895006150205,3.622398204344371,3.865551855180099,3.6825960996627076,3.312984704680353,2.6568796667779355,STOP
177.66309313689632,178.6766592271349,174.30889804055718,174.3288298893301,178.90786111993188,3.2635247659627287,3.494952238342241,3.266007060766229,2.8570294397037106,2.2218734249785825,STOP
179.93346063864098,177.379036794838,174.91924235481963,174.97495373832191,179.14445663088154,2.554930223820448,2.7248007351525403,2.504768918194415,2.204511809809711,1.7133541411618123,STOP
178.4060827257468,176.6586605882256,173.46727174534362,173.30456661742141,179.09719378238074,2.2273269079102285,2.374661553310427,2.217792678880418,1.9723774599788348,1.5089525227180565,STOP
179.70920222473316,179.86893237480786,175.63271735232402,175.48137290576014,174.98260796339045,2.3778360206494074,2.558236476129796,2.393963548005766,2.054347957755207,1.5150321180826258,STOP
179.0865643391927,178.5509002537439,174.67682723104465,172.01753696314418,177.78428509238879,2.337793452687256,2.4863894064430787,2.3055603664698965,1.9316676885557469,1.5544507231576543,STOP
177.39159107493128,177.62992197374646,174.7393272642601,171.7157680158656,179.25173502026476,2.053877504827712,2.1655777359821884,2.0012342639525764,1.7017962024014968,1.3310272432350625,STOP
176.1192439983414,176.20560682356808,172.8211296480053,171.35515528920916,179.73922911219947,2.3670862872890575,2.5329703240795656,2.36064515382966,2.0487961420686487,1.5726655588115082,STOP
177.9773655872637,179.13112554480247,174.81817476192614,173.69395072842266,179.52007296036928,3.604213558505115,3.824253306365257,3.586199577863754,3.1880617717339153,2.625783671693644,STOP
176.61045735704062,179.5589282341769,176.6006727665761,175.64739614874824,177.37733117840997,3.421099270371758,3.6022837588352985,3.374354981281482,2.9819869861168793,2.455764611221368,STOP
178.04478571070618,177.3892593347562,175.19503431972433,176.1312462994566,177.10504300470944,3.770736421671395,3.938450992511185,3.78692155102774,3.3265908031094362,2.7359280866478004,STOP
178.47189617944102,178.99420680942947,175.0368909026037,174.20452383802666,177.46485611477246,3.537225556966142,3.769815625317127,3.550943959646984,3.1133521432620914,2.476688395132392,STOP
178.1596774819262,179.14120911558678,176.7966028659422,173.6492711440573,179.34394939194038,3.3605548095417226,3.6436424702756085,3.4310138941485846,2.926971487044743,2.25161383297201,STOP
178.08624485324802,179.81928929517883,176.83365358798562,169.55446689794812,171.95540186262446,2.635744940323701,2.931777291186651,2.6721919639762026,2.1551414441632373,1.7161133506348945,STOP
176.92630211530897,176.8500859350679,178.90267200095735,175.58525941351877,172.76984243061872,3.1055825190727107,3.324631966094822,3.224259692789192,2.696476090799357,2.121474612525385,STOP
36.66596421874528,25.049237242136613,13.954021949456862,9.996297691728719,170.2742191081456,1.5318717135062558,1.3286048473140244,1.1833480336724704,1.1052354290549777,2.742911775036753,THUMBS_UP
31.334464387727476,19.728350958635698,9.091782228360561,17.10339254947942,170.05339895330698,1.5554513447898084,1.3392479622765054,1.1890424566205415,1.172110686145286,2.7443207575971025,THUMBS_UP
29.523175313902286,20.061918905123065,9.389234224260285,16.82816466978727,168.92102344025585,1.5865573707255354,1.34283265664845,1.2024453064788525,1.1866521117336597,2.8156375367551068,THUMBS_UP
42.24393904280081,30.11187609653753,17.6608591830335,3.2118653009373754,164.2479350088241,1.3392467598902804,1.0538789724225464,0.8176966901797107,0.6870640775092788,2.6618324476312836,THUMBS_UP
44.233989654126084,34.087434595327,24.391767825707987,12.39128640607971,177.26496041068228,1.1169953699739485,0.7619479416521281,0.4636187135289586,0.2293258135971767,2.543623759164766,THUMBS_UP
61.9382564828573,53.082153962069484,47.53747895966612,11.08449640908021,178.585005194957,1.2342813566959074,0.882072257943506,0.5236058605609961,0.2414310782685559,2.8808257119532352,THUMBS_UP
84.90232757705623,105.79299700045928,110.42397181547885,164.93349079857865,177.5052523360371,1.192414066333136,0.8888442580344376,0.6071652016730579,0.4052722402158472,2.6686098634184465,THUMBS_UP
78.28365490604519,94.02612975343695,101.07319380709085,128.5712117256415,178.2829291391428,1.3242145060554797,1.0096333095040602,0.723740125469848,0.528093641223406,2.80451998414941,THUMBS_UP
68.71031184941447,67.13957388627348,60.88115936153685,49.55856520599878,173.6433583044089,1.152596334570726,0.8364647267837473,0.5241897244933118,0.2200578751169695,2.7005394226710235,THUMBS_UP
47.25496608317559,17.134686085996517,13.450178696160263,9.931182600059302,178.086843901927,0.8896160330348121,0.5700010555683646,0.2190715183466933,0.21630278816327123,2.2405212574859066,THUMBS_UP
52.35873852856298,34.92332921874873,19.89349824228224,5.471253416979604,175.78611243818105,1.2016169933066598,0.892283281322168,0.6111363365011424,0.5033666570998109,2.763148191527528,THUMBS_UP
43.365571436705785,26.34033195000852,12.326106109910826,1.579487453188789,171.77983014473875,1.3983840986374254,1.1144096917894826,0.9558311649200661,0.8509813048878155,2.83725212804922,THUMBS_UP
37.75487582126008,19.740146045861124,5.983462085935888,9.875772337216114,169.3851323272082,1.436060281769223,1.183086467077975,1.0319824506380664,0.9327930354867497,2.582020693672155,THUMBS_UP
46.02264705209523,24.572867809831152,1.1461898341430539,22.956430595122573,165.99861889139248,1.5159716700350787,1.298129120641804,1.2084055116539245,1.070530691480233,2.727434525475518,THUMBS_UP
27.36247786278884,10.766104199608655,7.497559053893768,28.924548636237866,171.48865029205777,1.4665435501623023,1.2891083330564985,1.154239386536153,1.043495883362494,2.6500148496765834,THUMBS_UP
31.670104297814106,7.734735020386364,11.042907896944168,31.42559333506778,179.36325845315653,1.4748724451291435,1.2810434084232676,1.1636954743804186,1.128862306906667,2.7750289629398854,THUMBS_UP
39.67509542422428,26.2503759101112,6.802143923777217,24.162156698359603,178.36627581827267,1.3564393768662033,1.193328765112749,1.0764870071738462,0.9913411499965699,2.5723835900043013,THUMBS_UP
36.85441518818758,20.47043582904296,9.73097780841583,15.81530238249376,174.43517035746532,1.3127860652414767,1.1444418364349953,1.0239185241327904,0.9556746497966764,2.516049463558233,THUMBS_UP
15.01678275273722,6.779338548466482,1.2296604557613742,12.610464657233143,170.44026680506062,0.6983509667587526,0.4620399486271826,0.3512079447815301,0.4944401844762232,1.8837560374301459,THUMBS_UP
41.594092111098206,21.04095920420811,7.080297582101187,6.95135288058774,163.17762632468512,1.313637112356557,0.9877933164609831,0.8505447078644717,0.8215821679567269,2.529169136597687,THUMBS_UP
23.89466270191349,12.509765709204439,1.5773853420017692,10.817873181939648,169.28124534874755,1.294445209560943,1.0573555539477604,0.9519183173412522,0.872669674737666,2.424427557981455,THUMBS_UP
30.024095472181312,19.41177061402791,7.06965351593187,9.678062391947147,169.05128073634705,1.3756518157979505,1.1690748860785662,1.0381668683942442,0.9625172700457204,2.4249480159153416,THUMBS_UP
30.268903202494645,17.791642163180544,3.709536021509086,16.50424797609833,167.43374120068233,1.4309747684886345,1.220981939297499,1.080569263763464,0.9782817573692444,2.5373301361661844,THUMBS_UP
49.75881150505555,28.351067601527486,16.5940353632744,6.390243949001535,169.0887444933326,1.5892499834643543,1.2813179288731014,1.138277138344282,1.0235920767702724,2.6478069003933355,THUMBS_UP
28.140777177589904,15.209547641681956,8.224513887425683,7.5532413933691,162.89025182095546,1.4596561730241804,1.2220398846051692,1.0463821891036618,0.9435531192009038,2.5645296359968186,THUMBS_UP
43.313768561061615,32.813690108183096,21.221399142473402,6.9382708961658865,158.56184679615072,1.3457627845269486,1.0091371405804193,0.7327357765846151,0.5895144597657899,2.5417533101681657,THUMBS_UP
46.959881617663726,36.017648855928904,24.590877110369977,13.626326247481405,176.0557682910545,1.4088435693865633,1.1014230265044525,0.814084768912052,0.6150245301611574,2.7472348157400854,THUMBS_UP
51.376420769293155,34.92929159188458,26.974620344390846,12.14541761990039,173.1146540161323,1.3841347180210022,1.1055380920581326,0.7844264007170317,0.5642976693248888,2.8160688996654675,THUMBS_UP
55.29818062449322,34.645833510294274,22.537515786100823,13.414147414747626,173.5878184322461,1.4472567201051902,1.1792309131216274,0.88207689228541,0.6334641040444287,2.9619208510016293,THUMBS_UP
46.27251919924739,29.993138629280285,20.030528823942465,9.52705542927693,169.73820655021342,1.4458342841976561,1.1722558720737515,0.8666844195680107,0.6396827405297967,2.7484190267132544,THUMBS_UP
54.30249286924709,36.652778902857264,24.383545546127454,16.61503406830131,169.9124812268302,1.4242568842144367,1.1469170350837794,0.8719678376941433,0.6388688419010534,2.8488193583505907,THUMBS_UP
45.06901019288304,26.97347211648512,17.00082902486188,4.930615745307313,172.4386112763938,1.4326736614247289,1.1404580895395058,0.8401272237400773,0.5992345663807976,2.8326070879449943,THUMBS_UP
73.37373139636334,50.35149447179937,38.079931701297255,4.505692568601547,179.7726320084097,1.9576226028568637,1.4904773464298697,1.1661622499206945,0.9873798779023495,3.1722042340997683,THUMBS_UP
62.86934014471304,67.27883259870535,71.98069074279985,139.39027793943467,179.4999143696732,1.3572881935220036,1.006972023533854,0.6486651765390986,0.364909656912861,2.824398426762817,THUMBS_UP
77.98021871294954,59.05917774111618,50.10115325751607,19.8478304593656,179.89861995649707,1.277649435006332,0.9346562693176724,0.5920979551681943,0.2975410891696275,3.009256083536245,THUMBS_UP
81.97053271434247,77.59455109694294,69.37164129036486,42.42437693363916,178.98048966789764,1.1811391167342729,0.8170178295143921,0.4800014277231342,0.25442250222803653,3.001923639923732,THUMBS_UP
78.58468145583731,69.95876756467675,61.40884542564309,38.78714565488313,179.9582286868886,1.0966340038141031,0.7544933214565134,0.3882189301800353,0.14254505505028953,2.81962921225411,THUMBS_UP
50.81446463942363,26.34712006432883,15.932684597467025,2.922087615945992,176.5575140572241,0.901301816859332,0.5721170668537796,0.22367172954347733,0.11300575282286082,2.3544896947596166,THUMBS_UP
176.0644813400546,4.107207769836883,0.5165304253834323,172.0863518624636,175.92654863196807,1.9614154794800411,0.6430566748312577,0.8155198827611115,1.8716866272147954,1.3482023347630832,ROCK_AND_ROLL
175.79983366612805,6.71256717840103,1.494049034488863,170.18164139057313,177.0487525503513,2.106872742929929,0.6785627051184654,0.863775546172323,2.009373411993658,1.4693883052202912,ROCK_AND_ROLL
176.7607517639678,5.09647811739357,1.2865089538227188,177.54233670790703,171.78449988778254,2.0468514501163444,0.48469759398384327,0.7429732680355283,1.8959579705629606,1.3409977829936117,ROCK_AND_ROLL
175.05355186857213,4.7407101839801955,5.860903255042745,173.4046161678801,173.8859668787302,1.9965337281821567,0.6256219429157246,0.7434862384842427,1.8762542965434847,1.3809169888286381,ROCK_AND_ROLL
177.28004387096257,1.8998015678176725,2.9177604202119176,174.54783385949892,177.6179686093122,1.9146260523136274,0.5542291899204418,0.7373480112893246,1.794958364150117,1.2993611075397677,ROCK_AND_ROLL
174.0521973382728,0.5335692464059297,5.553755794456455,171.9806382397473,177.94011534861448,1.997493889964226,0.7540725211521591,0.7955009188737687,1.8763207986990962,1.3813857974127917,ROCK_AND_ROLL
173.52235066442796,1.9529874295949283,3.4534112064819307,173.19229517011195,177.84845994414545,2.270733925376896,0.8250483622029887,0.9383343887395181,2.1615236776508273,1.5863375233069346,ROCK_AND_ROLL
172.32206939143876,0.21216513706499143,6.432318137039266,172.48383690511616,179.30453668813405,2.296878941977654,0.8722506400339267,1.0863674462037773,2.2129471036572217,1.639971804925298,ROCK_AND_ROLL
172.74568111190646,0.16758384430675188,4.0452514889419415,172.67051969498937,178.94594378103702,2.2188332381357214,0.8350235293677858,1.0362527128797758,2.1538082647692227,1.6222651686719283,ROCK_AND_ROLL
173.85608488364107,9.887031039260329,3.8430913956016894,179.97703481802142,177.44750900140727,1.9662810533119208,0.7428791658693028,0.8747215739016855,1.8769100522719995,1.4353065066458712,ROCK_AND_ROLL
176.3413154940449,39.92781273925186,24.317502133767874,169.5118445336866,177.96513886303254,2.086383058895402,0.512679006315318,0.8084561964857305,1.9615874535179534,1.4479568859120537,ROCK_AND_ROLL
173.7272796822681,13.882104341074212,5.403145401456979,178.45875693503513,173.55957713914643,1.8911807387052089,0.5283204082412098,0.7875019933377205,1.760297026826715,1.2868963159310338,ROCK_AND_ROLL
173.33897511876899,2.5514600070744122,1.7948117101822985,173.54671536489093,178.72288845104092,1.9083028152260906,0.6375470418336439,0.7616306066499545,1.7879192224159495,1.3257129156622274,ROCK_AND_ROLL
175.00808117095545,1.493917713640557,5.388685358835167,173.00852448818463,179.91160175861881,1.9625502027774429,0.6697160947409194,0.814148939696347,1.8017448370600757,1.3912424926794995,ROCK_AND_ROLL
177.73073471948223,0.6883322834648339,4.038687798370056,171.22814497335372,176.8012416880863,1.9187158845580121,0.6774530457897266,0.8190322011262622,1.7948745883025976,1.3499306696993616,ROCK_AND_ROLL
179.80097945022922,5.197757085319727,10.41165393255362,177.76279184766395,179.15024528628484,3.8506080154913565,1.598526392948487,1.7984457022660048,3.6912276378966387,2.8683932891544797,ROCK_AND_ROLL
171.90106874216488,0.07819033780197325,10.344306611082319,173.12935484171936,178.665297136245,9.095268288175339,3.559610042890674,4.01706900261388,8.778176766478758,6.921955598108566,ROCK_AND_ROLL
173.57919498038214,5.1586140968773035,9.219078911311815,175.92127508506394,167.0992479924326,2.371214083680428,0.9385655385096091,1.1765371394863964,2.2465771928547937,1.5393278442369875,ROCK_AND_ROLL
174.08392765639366,0.5037406561301929,5.09078843770718,176.60090556091734,158.09431887235922,1.8775214271071385,0.815714663413075,0.8613232925611071,1.6566021583266854,1.102293649751516,ROCK_AND_ROLL
175.51124943678252,1.654527669938966,7.654233890861655,175.32734258621252,160.0904150859956,1.6481733913245857,0.6306239420795022,0.7714110839917103,1.483900715944742,0.9969690297949553,ROCK_AND_ROLL
178.15276137007515,4.914491440632643,9.108401277048113,175.37496792162108,155.5322027436865,1.393540813471622,0.5283710688328307,0.5729779009002921,1.283301949854231,0.847111236630119,ROCK_AND_ROLL
172.4409849119085,2.150976763146761,10.114759028964178,171.09515880400244,171.29449458549024,3.815814389075364,1.587040068209854,1.7777806141863544,3.7267441853424663,2.6042146818194984,ROCK_AND_ROLL
171.53627739852197,0.4085203020728069,4.921217125579949,174.85837471117657,167.46243684994158,2.782428419214926,1.1078172937335184,1.1970009850903591,2.7738382480536954,1.7940629872279683,ROCK_AND_ROLL
173.70983208305339,4.1548687435178415,7.174278403468007,178.55566384153136,173.84394477965307,1.814809538044879,0.6753765424324111,0.789982104732925,1.6601039680389538,1.170672426407308,ROCK_AND_ROLL
174.71341013393825,0.7765354887327072,2.361304319387622,178.16423684106036,176.41275860877167,1.71053317142555,0.6962279823293369,0.7553116965768463,1.5236456066512076,1.1012183714099535,ROCK_AND_ROLL
173.30642119573497,2.2461914874869615,1.0064985238926631,178.5560924191398,179.22283388461565,1.8236897512140895,0.781157479026508,0.8593265547418286,1.7148824376218663,1.1441263423931523,ROCK_AND_ROLL
174.88581679337705,1.0854447953358775,5.437270139740384,178.4005782273704,178.65228949442908,1.871647199582839,0.7665992589790821,0.9268137089025794,1.7621694729630053,1.1977294038910757,ROCK_AND_ROLL
173.56104830171216,2.6999404284810873,8.339604451412633,172.9330919761662,179.01925173885058,2.010931303942199,0.8656244679998252,0.9526477120445019,1.8995085418244166,1.3145923647324806,ROCK_AND_ROLL
172.37762191839963,2.483527029144435,7.788470810578511,171.78667828515313,179.55039626200713,2.041321902329134,0.864495800563305,0.9654538560631637,1.8736697849783073,1.2961476583802356,ROCK_AND_ROLL
174.17303771583892,0.5652377562182958,4.22284012454399,170.0202000703668,167.8591741117189,2.775957957768835,1.051660766662391,1.157325783007175,2.631874094168771,1.9213629813979034,ROCK_AND_ROLL
174.35686597269034,0.7563593789439853,4.4439089347610565,174.34758009029318,175.11271554281439,2.2387908916275685,0.8802108088188333,0.9394430381672281,2.1317056462882458,1.5197748519337653,ROCK_AND_ROLL
176.4433659691221,1.81464409403627,2.806612099858056,176.93280639163518,160.45911004282044,1.7389120696976295,0.6469193508512122,0.694271823343247,1.610925052402165,1.1928447814158447,ROCK_AND_ROLL
176.296971546315,1.5497404317764683,2.2676845283162477,173.71790374814205,177.2644777638658,2.0032758298975137,0.7882808951158278,0.8924330942489698,1.9159765774607866,1.4375212154886574,ROCK_AND_ROLL
176.24583253786366,0.8364261754611032,1.9536209777251259,174.99936411438543,179.58280760245236,2.415476098929751,0.8840438995356159,1.0891534355876602,2.3115825941803796,1.6403684713929876,ROCK_AND_ROLL
176.80721819924037,4.33081870950848,7.615705879937328,173.31818015389902,177.54153565938196,2.0094125323275347,0.7833585870732832,0.917493444339984,1.8517572991590592,1.3574366617155986,ROCK_AND_ROLL
178.05174547195534,34.892117613915424,32.510868753542965,166.70040794071937,165.12294929122908,2.031845897713551,1.0293063069027497,1.0121091341089639,1.8107067812215794,1.006579400078205,ROCK_AND_ROLL
178.27957166443738,0.3705810292479455,2.5698710663419915,176.98086488116417,175.29405207230175,2.2655140004910987,0.9809866088245035,1.0140906152550462,1.7246416566678107,1.4751136751243215,ROCK_AND_ROLL
174.30522171401867,6.835599878512089,12.000287814408143,169.4897148736333,171.5830657880954,1.9965443303663313,0.8222420867962877,0.9382241838103699,1.7807800052090712,1.3076727963567596,ROCK_AND_ROLL
173.73267401125796,13.029336075897643,14.544101308716218,167.4668676553652,165.77852835922275,1.9993914537322452,0.8441618313802882,0.8868192014360677,1.7850664950211994,1.333696733755453,ROCK_AND_ROLL
173.994405683578,9.75819843948264,18.36662154741943,169.57649280473072,178.54742541852323,3.9320996684876044,1.6806431758879568,1.7626500313640998,3.8667363919981077,2.7875642710852597,ROCK_AND_ROLL
174.40544321347195,7.105832970851592,11.083040644347605,177.77556707372347,176.69913335885383,1.770966468065247,0.6939954907821656,0.7666983575882108,1.5918218800895614,1.2322825382707372,ROCK_AND_ROLL
176.92742074416194,8.849710884038148,11.056113585540283,176.29990973912697,172.23258836548112,1.5657851154972664,0.5623549171973845,0.6171754288907944,1.3989432716588572,1.06143971887197,ROCK_AND_ROLL
177.51087825044127,4.176648941731783,7.882472063369373,178.3379963733147,170.87307196441625,1.5067107841499603,0.5025051592000124,0.5918010052740547,1.1582587104829702,0.9964304803577002,ROCK_AND_ROLL
170.42381560750468,2.2947980906946235,12.796220509378074,176.64809293376706,178.89376754788753,2.977995564031481,1.4352335593767835,1.538158769448573,2.965098279955113,2.1605971106638586,ROCK_AND_ROLL
175.40484215707482,9.167765441480277,12.359027916190358,171.84077950475444,163.67262363968635,2.0271657131815997,0.8868031245336584,1.0129956390646855,1.9445383095248083,1.3140183955841604,ROCK_AND_ROLL
179.26637484892453,6.7706420999779615,9.135173850111887,172.0372254374604,160.4083332830855,1.3355043084801432,0.6874355717799624,0.690760494352108,1.3195045035518476,0.8984135463433363,ROCK_AND_ROLL
179.46724492579577,7.975936428803828,14.59944086182944,162.68769110516078,167.54616784201835,2.0397731080985846,0.7631668581419025,0.7716644764623347,2.0079470913689894,1.5308405290384635,ROCK_AND_ROLL
179.14297619612213,7.884056275277755,9.62503464104467,171.13682386635645,171.82225754302274,2.1031157230082647,0.6658627923092367,0.7034705143526943,2.0770411774416617,1.5264089113821095,ROCK_AND_ROLL
176.39257156728314,10.071822417330294,11.351560631758257,172.14745115410597,174.83144792553065,3.658941343636475,1.0225073986960995,1.0508807469822516,3.522403876916787,2.6937879347157514,ROCK_AND_ROLL
177.74962065072572,3.8795325806498058,2.329478700795567,179.02154633337054,179.77966799323448,2.3464734960537452,0.7267488452583696,0.6859803647720415,1.984765787713206,1.6710009354374482,ROCK_AND_ROLL
177.13453821903673,0.04944035988401743,2.346544313416961,174.67541231976926,178.24590926785612,2.333410659071785,0.708595814652386,0.7319986104053986,2.1786392925551796,1.6499036016601656,ROCK_AND_ROLL
177.43133172033518,1.2547576132021248,1.8172462324668341,172.08563557053554,178.705598269357,2.297570931883133,0.6528785499096659,0.6876423684267751,2.093600064851731,1.5930012726406646,ROCK_AND_ROLL
177.98221906678504,0.10256610534957093,1.9445463798574258,174.58861010076126,177.89378341441693,2.230955498875064,0.6457436776048384,0.6618955444090481,2.044946728426723,1.5472134758129286,ROCK_AND_ROLL
179.26273252552144,7.23988916221006,6.210804993633192,173.5181193989558,179.8426707930036,2.038138608210005,0.614467575193422,0.6120262586928757,1.89988080928399,1.4567542703292218,ROCK_AND_ROLL
178.72529978761736,2.9430493118652743,4.045285731921877,171.74724994103727,179.16163623998767,2.085392835880353,0.6109982711209498,0.6307305126887449,1.9168526798152075,1.467947044610007,ROCK_AND_ROLL
179.1620351025828,2.9770492195968252,7.289316969739514,170.6775063615262,175.67275253958752,2.0810925823760478,0.6131573936247522,0.6114243956091684,1.9080634418106401,1.4575506928933843,ROCK_AND_ROLL
179.37284357926626,3.6815606880293252,7.3099214108010875,170.7945727399959,176.51368005673962,2.0798275215824975,0.6275992034970717,0.6281362678709151,1.8886083938502833,1.4632870472959956,ROCK_AND_ROLL
178.88356196332418,2.6538122574133736,3.8772330537977022,170.05315447243476,179.60634758569435,2.0782649043043135,0.6227524632368955,0.6474822844901562,1.9026361884368814,1.4577959512004541,ROCK_AND_ROLL
178.4723888530113,0.49531492510394665,0.884921438438695,172.3524773768362,179.96568408138577,2.0542459013832883,0.6173419237373947,0.6299397696283985,1.8753208690342205,1.431942805692227,ROCK_AND_ROLL
178.2311138821311,0.7747889540466455,1.2273428767103776,172.43389301422394,179.8953531537329,2.0402799801500016,0.5905189129321533,0.6428469688874695,1.8635215148253519,1.4327583871663332,ROCK_AND_ROLL
178.11311672335856,0.9940583937249525,2.215287608375774,173.59522360320483,177.58327129496388,2.0539329636000976,0.5909685304286566,0.6484295337261334,1.8695600928834777,1.420951369008498,ROCK_AND_ROLL
178.37110968579267,1.5105363196117427,0.3484642637064791,173.3293563102266,179.72601081372483,2.037779007309846,0.5915587770881217,0.634007647116134,1.8668085324887551,1.4002113855729208,ROCK_AND_ROLL
174.873541443775,3.0087460478638617,2.314621242250139,174.01255850765816,177.20350440152322,2.7766141865671585,0.8453541329841749,0.8651081485170539,2.659358720583293,2.0001278249763828,ROCK_AND_ROLL
177.11316503534263,1.1420345736785413,1.5890110334777234,173.53225480440707,171.6678351416846,2.442675392540043,0.7254442312484968,0.7479152840621351,2.2839580009594966,1.691621609654646,ROCK_AND_ROLL
176.79325567071274,3.3013577550173774,0.3475845310807275,173.11417864671978,173.13244780849269,2.2180322392063476,0.6392160506267204,0.6739761628664528,2.0649215430035093,1.507680477205472,ROCK_AND_ROLL
176.11063093659828,1.9999969826988155,0.8678539949363199,171.99692163041723,175.04157113228354,3.4552917497674143,1.0234643291854932,1.0038335067042332,3.356832952048962,2.452507860584145,ROCK_AND_ROLL
175.3242707564711,0.5298908697473625,3.026616187973347,170.3482054410334,172.2349559592993,3.052485526011633,0.851468453699301,0.8793062823916553,2.919165637621485,2.1095249561048397,ROCK_AND_ROLL
177.03973759210035,6.267294529516923,6.823891553032579,175.00391030264979,177.85553742826815,1.905709560798997,0.559005651689768,0.5491921475578675,1.7541088536103162,1.3258977004390613,ROCK_AND_ROLL
179.6481582546231,1.4236906883957061,0.3246269338703054,175.92822660405912,165.3081897781406,1.739398312394946,0.49779486322101507,0.5723762068330184,1.5915178213972385,1.1685117423732,ROCK_AND_ROLL
179.76760555613217,6.334143859317172,3.8061002983608025,172.1822037377926,162.68702185312816,2.0854466398003875,0.5858483268498703,0.6071086074209424,1.8259797130995818,1.3399597365315938,ROCK_AND_ROLL
173.75189100749552,1.4494826332058233,7.772866488908613,172.43556388738716,165.9926605588564,3.2168050178934178,1.1852912383526568,1.1652006984616599,3.202157158512741,2.2719714082073716,ROCK_AND_ROLL
178.81800485377175,0.9248854293052148,2.7088733695567853,174.00708727766545,166.37571312202843,1.809506425623216,0.6129488954107707,0.6230452289308771,1.69986908767097,1.2507864608136867,ROCK_AND_ROLL
177.44015656276403,0.6659938322334659,3.902910542300053,170.8334630417776,179.8125190687448,2.3478635223595545,0.7663046530478811,0.740377293035376,2.202959847732424,1.5678763994241516,ROCK_AND_ROLL
174.6732115345983,5.86534030389196,5.308542978020405,176.82881442636875,171.7504204667316,3.001362674972563,0.7530143869786678,0.8114409469344765,2.9529543326868515,2.0235879755698476,ROCK_AND_ROLL
156.65931678825842,134.01501096631964,116.73613918682221,177.89585101373154,178.27300117766922,1.521325764001428,0.36785568040203365,0.38271379524567034,1.7431639508426506,1.3889132762603298,ROCK_AND_ROLL
122.9305235067846,135.57654233901002,114.98958096059536,178.99508154451814,171.70808573607295,0.5786140827049846,0.22650446734496144,0.23529695872526563,1.2922691757188096,0.890249760896896,ROCK_AND_ROLL
60.29534390006458,129.04338387846101,119.9837761286265,175.69504833125472,169.83800464020786,0.7827554600250163,0.34866476573930727,0.32465419366512854,1.3487862390833631,1.0039109356174494,ROCK_AND_ROLL
165.65767267045513,38.87992529485409,17.265736005653018,169.6839202977042,178.69880940682503,2.1081541783197797,0.8683431063163966,0.9196952145665818,2.3072560130019606,1.8206017388792037,ROCK_AND_ROLL
173.6730728601199,1.210810483678482,7.4930549559680655,171.02197672807577,179.14908441494345,2.244193216889762,0.9310607072227008,0.9283849242067832,2.309358602504219,1.7340518904376336,ROCK_AND_ROLL
172.79358167170753,1.5744241052949777,6.977169227013488,172.16049421662112,179.7592934178246,2.246158812645307,0.884248430395425,0.9265590217343999,2.257537787453162,1.6707285648445327,ROCK_AND_ROLL
176.74277564535845,32.42000643575469,25.315490320533176,169.03482257314872,151.54402551774095,1.7367735611586554,0.2809092200742271,0.19499112923050127,1.3073749994397665,0.5452311534847307,ROCK_AND_ROLL
154.27534377526734,162.54296803123395,175.25305126383924,153.5962503054701,107.83045517179883,0.8519085093693426,0.9380406647094548,0.8441471322907959,0.21618039485789578,0.6171632098718258,ROCK_AND_ROLL
